0,"[287, 38, 306, 187, 6, 157, 40, 283, 270, 347, 317, 348, 104, 248, 10, 108, 70, 225, 90, 46, 239, 272, 329, 275, 291, 379, 116, 170, 216, 109, 380, 80, 271, 158, 16, 43, 0, 363, 68, 303, 206, 42, 95, 102, 54, 113, 21, 227, 28, 186, 232, 119, 342, 378, 8, 323, 331, 169, 210, 33, 91, 307, 351, 174, 262, 47, 286, 176, 369, 242, 238, 321, 15, 31, 365, 318, 277, 212, 41, 326, 205, 160, 315, 81, 7, 240, 221, 268, 173, 137, 309, 281, 3, 146, 132, 295, 195, 312, 203, 151, 125, 153, 120, 370, 135, 182, 65, 107, 162, 199, 63, 23, 358, 191, 178, 224, 167, 193, 100, 276, 230, 156, 118, 131, 263, 12, 165, 297, 87, 147, 236, 34, 72, 88, 265, 292, 344, 188, 218, 52, 171, 316, 201, 289, 180, 142, 320, 168, 18, 294, 234, 164, 148, 308, 209, 189, 78, 353, 228, 55, 177, 48, 61, 128, 261, 184, 273, 138, 217, 134, 192, 98, 202, 374, 260, 74, 254, 220, 51, 237, 208, 64, 377, 372, 122, 235, 27, 111, 14, 133, 115, 245]","[276, 231, 361, 172, 104, 321, 121, 118, 314, 289, 203, 122, 9, 230, 41, 189, 79, 123, 372, 252, 228, 130, 345, 250, 235, 333, 305, 316, 156, 324, 249, 117, 18, 311, 0, 290, 346, 212, 76, 244, 124, 368, 43, 93, 293, 110, 168, 218, 128, 284, 362, 98, 111, 183, 39, 179, 61, 349, 254, 222, 66, 166, 280, 136, 255, 219, 227, 245, 381, 207, 173, 89, 144, 291, 371, 69, 63, 149, 322, 356, 378, 340, 373, 192, 283, 256, 52, 160, 112, 301, 206, 184, 141, 132, 153, 304, 134, 114, 83, 45, 223, 50, 143, 51, 157, 81, 242, 239, 337, 169, 332, 71, 264, 138, 8, 187, 352, 360, 150, 46, 82, 215, 145, 294, 80, 65, 272, 323, 15, 258, 59, 29, 103, 53, 107, 318, 350, 214, 125, 238, 277, 105, 20, 306, 267, 354, 62, 3, 177, 330, 317, 265, 377, 190, 182, 344, 194, 376, 370, 37, 97, 234, 181, 47, 161, 165, 58, 101, 84, 167, 275, 320, 268, 380, 159, 16, 72, 259, 335, 363, 2, 286, 44, 40, 191, 288, 220, 60, 365, 152, 247, 302]","[0, 3, 8, 15, 16, 18, 40, 41, 43, 46, 47, 51, 52, 61, 63, 65, 72, 80, 81, 98, 104, 107, 111, 118, 122, 125, 128, 132, 134, 138, 153, 156, 157, 160, 165, 167, 168, 169, 173, 177, 182, 184, 187, 189, 191, 192, 203, 206, 212, 218, 220, 227, 228, 230, 234, 235, 238, 239, 242, 245, 254, 265, 268, 272, 275, 276, 277, 283, 286, 289, 291, 294, 306, 316, 317, 318, 320, 321, 323, 344, 363, 365, 370, 372, 377, 378, 380]"
1,"[193, 154, 84, 174, 329, 152, 246, 307, 227, 320, 114, 52, 111, 19, 54, 335, 98, 192, 95, 100, 338, 171, 146, 370, 237, 195, 141, 28, 126, 199, 333, 184, 15, 34, 70, 317, 66, 83, 198, 204, 87, 55, 160, 249, 48, 252, 236, 259, 324, 262, 293, 138, 172, 315, 50, 164, 149, 225, 302, 175, 214, 75, 26, 248, 349, 292, 22, 150, 208, 51, 207, 88, 67, 133, 280, 117, 91, 311, 145, 178, 221, 190, 123, 105, 187, 346, 203, 89, 342, 355, 374, 139, 109, 86, 196, 222, 266, 282, 353, 29, 124, 373, 181, 314, 93, 118, 60, 326, 134, 49, 290, 261, 321, 299, 328, 279, 35, 235, 158, 116, 3, 348, 113, 120, 61, 156, 115, 183, 197, 308, 352, 379, 330, 356, 140, 14, 155, 65, 267, 45, 167, 360, 247, 286, 90, 364, 101, 301, 218, 62, 245, 325, 377, 215, 334, 229, 59, 194, 68, 270, 42, 202, 347, 40, 217, 73, 30, 9, 226, 238, 72, 53, 76, 103, 234, 272, 359, 213, 323, 8, 380, 291, 17, 322, 230, 275, 74, 169, 366, 168, 125, 11]","[140, 210, 176, 68, 233, 178, 74, 285, 139, 201, 86, 362, 161, 99, 189, 264, 136, 133, 248, 14, 85, 76, 352, 353, 9, 357, 35, 125, 105, 98, 192, 22, 286, 314, 65, 378, 355, 95, 23, 208, 349, 112, 51, 7, 309, 305, 5, 335, 360, 304, 91, 66, 54, 223, 43, 279, 204, 336, 212, 347, 364, 20, 24, 57, 370, 25, 135, 188, 147, 250, 263, 221, 372, 323, 11, 172, 72, 272, 138, 302, 29, 230, 196, 280, 90, 310, 252, 45, 149, 88, 173, 298, 143, 200, 376, 267, 165, 0, 163, 195, 258, 48, 63, 266, 82, 275, 134, 358, 256, 106, 115, 152, 373, 2, 260, 117, 283, 205, 231, 10, 198, 81, 130, 236, 203, 193, 361, 228, 84, 337, 381, 199, 116, 102, 151, 369, 100, 229, 257, 227, 295, 127, 217, 273, 148, 259, 50, 327, 211, 41, 345, 18, 185, 94, 339, 225, 168, 293, 299, 119, 346, 154, 67, 278, 354, 220, 224, 206, 103, 338, 290, 214, 296, 269, 32, 213, 4, 235, 382, 356, 146, 53, 182, 342, 159, 31, 131, 83, 80, 315, 313, 111]","[9, 11, 14, 22, 29, 35, 45, 48, 50, 51, 53, 54, 65, 66, 67, 68, 72, 74, 76, 83, 84, 86, 88, 90, 91, 95, 98, 100, 103, 105, 111, 115, 116, 117, 125, 133, 134, 138, 139, 140, 146, 149, 152, 154, 168, 172, 178, 192, 193, 195, 196, 198, 199, 203, 204, 208, 213, 214, 217, 221, 225, 227, 229, 230, 235, 236, 248, 252, 259, 266, 267, 272, 275, 279, 280, 286, 290, 293, 299, 302, 314, 315, 323, 335, 338, 342, 346, 347, 349, 352, 353, 355, 356, 360, 364, 370, 373]"
2,"[256, 172, 378, 273, 87, 358, 260, 88, 210, 323, 45, 345, 142, 272, 8, 244, 78, 340, 363, 33, 17, 146, 80, 150, 299, 50, 338, 376, 1, 167, 178, 271, 369, 228, 310, 90, 318, 357, 352, 182, 54, 77, 286, 107, 257, 61, 125, 175, 277, 72, 195, 312, 374, 197, 29, 368, 140, 185, 111, 258, 62, 198, 20, 309, 160, 137, 209, 58, 166, 325, 300, 162, 122, 328, 101, 349, 315, 92, 354, 135, 155, 34, 217, 11, 154, 46, 52, 35, 152, 356, 347, 279, 205, 275, 118, 246, 0, 193, 86, 245, 263, 342, 41, 305, 189, 343, 139, 75, 71, 339, 76, 243, 157, 331, 119, 99, 60, 168, 268, 39, 236, 10, 241, 250, 316, 89, 95, 114, 97, 235, 180, 301, 55, 179, 226, 96, 223, 159, 251, 134, 324, 317, 12, 285, 16, 194, 42, 306, 224, 206, 222, 164, 221, 381, 229, 288, 173, 216, 115, 334, 383, 19, 21, 30, 203, 73, 64, 333, 373, 158, 292, 348, 330, 219, 133, 282, 66, 130, 207, 129, 56, 37, 176, 269, 359, 314, 14, 283, 143, 187, 84, 138]","[133, 99, 224, 198, 303, 278, 102, 92, 58, 377, 164, 376, 209, 225, 372, 307, 259, 163, 84, 33, 49, 269, 351, 47, 118, 314, 130, 26, 168, 46, 305, 283, 180, 88, 36, 178, 125, 317, 335, 352, 11, 222, 205, 381, 89, 219, 17, 15, 355, 59, 348, 346, 137, 57, 240, 183, 320, 177, 289, 221, 238, 74, 44, 367, 136, 66, 358, 329, 100, 313, 254, 256, 128, 134, 217, 344, 82, 223, 267, 234, 173, 382, 68, 327, 96, 220, 300, 160, 170, 281, 207, 159, 28, 90, 255, 127, 192, 91, 32, 121, 200, 152, 243, 293, 282, 45, 353, 157, 87, 122, 375, 258, 373, 146, 299, 147, 48, 330, 37, 248, 50, 261, 144, 179, 197, 250, 20, 213, 186, 201, 108, 304, 215, 245, 210, 86, 81, 107, 341, 4, 64, 322, 362, 295, 336, 260, 241, 206, 347, 203, 371, 151, 95, 31, 60, 76, 332, 230, 204, 239, 110, 265, 350, 123, 273, 0, 135, 104, 161, 232, 290, 52, 354, 13, 270, 229, 149, 2, 271, 166, 253, 117, 18, 79, 244, 236, 369, 124, 30, 188, 361, 169]","[0, 11, 17, 20, 30, 33, 37, 45, 46, 50, 52, 58, 60, 64, 66, 76, 84, 86, 87, 88, 89, 90, 92, 95, 96, 99, 107, 118, 122, 125, 130, 133, 134, 135, 137, 146, 152, 157, 159, 160, 164, 166, 168, 173, 178, 179, 180, 197, 198, 203, 205, 206, 207, 209, 210, 217, 219, 221, 222, 223, 224, 229, 236, 241, 243, 244, 245, 250, 256, 258, 260, 269, 271, 273, 282, 283, 299, 300, 305, 314, 317, 330, 347, 348, 352, 354, 358, 369, 373, 376, 381]"
3,"[382, 85, 303, 258, 98, 35, 278, 13, 4, 236, 223, 190, 344, 183, 52, 192, 361, 193, 373, 12, 329, 349, 29, 113, 105, 58, 347, 167, 101, 43, 359, 279, 308, 42, 383, 76, 97, 363, 54, 160, 123, 23, 130, 166, 324, 51, 40, 277, 3, 136, 296, 326, 120, 289, 206, 353, 240, 179, 263, 229, 100, 24, 33, 313, 213, 238, 244, 188, 182, 163, 261, 157, 355, 90, 83, 18, 139, 209, 222, 177, 109, 75, 224, 251, 286, 199, 367, 30, 231, 345, 107, 78, 135, 68, 81, 95, 45, 59, 294, 129, 216, 63, 201, 88, 217, 71, 164, 178, 176, 104, 39, 91, 96, 89, 304, 267, 364, 250, 70, 180, 328, 73, 214, 118, 230, 36, 330, 20, 60, 34, 325, 67, 365, 6, 357, 162, 14, 82, 66, 241, 1, 248, 171, 271, 283, 124, 22, 336, 220, 307, 21, 285, 161, 315, 128, 168, 142, 87, 362, 350, 335, 306, 318, 323, 356, 174, 62, 57, 46, 321, 252, 379, 341, 380, 114, 99, 77, 198, 249, 255, 370, 342, 297, 147, 28, 339, 215, 84, 56, 205, 25, 111]","[197, 305, 268, 219, 263, 288, 111, 336, 206, 310, 265, 33, 15, 196, 332, 235, 231, 5, 301, 352, 105, 361, 252, 166, 174, 246, 327, 173, 270, 50, 54, 297, 95, 104, 276, 284, 372, 132, 222, 162, 155, 236, 70, 308, 0, 326, 215, 311, 369, 46, 316, 67, 185, 356, 131, 21, 373, 82, 383, 87, 260, 293, 349, 159, 244, 98, 13, 192, 45, 156, 37, 160, 8, 254, 317, 251, 58, 121, 258, 77, 354, 157, 378, 298, 169, 51, 90, 113, 97, 324, 127, 331, 42, 107, 359, 230, 123, 240, 103, 180, 382, 62, 149, 323, 333, 364, 182, 100, 11, 115, 75, 55, 101, 175, 322, 35, 271, 76, 66, 83, 321, 81, 362, 199, 374, 295, 24, 267, 184, 334, 253, 353, 168, 249, 120, 247, 225, 32, 285, 2, 207, 339, 303, 17, 299, 256, 29, 216, 188, 325, 161, 208, 309, 229, 245, 31, 202, 91, 153, 218, 233, 25, 53, 274, 60, 338, 34, 172, 320, 351, 232, 47, 195, 130, 116, 167, 125, 377, 350, 187, 315, 226, 200, 223, 6, 273, 376, 191, 189, 264, 73, 134]","[6, 13, 21, 24, 25, 29, 33, 34, 35, 42, 45, 46, 51, 54, 58, 60, 62, 66, 67, 70, 73, 75, 76, 77, 81, 82, 83, 87, 90, 91, 95, 97, 98, 100, 101, 104, 105, 107, 111, 113, 120, 123, 130, 157, 160, 161, 162, 166, 167, 168, 174, 180, 182, 188, 192, 199, 206, 215, 216, 222, 223, 229, 230, 231, 236, 240, 244, 249, 251, 252, 258, 263, 267, 271, 285, 297, 303, 308, 315, 321, 323, 324, 325, 326, 336, 339, 349, 350, 353, 356, 359, 361, 362, 364, 373, 382, 383]"
4,"[331, 282, 212, 254, 225, 163, 306, 199, 381, 180, 374, 123, 67, 259, 230, 36, 182, 93, 22, 170, 347, 107, 223, 65, 273, 269, 84, 303, 89, 165, 152, 62, 88, 24, 321, 295, 2, 286, 330, 203, 211, 338, 304, 317, 205, 272, 51, 335, 175, 85, 207, 142, 346, 319, 37, 373, 127, 357, 239, 283, 379, 376, 281, 16, 140, 109, 227, 214, 356, 189, 171, 274, 66, 129, 174, 246, 98, 311, 29, 367, 300, 48, 350, 83, 25, 50, 252, 340, 226, 248, 328, 245, 349, 378, 344, 69, 256, 144, 162, 267, 8, 202, 243, 185, 26, 265, 122, 372, 61, 332, 264, 310, 375, 38, 95, 322, 247, 289, 20, 361, 176, 362, 137, 341, 87, 305, 302, 354, 104, 183, 260, 119, 249, 231, 238, 263, 31, 353, 188, 352, 380, 145, 181, 228, 257, 149, 314, 73, 364, 382, 197, 299, 179, 206, 232, 196, 358, 124, 44, 339, 333, 97, 236, 351, 222, 154, 139, 138, 285, 168, 147, 90, 49, 360, 134, 369, 216, 359, 291, 105, 35, 271, 59, 96, 184, 3, 240, 365, 1, 103, 164, 337]","[125, 159, 114, 86, 58, 305, 366, 223, 303, 55, 332, 34, 178, 196, 151, 215, 184, 358, 291, 337, 299, 245, 113, 372, 258, 119, 377, 356, 255, 30, 376, 271, 54, 107, 200, 343, 227, 136, 355, 362, 342, 69, 65, 84, 101, 199, 115, 365, 11, 293, 137, 294, 112, 319, 177, 263, 363, 222, 1, 315, 187, 57, 130, 175, 235, 277, 124, 297, 210, 230, 270, 72, 48, 261, 308, 71, 206, 280, 31, 3, 22, 220, 39, 198, 335, 100, 64, 288, 309, 89, 320, 244, 373, 234, 149, 162, 24, 126, 96, 18, 37, 135, 146, 313, 185, 340, 123, 53, 383, 120, 379, 353, 99, 256, 333, 217, 286, 183, 9, 81, 352, 43, 38, 41, 246, 91, 264, 273, 341, 90, 127, 212, 329, 236, 147, 279, 80, 211, 180, 106, 155, 378, 93, 346, 272, 87, 336, 242, 158, 10, 330, 12, 349, 164, 19, 295, 290, 269, 233, 82, 16, 28, 304, 267, 360, 345, 61, 209, 103, 296, 154, 44, 369, 278, 347, 344, 157, 167, 338, 97, 207, 171, 150, 47, 191, 327, 371, 289, 56, 239, 287, 283]","[1, 3, 16, 22, 24, 31, 37, 38, 44, 48, 61, 65, 69, 84, 87, 89, 90, 93, 96, 97, 103, 107, 119, 123, 124, 127, 137, 147, 149, 154, 162, 164, 171, 175, 180, 183, 184, 185, 196, 199, 206, 207, 211, 212, 222, 223, 227, 230, 236, 239, 245, 246, 256, 263, 264, 267, 269, 271, 272, 273, 283, 286, 289, 291, 295, 299, 303, 304, 305, 319, 330, 332, 333, 335, 337, 338, 340, 341, 344, 346, 347, 349, 352, 353, 356, 358, 360, 362, 365, 369, 372, 373, 376, 378, 379]"
5,"[81, 331, 345, 50, 359, 166, 119, 214, 365, 153, 221, 44, 32, 289, 363, 336, 154, 262, 246, 59, 85, 319, 109, 370, 374, 38, 325, 57, 11, 14, 160, 216, 182, 89, 326, 242, 231, 184, 71, 381, 293, 263, 329, 188, 58, 250, 146, 332, 296, 322, 28, 285, 129, 19, 309, 360, 80, 177, 65, 60, 0, 27, 308, 165, 292, 94, 24, 75, 98, 104, 108, 30, 362, 148, 171, 176, 18, 13, 371, 233, 301, 114, 1, 219, 144, 343, 103, 271, 339, 203, 235, 91, 211, 157, 105, 141, 12, 126, 147, 335, 224, 244, 321, 93, 295, 236, 122, 377, 302, 286, 179, 29, 283, 265, 278, 273, 143, 352, 100, 225, 260, 138, 133, 355, 382, 275, 43, 269, 318, 46, 39, 131, 118, 256, 77, 346, 134, 228, 320, 324, 25, 185, 196, 347, 116, 351, 117, 330, 113, 172, 54, 338, 344, 366, 173, 26, 328, 64, 220, 106, 266, 317, 167, 62, 358, 333, 229, 155, 73, 257, 36, 307, 139, 218, 193, 226, 31, 124, 181, 208, 217, 150, 190, 373, 227, 353, 72, 364, 20, 107, 243, 49]","[271, 266, 118, 347, 297, 2, 229, 51, 26, 204, 213, 263, 244, 326, 70, 3, 48, 76, 325, 85, 289, 67, 320, 175, 264, 190, 46, 287, 71, 341, 233, 340, 146, 303, 194, 165, 148, 331, 181, 261, 254, 99, 167, 228, 58, 25, 225, 64, 224, 157, 155, 196, 152, 180, 345, 293, 192, 50, 328, 319, 134, 5, 281, 136, 137, 33, 163, 256, 106, 145, 318, 193, 114, 344, 101, 153, 45, 142, 183, 235, 349, 171, 307, 343, 82, 356, 201, 86, 278, 43, 329, 301, 9, 102, 117, 19, 144, 150, 13, 221, 238, 286, 236, 39, 132, 35, 234, 354, 323, 243, 27, 309, 74, 220, 68, 131, 96, 208, 61, 63, 241, 366, 211, 291, 141, 247, 130, 338, 231, 77, 365, 313, 129, 311, 7, 84, 62, 292, 383, 353, 226, 369, 283, 123, 199, 143, 299, 47, 176, 206, 166, 379, 359, 376, 186, 128, 245, 22, 127, 30, 232, 108, 177, 111, 8, 209, 302, 269, 49, 308, 11, 381, 277, 321, 324, 110, 306, 249, 23, 55, 378, 250, 87, 352, 38, 1, 115, 215, 173, 79, 94, 280]","[1, 11, 13, 19, 25, 26, 27, 30, 38, 39, 43, 46, 49, 50, 58, 62, 64, 71, 77, 85, 94, 106, 108, 114, 117, 118, 129, 131, 134, 141, 143, 144, 146, 148, 150, 153, 155, 157, 165, 166, 167, 171, 173, 176, 177, 181, 190, 193, 196, 208, 211, 220, 221, 224, 225, 226, 228, 229, 231, 233, 235, 236, 243, 244, 250, 256, 263, 266, 269, 271, 278, 283, 286, 289, 292, 293, 301, 302, 307, 308, 309, 318, 319, 320, 321, 324, 325, 326, 328, 329, 331, 338, 343, 344, 345, 347, 352, 353, 359, 365, 366, 381]"
6,"[272, 172, 148, 315, 270, 216, 40, 381, 306, 1, 287, 163, 268, 34, 254, 376, 292, 184, 223, 382, 35, 257, 304, 300, 363, 335, 301, 357, 354, 197, 33, 26, 317, 173, 56, 214, 225, 265, 43, 49, 324, 261, 296, 350, 155, 234, 92, 253, 343, 118, 23, 139, 119, 50, 323, 289, 52, 96, 164, 239, 332, 353, 320, 182, 336, 193, 263, 13, 157, 291, 281, 377, 89, 63, 380, 298, 112, 282, 211, 246, 283, 54, 51, 11, 295, 196, 97, 4, 64, 362, 183, 109, 127, 93, 247, 18, 208, 309, 189, 240, 383, 27, 352, 288, 101, 297, 243, 190, 245, 28, 7, 280, 255, 151, 274, 72, 307, 187, 66, 346, 305, 256, 110, 170, 44, 114, 188, 111, 229, 69, 347, 53, 205, 334, 67, 267, 360, 198, 368, 25, 102, 31, 194, 249, 273, 47, 149, 29, 250, 331, 203, 142, 12, 3, 181, 81, 333, 84, 133, 143, 145, 138, 94, 126, 328, 176, 125, 226, 95, 103, 131, 302, 168, 99, 252, 117, 308, 276, 85, 90, 349, 158, 121, 6, 132, 165, 206, 244, 45, 341, 358, 213]","[134, 230, 376, 56, 301, 364, 285, 54, 320, 131, 199, 190, 16, 195, 368, 143, 283, 72, 27, 151, 304, 260, 338, 373, 288, 52, 45, 312, 218, 194, 74, 191, 67, 53, 278, 216, 79, 11, 63, 22, 116, 181, 220, 127, 170, 235, 6, 244, 207, 47, 322, 71, 2, 158, 294, 139, 256, 284, 161, 251, 263, 138, 204, 7, 160, 357, 172, 309, 275, 270, 226, 19, 236, 267, 281, 252, 184, 361, 342, 102, 121, 192, 175, 83, 29, 268, 340, 238, 115, 350, 264, 332, 271, 35, 224, 315, 325, 129, 243, 70, 250, 380, 142, 148, 179, 104, 265, 188, 23, 329, 185, 245, 358, 248, 58, 96, 69, 75, 328, 51, 114, 78, 34, 341, 180, 327, 206, 94, 249, 61, 241, 135, 91, 189, 313, 21, 381, 305, 355, 379, 92, 106, 119, 209, 298, 360, 111, 17, 363, 40, 221, 273, 174, 77, 99, 212, 223, 133, 300, 155, 259, 86, 339, 145, 289, 84, 282, 123, 26, 318, 14, 337, 136, 55, 303, 239, 326, 147, 31, 258, 38, 291, 10, 89, 144, 122, 154, 5, 33, 173, 32, 65]","[6, 7, 11, 23, 26, 27, 29, 31, 33, 34, 35, 40, 45, 47, 51, 52, 53, 54, 56, 63, 67, 69, 72, 84, 89, 92, 94, 96, 99, 102, 111, 114, 119, 121, 127, 131, 133, 138, 139, 142, 143, 145, 148, 151, 155, 158, 170, 172, 173, 181, 184, 188, 189, 190, 194, 206, 216, 223, 226, 239, 243, 244, 245, 249, 250, 252, 256, 263, 265, 267, 268, 270, 273, 281, 282, 283, 288, 289, 291, 298, 300, 301, 304, 305, 309, 315, 320, 328, 332, 341, 350, 357, 358, 360, 363, 368, 376, 380, 381]"
7,"[247, 267, 222, 258, 376, 288, 68, 14, 261, 69, 188, 6, 216, 92, 21, 264, 131, 241, 294, 23, 163, 321, 115, 200, 135, 226, 356, 169, 322, 103, 55, 304, 355, 99, 344, 167, 184, 63, 80, 171, 81, 117, 315, 335, 123, 252, 373, 66, 352, 46, 320, 59, 143, 24, 53, 34, 161, 10, 332, 35, 278, 297, 137, 76, 250, 50, 361, 71, 185, 183, 147, 195, 311, 32, 151, 330, 164, 280, 107, 11, 206, 271, 221, 277, 263, 25, 77, 130, 181, 295, 180, 128, 156, 104, 73, 13, 266, 142, 229, 158, 85, 298, 286, 114, 383, 150, 27, 187, 89, 41, 331, 381, 28, 190, 236, 60, 363, 314, 369, 111, 165, 122, 245, 375, 108, 144, 232, 129, 93, 227, 4, 225, 339, 175, 38, 12, 290, 84, 287, 336, 39, 242, 19, 62, 52, 3, 120, 285, 155, 246, 382, 253, 121, 96, 193, 209, 351, 113, 243, 97, 7, 16, 148, 196, 308, 95, 372, 65, 15, 57, 350, 40, 274, 328, 152, 300, 219, 205, 360, 154, 0, 182, 136, 323, 119, 364, 31, 284, 160, 177, 54, 149]","[278, 323, 181, 382, 205, 82, 355, 369, 261, 270, 171, 313, 101, 290, 96, 347, 193, 122, 276, 294, 116, 191, 262, 218, 182, 175, 220, 293, 183, 86, 166, 15, 139, 381, 306, 76, 114, 57, 56, 344, 17, 189, 359, 129, 100, 308, 282, 326, 237, 254, 304, 98, 170, 132, 35, 324, 223, 150, 372, 214, 71, 1, 331, 287, 317, 70, 197, 362, 80, 296, 13, 146, 28, 23, 66, 8, 203, 348, 199, 319, 184, 345, 265, 110, 190, 84, 141, 281, 272, 89, 32, 333, 248, 332, 176, 162, 299, 204, 283, 273, 81, 226, 108, 289, 126, 201, 18, 314, 143, 77, 219, 370, 275, 47, 264, 377, 149, 61, 97, 337, 2, 72, 164, 212, 353, 221, 206, 5, 53, 24, 45, 37, 113, 250, 119, 186, 354, 318, 187, 309, 125, 329, 41, 75, 174, 316, 383, 49, 295, 68, 157, 301, 234, 328, 62, 247, 33, 346, 249, 83, 364, 64, 121, 232, 85, 161, 256, 131, 320, 154, 4, 7, 236, 233, 202, 54, 142, 222, 106, 224, 31, 325, 292, 19, 128, 103, 349, 118, 156, 63, 153, 74]","[4, 7, 13, 15, 19, 23, 24, 28, 31, 32, 35, 41, 53, 54, 57, 62, 63, 66, 68, 71, 76, 77, 80, 81, 84, 85, 89, 96, 97, 103, 108, 113, 114, 119, 121, 122, 128, 129, 131, 142, 143, 149, 150, 154, 156, 161, 164, 171, 175, 181, 182, 183, 184, 187, 190, 193, 205, 206, 219, 221, 222, 226, 232, 236, 247, 250, 261, 264, 278, 287, 290, 294, 295, 304, 308, 314, 320, 323, 328, 331, 332, 344, 355, 364, 369, 372, 381, 382, 383]"
8,"[25, 375, 181, 53, 83, 197, 378, 69, 28, 381, 271, 138, 202, 109, 284, 111, 67, 4, 84, 72, 344, 50, 236, 155, 163, 41, 19, 232, 231, 233, 261, 5, 325, 61, 373, 359, 298, 57, 239, 40, 8, 283, 75, 330, 81, 204, 91, 196, 329, 90, 211, 43, 115, 45, 268, 165, 134, 310, 333, 93, 108, 371, 358, 162, 222, 92, 177, 76, 291, 332, 278, 78, 279, 207, 342, 101, 103, 256, 341, 33, 227, 380, 116, 253, 42, 348, 29, 213, 198, 331, 179, 167, 372, 228, 285, 240, 258, 216, 192, 354, 190, 275, 273, 135, 286, 215, 102, 46, 38, 225, 140, 56, 156, 218, 55, 367, 191, 64, 343, 47, 141, 349, 174, 10, 113, 68, 327, 183, 337, 95, 114, 314, 176, 345, 201, 300, 146, 175, 288, 323, 79, 27, 335, 209, 316, 193, 147, 351, 77, 340, 230, 383, 24, 22, 127, 39, 376, 368, 185, 307, 318, 264, 277, 334, 18, 70, 352, 30, 282, 355, 272, 21, 269, 287, 252, 9, 88, 154, 159, 36, 235, 129, 241, 234, 170, 374, 220, 20, 58, 107, 152, 143]","[191, 253, 24, 359, 301, 20, 36, 201, 271, 100, 167, 107, 202, 243, 90, 341, 360, 152, 297, 250, 31, 222, 219, 99, 190, 340, 236, 61, 178, 204, 154, 264, 32, 239, 315, 47, 157, 73, 79, 318, 23, 77, 200, 378, 176, 263, 358, 12, 93, 199, 149, 106, 38, 88, 368, 276, 137, 321, 41, 183, 132, 194, 192, 237, 89, 180, 300, 35, 266, 364, 92, 350, 241, 247, 67, 68, 376, 319, 288, 354, 362, 231, 249, 227, 369, 349, 58, 230, 131, 273, 213, 232, 145, 294, 379, 173, 21, 313, 212, 26, 7, 189, 151, 115, 163, 172, 371, 272, 80, 62, 150, 298, 193, 311, 370, 218, 40, 3, 208, 133, 197, 110, 380, 257, 28, 147, 293, 299, 181, 228, 186, 0, 320, 240, 235, 103, 332, 382, 337, 225, 39, 84, 329, 259, 120, 233, 357, 334, 274, 128, 109, 348, 114, 238, 221, 331, 217, 223, 245, 339, 336, 347, 27, 162, 307, 155, 30, 101, 254, 37, 256, 117, 59, 344, 281, 46, 267, 302, 252, 72, 124, 251, 203, 98, 346, 96, 76, 10, 375, 139, 262, 146]","[10, 20, 21, 24, 27, 28, 30, 36, 38, 39, 40, 41, 46, 47, 58, 61, 67, 68, 72, 76, 77, 79, 84, 88, 90, 92, 93, 101, 103, 107, 109, 114, 115, 146, 147, 152, 154, 155, 162, 163, 167, 176, 181, 183, 190, 191, 192, 193, 197, 201, 202, 204, 213, 218, 222, 225, 227, 228, 230, 231, 232, 233, 235, 236, 239, 240, 241, 252, 253, 256, 264, 271, 272, 273, 288, 298, 300, 307, 318, 329, 331, 332, 334, 337, 340, 341, 344, 348, 349, 354, 358, 359, 368, 371, 375, 376, 378, 380]"
9,"[69, 17, 119, 138, 81, 127, 292, 244, 168, 14, 350, 24, 131, 321, 314, 23, 330, 259, 258, 281, 309, 162, 91, 98, 272, 364, 76, 340, 207, 217, 170, 223, 56, 5, 70, 26, 97, 307, 0, 36, 82, 279, 18, 256, 240, 277, 48, 220, 108, 62, 328, 142, 126, 247, 135, 290, 189, 197, 336, 61, 266, 250, 370, 196, 333, 22, 194, 172, 175, 327, 141, 236, 51, 58, 246, 41, 335, 227, 252, 267, 180, 204, 367, 129, 211, 295, 270, 74, 203, 188, 46, 139, 316, 378, 8, 366, 310, 349, 195, 269, 248, 339, 116, 332, 193, 318, 113, 148, 275, 372, 109, 107, 100, 354, 153, 10, 63, 33, 163, 183, 133, 57, 363, 120, 341, 136, 311, 206, 198, 238, 347, 282, 373, 360, 351, 87, 67, 150, 185, 106, 233, 337, 371, 274, 308, 205, 343, 224, 355, 43, 245, 208, 21, 312, 306, 42, 20, 215, 288, 379, 85, 66, 241, 209, 261, 284, 166, 11, 152, 47, 356, 271, 202, 99, 237, 112, 313, 128, 44, 278, 342, 181, 219, 173, 263, 235, 302, 89, 111, 305, 287, 16]","[314, 144, 373, 262, 2, 346, 170, 121, 294, 148, 333, 231, 348, 64, 276, 228, 310, 297, 329, 79, 285, 67, 312, 86, 143, 209, 23, 122, 279, 306, 193, 243, 307, 134, 140, 299, 157, 37, 260, 287, 9, 26, 164, 334, 230, 117, 341, 125, 263, 183, 371, 80, 358, 265, 350, 4, 17, 102, 129, 139, 232, 374, 171, 42, 336, 217, 126, 377, 58, 185, 38, 82, 107, 210, 12, 48, 115, 245, 337, 95, 104, 204, 264, 381, 252, 237, 253, 244, 223, 45, 229, 182, 240, 110, 357, 328, 161, 325, 345, 8, 269, 116, 367, 200, 92, 212, 99, 191, 88, 218, 20, 214, 174, 227, 305, 159, 318, 71, 41, 331, 10, 156, 59, 147, 192, 47, 39, 271, 111, 363, 354, 272, 34, 332, 278, 61, 330, 368, 29, 62, 222, 145, 135, 216, 295, 247, 124, 283, 323, 199, 27, 18, 246, 118, 3, 101, 150, 128, 97, 259, 89, 56, 181, 167, 100, 292, 241, 298, 83, 316, 327, 94, 284, 225, 73, 267, 11, 235, 35, 60, 370, 5, 84, 355, 153, 236, 239, 173, 166, 311, 69, 254]","[5, 8, 10, 11, 17, 18, 20, 23, 26, 41, 42, 47, 48, 56, 58, 61, 62, 67, 69, 82, 89, 97, 99, 100, 107, 111, 116, 126, 128, 129, 135, 139, 148, 150, 153, 166, 170, 173, 181, 183, 185, 193, 204, 209, 217, 223, 227, 235, 236, 237, 240, 241, 244, 245, 246, 247, 252, 259, 263, 267, 269, 271, 272, 278, 279, 284, 287, 292, 295, 305, 306, 307, 310, 311, 312, 314, 316, 318, 327, 328, 330, 332, 333, 336, 337, 341, 350, 354, 355, 363, 367, 370, 371, 373]"
10,"[371, 30, 82, 383, 184, 361, 187, 23, 195, 19, 90, 253, 225, 209, 379, 5, 287, 145, 154, 29, 321, 95, 237, 106, 238, 46, 291, 65, 226, 333, 98, 339, 139, 16, 208, 163, 96, 284, 107, 268, 306, 72, 364, 165, 155, 174, 300, 216, 1, 355, 373, 334, 22, 325, 298, 335, 190, 354, 134, 48, 283, 83, 204, 142, 348, 295, 223, 144, 374, 120, 171, 345, 12, 249, 229, 282, 315, 327, 326, 212, 127, 215, 40, 222, 86, 357, 20, 32, 286, 140, 108, 211, 281, 159, 35, 219, 309, 175, 129, 360, 0, 104, 118, 113, 43, 307, 147, 299, 344, 124, 198, 103, 228, 296, 323, 176, 340, 381, 285, 261, 111, 122, 221, 146, 272, 73, 9, 251, 84, 178, 363, 186, 312, 199, 4, 121, 280, 352, 317, 116, 126, 380, 110, 368, 63, 85, 274, 263, 74, 76, 80, 254, 166, 125, 53, 370, 214, 338, 289, 33, 313, 148, 56, 15, 217, 311, 167, 260, 359, 318, 322, 59, 55, 3, 180, 193, 100, 331, 123, 69, 79, 137, 200, 210, 310, 91, 97, 157, 367, 149, 376, 293]","[40, 229, 365, 223, 325, 36, 182, 301, 358, 66, 251, 213, 88, 98, 127, 102, 15, 167, 347, 338, 134, 186, 289, 137, 259, 200, 233, 201, 335, 133, 234, 139, 28, 293, 363, 162, 11, 308, 185, 340, 250, 204, 313, 25, 193, 381, 9, 176, 116, 175, 230, 280, 117, 93, 1, 35, 269, 58, 377, 216, 34, 45, 375, 329, 195, 2, 32, 4, 24, 315, 168, 109, 123, 217, 232, 294, 73, 112, 353, 165, 303, 273, 87, 220, 309, 222, 218, 149, 258, 288, 235, 318, 284, 241, 153, 164, 51, 368, 29, 321, 276, 147, 110, 351, 376, 299, 383, 319, 270, 124, 378, 53, 7, 89, 158, 140, 143, 248, 104, 10, 256, 105, 166, 312, 142, 304, 70, 278, 226, 183, 364, 81, 342, 344, 224, 330, 64, 97, 3, 76, 382, 19, 324, 190, 196, 331, 150, 173, 103, 316, 191, 371, 156, 286, 161, 43, 50, 266, 172, 302, 349, 221, 92, 154, 336, 268, 254, 219, 71, 136, 78, 290, 198, 247, 345, 296, 326, 79, 57, 49, 320, 47, 210, 192, 255, 236, 159, 152, 314, 341, 300, 16]","[1, 3, 4, 9, 15, 16, 19, 29, 32, 35, 40, 43, 53, 73, 76, 79, 97, 98, 103, 104, 110, 116, 123, 124, 127, 134, 137, 139, 140, 142, 147, 149, 154, 159, 165, 166, 167, 175, 176, 186, 190, 193, 195, 198, 200, 204, 210, 216, 217, 219, 221, 222, 223, 226, 229, 251, 254, 268, 280, 284, 286, 289, 293, 296, 299, 300, 309, 312, 313, 315, 318, 321, 325, 326, 331, 335, 338, 340, 344, 345, 363, 364, 368, 371, 376, 381, 383]"
11,"[276, 73, 202, 318, 108, 131, 379, 200, 57, 102, 365, 251, 383, 381, 4, 362, 281, 306, 119, 325, 357, 265, 82, 96, 28, 168, 258, 218, 209, 270, 376, 136, 107, 174, 191, 6, 35, 79, 267, 46, 303, 15, 16, 378, 177, 178, 236, 13, 269, 291, 101, 175, 260, 141, 235, 329, 87, 76, 53, 132, 88, 205, 63, 187, 322, 50, 171, 41, 185, 138, 359, 373, 313, 77, 158, 289, 215, 246, 5, 372, 335, 282, 233, 65, 317, 112, 69, 26, 154, 316, 9, 17, 198, 58, 90, 234, 146, 143, 30, 290, 95, 43, 117, 346, 31, 197, 332, 68, 264, 206, 72, 298, 274, 374, 99, 170, 116, 3, 207, 21, 139, 279, 311, 242, 156, 92, 52, 39, 40, 176, 256, 356, 309, 210, 248, 344, 324, 261, 243, 0, 7, 297, 125, 34, 305, 288, 10, 283, 295, 127, 232, 350, 353, 129, 369, 326, 245, 208, 149, 120, 126, 162, 247, 239, 268, 111, 337, 250, 189, 38, 130, 89, 377, 45, 345, 280, 190, 169, 121, 186, 263, 308, 300, 336, 42, 231, 382, 24, 310, 167, 262, 331]","[234, 225, 268, 34, 185, 159, 177, 301, 1, 293, 195, 128, 229, 316, 370, 74, 28, 31, 277, 302, 308, 47, 21, 333, 199, 146, 169, 88, 176, 108, 124, 105, 78, 201, 290, 350, 147, 341, 186, 228, 25, 323, 172, 42, 111, 345, 377, 50, 192, 96, 179, 24, 318, 181, 279, 231, 348, 29, 136, 352, 33, 115, 46, 204, 68, 313, 250, 266, 92, 183, 69, 83, 349, 156, 326, 174, 7, 298, 294, 232, 245, 138, 299, 288, 260, 197, 344, 219, 286, 335, 206, 164, 357, 241, 209, 56, 104, 271, 43, 93, 3, 60, 362, 53, 247, 353, 144, 36, 103, 38, 107, 188, 0, 140, 365, 142, 139, 161, 227, 30, 73, 217, 267, 218, 259, 101, 310, 143, 262, 118, 2, 40, 67, 113, 205, 324, 207, 196, 379, 291, 157, 282, 343, 66, 263, 72, 336, 37, 165, 280, 233, 237, 375, 167, 216, 257, 226, 84, 61, 321, 275, 238, 168, 269, 332, 320, 300, 48, 265, 243, 10, 223, 235, 158, 327, 312, 331, 160, 373, 272, 351, 314, 123, 361, 76, 11, 311, 109, 77, 325, 22, 305]","[0, 3, 7, 10, 21, 24, 28, 30, 31, 34, 38, 40, 42, 43, 46, 50, 53, 68, 69, 72, 73, 76, 77, 88, 92, 96, 101, 107, 108, 111, 136, 138, 139, 143, 146, 156, 158, 167, 168, 169, 174, 176, 177, 185, 186, 197, 205, 206, 207, 209, 218, 231, 232, 233, 234, 235, 243, 245, 247, 250, 260, 262, 263, 265, 267, 268, 269, 279, 280, 282, 288, 290, 291, 298, 300, 305, 308, 310, 311, 313, 316, 318, 324, 325, 326, 331, 332, 335, 336, 344, 345, 350, 353, 357, 362, 365, 373, 377, 379]"
12,"[128, 62, 76, 99, 361, 5, 233, 84, 321, 282, 168, 307, 206, 139, 31, 42, 186, 354, 277, 15, 49, 57, 289, 147, 232, 70, 261, 327, 159, 24, 259, 65, 235, 9, 347, 187, 356, 22, 260, 329, 369, 16, 100, 0, 373, 27, 283, 207, 60, 23, 300, 25, 368, 195, 4, 101, 123, 367, 359, 108, 32, 40, 94, 73, 253, 272, 268, 220, 157, 267, 117, 255, 241, 333, 224, 103, 254, 208, 173, 85, 217, 248, 311, 66, 230, 330, 374, 296, 181, 169, 72, 179, 238, 316, 212, 269, 335, 214, 82, 14, 293, 104, 363, 183, 80, 352, 33, 17, 68, 353, 273, 78, 305, 39, 299, 318, 258, 265, 41, 21, 121, 304, 196, 328, 263, 1, 337, 110, 357, 140, 75, 171, 366, 46, 156, 116, 158, 245, 161, 199, 317, 95, 362, 322, 297, 227, 133, 144, 262, 182, 225, 323, 236, 325, 310, 280, 291, 249, 308, 309, 124, 10, 287, 98, 28, 320, 38, 79, 219, 71, 275, 74, 89, 380, 301, 112, 29, 48, 340, 370, 378, 332, 319, 155, 3, 52, 292, 176, 358, 88, 312, 360]","[366, 308, 54, 81, 11, 107, 201, 129, 21, 155, 195, 174, 271, 70, 178, 8, 182, 250, 159, 68, 114, 277, 327, 194, 207, 45, 183, 119, 314, 381, 377, 33, 136, 215, 383, 218, 2, 380, 108, 123, 305, 112, 303, 47, 290, 72, 58, 259, 343, 336, 330, 365, 79, 59, 52, 243, 238, 130, 368, 27, 173, 223, 213, 143, 184, 242, 255, 35, 362, 244, 249, 147, 197, 94, 262, 200, 39, 124, 145, 370, 298, 204, 186, 357, 211, 224, 24, 42, 56, 374, 17, 246, 71, 30, 118, 291, 320, 364, 338, 44, 176, 334, 18, 275, 131, 328, 126, 270, 356, 304, 352, 32, 168, 117, 75, 329, 266, 324, 254, 373, 337, 346, 376, 284, 111, 133, 361, 55, 103, 339, 321, 382, 141, 354, 347, 323, 265, 104, 116, 233, 162, 315, 61, 239, 166, 212, 172, 253, 137, 132, 10, 154, 115, 210, 231, 264, 193, 74, 139, 23, 252, 90, 20, 31, 209, 185, 267, 256, 14, 230, 85, 219, 96, 222, 6, 89, 175, 128, 332, 49, 25, 351, 292, 73, 62, 109, 134, 331, 285, 37, 120, 278]","[10, 14, 17, 21, 23, 24, 25, 27, 31, 32, 33, 39, 42, 49, 52, 62, 68, 70, 71, 72, 73, 74, 75, 79, 85, 89, 94, 103, 104, 108, 112, 116, 117, 123, 124, 128, 133, 139, 147, 155, 159, 168, 173, 176, 182, 183, 186, 195, 207, 212, 219, 224, 230, 233, 238, 249, 253, 254, 255, 259, 262, 265, 267, 275, 277, 291, 292, 304, 305, 308, 320, 321, 323, 327, 328, 329, 330, 332, 337, 347, 352, 354, 356, 357, 361, 362, 366, 368, 370, 373, 374, 380]"
13,"[91, 9, 101, 201, 258, 138, 225, 169, 85, 288, 303, 382, 347, 281, 223, 243, 375, 129, 269, 319, 314, 21, 272, 350, 250, 358, 55, 143, 128, 152, 280, 271, 115, 3, 142, 251, 4, 108, 130, 46, 38, 219, 246, 47, 240, 181, 127, 277, 317, 274, 305, 144, 231, 343, 110, 107, 192, 28, 6, 210, 34, 96, 324, 366, 171, 289, 99, 98, 239, 359, 32, 36, 76, 222, 11, 194, 156, 182, 276, 204, 126, 10, 312, 267, 125, 196, 195, 68, 236, 282, 8, 362, 379, 249, 208, 176, 73, 42, 370, 234, 224, 72, 331, 29, 118, 26, 89, 41, 17, 363, 141, 48, 220, 81, 87, 294, 380, 244, 299, 283, 79, 92, 189, 218, 71, 147, 113, 102, 62, 191, 376, 105, 83, 16, 13, 164, 135, 166, 86, 132, 270, 341, 35, 15, 198, 203, 65, 63, 54, 172, 56, 348, 292, 321, 199, 33, 354, 297, 190, 237, 40, 184, 123, 106, 369, 149, 45, 259, 217, 202, 162, 352, 221, 2, 100, 349, 273, 336, 338, 140, 175, 381, 84, 148, 120, 367, 88, 308, 59, 334, 211, 323]","[192, 178, 96, 337, 54, 86, 266, 200, 294, 25, 76, 11, 81, 185, 90, 382, 286, 318, 135, 179, 59, 290, 251, 184, 4, 128, 330, 102, 88, 118, 346, 68, 285, 107, 83, 99, 207, 154, 203, 287, 124, 238, 354, 150, 219, 106, 145, 196, 342, 29, 201, 153, 66, 61, 199, 60, 194, 310, 212, 350, 293, 123, 175, 121, 173, 41, 349, 69, 309, 269, 7, 333, 84, 204, 100, 28, 137, 239, 95, 14, 108, 347, 191, 254, 255, 306, 331, 292, 127, 93, 180, 89, 131, 33, 327, 235, 75, 377, 256, 82, 111, 335, 325, 280, 6, 289, 159, 265, 139, 301, 190, 32, 46, 119, 133, 158, 189, 332, 363, 58, 213, 186, 348, 232, 77, 164, 155, 20, 144, 245, 30, 52, 1, 240, 355, 297, 375, 181, 73, 15, 267, 222, 24, 116, 169, 147, 312, 247, 43, 311, 151, 3, 358, 379, 141, 16, 262, 161, 345, 359, 225, 209, 263, 67, 94, 277, 326, 234, 319, 120, 259, 272, 27, 2, 112, 366, 283, 282, 320, 176, 351, 260, 165, 70, 197, 371, 317, 47, 44, 334, 383, 278]","[2, 3, 4, 6, 11, 15, 16, 28, 29, 32, 33, 41, 46, 47, 54, 59, 68, 73, 76, 81, 83, 84, 86, 88, 89, 96, 99, 100, 102, 106, 107, 108, 118, 120, 123, 127, 128, 135, 141, 144, 147, 164, 169, 175, 176, 181, 184, 189, 190, 191, 192, 194, 196, 199, 201, 203, 204, 219, 222, 225, 234, 239, 240, 251, 259, 267, 269, 272, 277, 280, 282, 283, 289, 292, 294, 297, 312, 317, 319, 331, 334, 347, 348, 349, 350, 354, 358, 359, 363, 366, 375, 379, 382]"
14,"[232, 185, 234, 38, 372, 380, 99, 42, 3, 263, 90, 51, 212, 177, 105, 83, 320, 116, 117, 19, 351, 271, 239, 53, 24, 331, 145, 279, 15, 98, 153, 287, 17, 341, 110, 278, 66, 182, 286, 31, 173, 332, 141, 349, 104, 62, 134, 300, 262, 288, 213, 169, 126, 10, 0, 322, 74, 23, 356, 298, 103, 114, 319, 93, 124, 246, 270, 95, 18, 132, 266, 237, 88, 294, 47, 265, 238, 192, 302, 326, 29, 257, 45, 254, 201, 155, 361, 314, 71, 225, 338, 358, 44, 305, 25, 111, 195, 309, 299, 293, 11, 375, 383, 112, 186, 296, 235, 333, 138, 348, 60, 377, 129, 324, 323, 166, 242, 184, 130, 160, 353, 1, 367, 165, 121, 70, 69, 337, 146, 57, 258, 308, 136, 297, 97, 374, 317, 92, 135, 249, 168, 336, 137, 68, 312, 171, 311, 183, 330, 13, 230, 334, 220, 9, 255, 261, 118, 108, 80, 256, 164, 216, 291, 140, 228, 82, 325, 244, 210, 321, 148, 187, 87, 328, 211, 63, 283, 247, 158, 119, 272, 245, 221, 55, 350, 241, 379, 159, 167, 268, 363, 373]","[201, 52, 82, 207, 373, 130, 177, 339, 109, 190, 138, 23, 282, 279, 180, 273, 328, 11, 100, 336, 145, 277, 104, 45, 383, 299, 192, 144, 323, 87, 54, 33, 366, 302, 296, 90, 329, 315, 197, 24, 135, 244, 293, 283, 369, 110, 251, 239, 57, 208, 171, 254, 170, 154, 47, 253, 77, 325, 97, 290, 382, 44, 237, 206, 346, 182, 123, 203, 169, 68, 332, 172, 308, 41, 159, 272, 155, 137, 134, 43, 275, 34, 228, 67, 25, 184, 247, 62, 36, 309, 210, 380, 286, 269, 31, 9, 320, 350, 260, 318, 128, 71, 117, 291, 56, 261, 295, 142, 238, 276, 227, 334, 287, 63, 13, 4, 285, 268, 212, 356, 370, 220, 95, 226, 151, 148, 300, 26, 218, 204, 105, 234, 51, 267, 338, 248, 28, 359, 157, 351, 27, 114, 86, 331, 249, 305, 83, 147, 194, 131, 0, 94, 150, 265, 55, 379, 107, 284, 240, 367, 188, 347, 166, 250, 126, 230, 196, 140, 255, 280, 223, 189, 112, 53, 50, 116, 289, 354, 193, 378, 281, 270, 301, 232, 143, 7, 75, 92, 371, 10, 376, 98]","[0, 9, 10, 11, 13, 23, 24, 25, 31, 44, 45, 47, 51, 53, 55, 57, 62, 63, 68, 71, 82, 83, 87, 90, 92, 95, 97, 98, 104, 105, 110, 112, 114, 116, 117, 126, 130, 134, 135, 137, 138, 140, 145, 148, 155, 159, 166, 169, 171, 177, 182, 184, 192, 201, 210, 212, 220, 228, 230, 232, 234, 237, 238, 239, 244, 247, 249, 254, 255, 261, 265, 268, 270, 272, 279, 283, 286, 287, 291, 293, 296, 299, 300, 302, 305, 308, 309, 320, 323, 325, 328, 331, 332, 334, 336, 338, 350, 351, 356, 367, 373, 379, 380, 383]"
15,"[167, 357, 163, 269, 50, 11, 143, 227, 92, 286, 308, 67, 38, 310, 341, 28, 340, 7, 91, 246, 155, 383, 223, 145, 64, 158, 226, 307, 25, 280, 153, 305, 201, 99, 283, 314, 13, 18, 70, 214, 291, 14, 190, 156, 218, 39, 204, 266, 109, 323, 136, 93, 216, 359, 345, 19, 44, 55, 292, 262, 193, 30, 333, 114, 83, 240, 181, 176, 361, 188, 275, 317, 212, 259, 267, 133, 49, 356, 238, 344, 342, 278, 346, 301, 128, 248, 118, 106, 129, 185, 363, 72, 271, 78, 32, 289, 242, 9, 324, 237, 43, 90, 104, 195, 34, 152, 86, 94, 264, 371, 263, 364, 35, 76, 182, 102, 279, 375, 197, 2, 297, 377, 108, 144, 88, 73, 103, 368, 222, 274, 22, 281, 252, 270, 367, 183, 327, 365, 85, 338, 200, 330, 74, 381, 312, 315, 261, 358, 29, 276, 233, 161, 232, 194, 207, 202, 157, 231, 151, 174, 355, 302, 12, 343, 265, 277, 273, 125, 290, 81, 322, 27, 3, 23, 53, 319, 150, 215, 111, 372, 299, 59, 10, 260, 311, 244, 121, 123, 16, 169, 154, 138]","[382, 134, 253, 47, 95, 137, 45, 203, 378, 350, 132, 116, 41, 71, 270, 98, 159, 374, 44, 197, 90, 51, 355, 74, 236, 324, 0, 135, 269, 335, 338, 118, 295, 315, 314, 100, 340, 372, 358, 310, 112, 67, 215, 176, 84, 188, 161, 142, 227, 354, 38, 376, 107, 274, 331, 351, 147, 264, 167, 58, 177, 198, 46, 204, 353, 86, 217, 327, 330, 262, 292, 195, 286, 88, 326, 119, 124, 219, 281, 170, 79, 109, 225, 294, 113, 275, 272, 252, 173, 19, 185, 53, 334, 156, 22, 337, 367, 24, 136, 298, 304, 49, 308, 153, 233, 11, 32, 311, 322, 307, 364, 229, 243, 105, 133, 213, 383, 224, 287, 29, 261, 75, 285, 180, 293, 184, 276, 35, 237, 3, 299, 214, 130, 300, 126, 33, 288, 160, 99, 151, 375, 182, 94, 305, 181, 108, 101, 174, 63, 306, 27, 380, 234, 121, 114, 110, 368, 246, 211, 254, 342, 20, 56, 10, 265, 297, 279, 125, 332, 85, 193, 39, 117, 343, 202, 166, 320, 122, 186, 123, 149, 250, 347, 222, 357, 30, 80, 373, 28, 42, 89, 362]","[3, 10, 11, 19, 22, 27, 28, 29, 30, 32, 35, 38, 39, 44, 49, 53, 67, 74, 85, 86, 88, 90, 94, 99, 108, 109, 114, 118, 121, 123, 125, 133, 136, 151, 153, 156, 161, 167, 174, 176, 181, 182, 185, 188, 193, 195, 197, 202, 204, 214, 215, 222, 227, 233, 237, 246, 252, 261, 262, 264, 265, 269, 270, 274, 275, 276, 279, 281, 286, 292, 297, 299, 305, 307, 308, 310, 311, 314, 315, 322, 324, 327, 330, 338, 340, 342, 343, 355, 357, 358, 364, 367, 368, 372, 375, 383]"
16,"[40, 76, 194, 246, 306, 58, 350, 300, 234, 29, 6, 210, 85, 252, 136, 34, 214, 283, 291, 142, 294, 370, 244, 285, 66, 150, 46, 364, 83, 160, 88, 117, 202, 141, 102, 263, 365, 176, 197, 223, 18, 366, 220, 120, 19, 208, 317, 195, 79, 89, 50, 213, 382, 10, 51, 123, 264, 104, 346, 114, 249, 354, 44, 55, 15, 186, 373, 353, 165, 232, 127, 327, 56, 65, 259, 32, 315, 207, 316, 328, 352, 185, 149, 361, 276, 152, 7, 376, 91, 178, 284, 218, 174, 355, 275, 241, 381, 339, 343, 237, 336, 129, 108, 289, 139, 324, 337, 182, 45, 159, 177, 286, 179, 242, 351, 95, 49, 307, 99, 277, 334, 271, 313, 21, 135, 3, 295, 107, 162, 72, 279, 363, 305, 229, 184, 318, 360, 383, 226, 52, 131, 57, 235, 181, 60, 282, 262, 14, 199, 2, 106, 118, 338, 90, 140, 96, 340, 319, 222, 125, 341, 1, 54, 41, 42, 4, 250, 26, 245, 73, 156, 231, 23, 310, 151, 94, 296, 372, 281, 255, 309, 260, 298, 304, 335, 62, 53, 274, 9, 148, 349, 161]","[47, 209, 30, 141, 327, 320, 382, 294, 151, 220, 138, 341, 4, 63, 247, 94, 108, 374, 21, 81, 146, 229, 23, 318, 211, 93, 102, 364, 268, 26, 323, 256, 170, 40, 128, 301, 343, 221, 230, 154, 272, 274, 344, 261, 355, 11, 117, 291, 189, 77, 333, 45, 225, 84, 5, 334, 336, 28, 362, 110, 287, 20, 143, 91, 290, 15, 164, 232, 258, 315, 228, 44, 322, 7, 351, 246, 72, 304, 9, 169, 66, 242, 352, 326, 160, 18, 250, 255, 150, 135, 348, 85, 224, 184, 281, 33, 381, 65, 79, 356, 194, 0, 302, 75, 131, 31, 38, 378, 263, 92, 203, 248, 192, 120, 276, 96, 198, 147, 118, 46, 174, 312, 24, 186, 233, 282, 64, 349, 158, 70, 82, 338, 314, 196, 71, 245, 208, 310, 57, 80, 50, 123, 369, 244, 339, 34, 207, 161, 367, 60, 195, 41, 101, 59, 188, 277, 2, 36, 105, 199, 73, 32, 306, 332, 69, 176, 115, 122, 226, 130, 42, 259, 153, 43, 206, 137, 168, 213, 288, 67, 126, 109, 251, 197, 321, 316, 16, 76, 296, 270, 12, 98]","[2, 4, 7, 9, 15, 18, 21, 23, 26, 32, 34, 40, 41, 42, 44, 45, 46, 50, 57, 60, 65, 66, 72, 73, 76, 79, 85, 91, 94, 96, 102, 108, 117, 118, 120, 123, 131, 135, 141, 150, 151, 160, 161, 174, 176, 184, 186, 194, 195, 197, 199, 207, 208, 213, 220, 226, 229, 232, 242, 244, 245, 246, 250, 255, 259, 263, 274, 276, 277, 281, 282, 291, 294, 296, 304, 306, 310, 315, 316, 318, 327, 334, 336, 338, 339, 341, 343, 349, 351, 352, 355, 364, 381, 382]"
17,"[62, 141, 139, 343, 337, 127, 105, 203, 212, 145, 186, 269, 20, 324, 321, 234, 248, 78, 167, 179, 85, 350, 22, 278, 326, 2, 376, 96, 101, 298, 188, 171, 238, 309, 306, 286, 67, 262, 84, 261, 373, 338, 168, 303, 287, 331, 240, 292, 216, 28, 352, 156, 249, 163, 215, 111, 118, 11, 92, 267, 335, 270, 266, 143, 54, 122, 5, 13, 180, 53, 159, 110, 290, 356, 206, 263, 9, 228, 320, 138, 73, 339, 288, 192, 239, 4, 46, 369, 208, 169, 332, 375, 366, 345, 344, 202, 257, 35, 365, 177, 341, 285, 16, 162, 26, 357, 349, 157, 340, 29, 189, 224, 144, 71, 25, 38, 207, 364, 256, 279, 367, 318, 75, 218, 165, 182, 355, 378, 160, 114, 293, 77, 37, 194, 289, 198, 374, 381, 247, 79, 348, 90, 242, 313, 106, 133, 221, 222, 371, 23, 119, 294, 82, 284, 253, 268, 229, 220, 241, 116, 322, 94, 231, 217, 183, 130, 61, 55, 254, 255, 57, 99, 40, 314, 277, 97, 172, 115, 377, 59, 227, 236, 39, 211, 80, 43, 58, 197, 195, 129, 370, 65]","[104, 296, 35, 8, 2, 200, 31, 122, 102, 39, 161, 322, 176, 312, 71, 92, 357, 381, 295, 383, 300, 37, 108, 367, 14, 74, 340, 192, 349, 379, 148, 22, 320, 268, 65, 270, 183, 139, 69, 265, 291, 119, 63, 275, 126, 55, 376, 106, 164, 292, 271, 133, 224, 218, 305, 72, 50, 41, 32, 9, 352, 141, 259, 294, 368, 167, 123, 67, 374, 162, 316, 354, 29, 97, 293, 89, 220, 339, 58, 308, 223, 226, 143, 356, 227, 77, 264, 210, 283, 61, 333, 172, 364, 129, 254, 346, 101, 140, 80, 244, 196, 310, 120, 341, 42, 257, 165, 279, 211, 323, 324, 82, 11, 56, 233, 125, 256, 152, 243, 198, 365, 93, 303, 353, 351, 280, 160, 203, 306, 43, 284, 344, 274, 85, 21, 328, 128, 146, 4, 240, 358, 59, 345, 302, 73, 382, 20, 241, 168, 26, 347, 109, 193, 313, 90, 215, 30, 202, 212, 278, 138, 17, 228, 285, 321, 273, 131, 124, 103, 309, 369, 378, 214, 150, 330, 38, 105, 60, 149, 156, 48, 62, 84, 311, 86, 66, 64, 51, 3, 336, 151, 319]","[2, 4, 9, 11, 20, 22, 26, 29, 35, 37, 38, 39, 43, 55, 58, 59, 61, 62, 65, 67, 71, 73, 77, 80, 82, 84, 85, 90, 92, 97, 101, 105, 106, 119, 122, 129, 133, 138, 139, 141, 143, 156, 160, 162, 165, 167, 168, 172, 183, 192, 198, 202, 203, 211, 212, 215, 218, 220, 224, 227, 228, 240, 241, 254, 256, 257, 268, 270, 278, 279, 284, 285, 292, 293, 294, 303, 306, 309, 313, 320, 321, 322, 324, 339, 340, 341, 344, 345, 349, 352, 356, 357, 364, 365, 367, 369, 374, 376, 378, 381]"
18,"[121, 104, 92, 201, 112, 17, 264, 297, 237, 236, 188, 192, 89, 319, 239, 162, 97, 79, 55, 381, 138, 150, 133, 129, 324, 281, 224, 141, 168, 225, 330, 216, 180, 25, 234, 173, 134, 259, 368, 377, 110, 83, 130, 120, 344, 274, 81, 373, 361, 261, 21, 325, 41, 160, 212, 305, 341, 85, 73, 144, 233, 170, 241, 54, 304, 293, 334, 184, 78, 35, 207, 328, 48, 2, 43, 154, 195, 255, 269, 280, 285, 42, 153, 70, 67, 256, 128, 378, 7, 244, 332, 57, 74, 302, 8, 98, 77, 30, 375, 61, 247, 12, 292, 99, 275, 254, 206, 145, 301, 383, 52, 140, 15, 311, 158, 177, 296, 11, 203, 208, 310, 174, 367, 114, 182, 4, 350, 50, 32, 376, 163, 90, 220, 326, 283, 369, 286, 60, 231, 352, 338, 288, 209, 124, 88, 379, 194, 215, 39, 198, 69, 374, 308, 287, 151, 33, 135, 164, 235, 346, 71, 345, 75, 316, 300, 178, 101, 357, 307, 155, 343, 223, 148, 36, 183, 356, 349, 322, 380, 94, 230, 65, 337, 186, 210, 26, 23, 219, 10, 96, 51, 327]","[287, 348, 192, 273, 349, 103, 293, 306, 227, 210, 153, 275, 96, 174, 154, 110, 382, 351, 193, 322, 297, 99, 177, 38, 336, 325, 258, 252, 354, 113, 47, 213, 300, 33, 187, 284, 327, 53, 190, 218, 189, 178, 262, 77, 29, 145, 339, 208, 55, 274, 264, 87, 142, 376, 201, 261, 18, 353, 74, 188, 380, 98, 345, 299, 25, 39, 57, 246, 12, 247, 111, 100, 369, 104, 170, 302, 15, 71, 23, 167, 21, 82, 156, 144, 109, 221, 186, 125, 151, 295, 24, 132, 270, 42, 202, 342, 317, 232, 286, 337, 223, 272, 374, 338, 291, 101, 133, 30, 139, 135, 146, 67, 134, 254, 196, 54, 341, 45, 84, 97, 166, 301, 269, 95, 175, 211, 136, 37, 214, 78, 120, 279, 138, 181, 49, 282, 2, 290, 370, 73, 260, 89, 150, 105, 198, 194, 137, 363, 307, 364, 357, 85, 226, 346, 294, 61, 14, 360, 280, 0, 4, 358, 355, 124, 324, 158, 231, 205, 257, 66, 56, 26, 383, 69, 32, 184, 373, 328, 235, 371, 375, 289, 323, 310, 352, 244, 206, 117, 35, 34, 22, 316]","[2, 4, 12, 15, 21, 23, 25, 26, 30, 32, 33, 35, 39, 42, 54, 55, 57, 61, 67, 69, 71, 73, 74, 77, 78, 85, 89, 96, 97, 98, 99, 101, 104, 110, 120, 124, 133, 134, 135, 138, 144, 145, 150, 151, 153, 154, 158, 170, 174, 177, 178, 184, 186, 188, 192, 194, 198, 201, 206, 208, 210, 223, 231, 235, 244, 247, 254, 261, 264, 269, 274, 275, 280, 286, 287, 293, 297, 300, 301, 302, 307, 310, 316, 322, 324, 325, 327, 328, 337, 338, 341, 345, 346, 349, 352, 357, 369, 373, 374, 375, 376, 380, 383]"
19,"[96, 173, 349, 239, 307, 374, 11, 216, 333, 235, 282, 187, 62, 211, 185, 21, 371, 233, 259, 67, 278, 58, 0, 198, 8, 329, 209, 237, 88, 73, 124, 316, 158, 248, 184, 380, 358, 106, 104, 78, 377, 305, 121, 376, 309, 212, 95, 115, 127, 285, 151, 221, 139, 243, 346, 22, 57, 372, 368, 249, 274, 365, 318, 265, 219, 64, 224, 200, 92, 266, 63, 97, 99, 246, 213, 47, 181, 306, 363, 119, 17, 135, 327, 205, 143, 321, 252, 163, 317, 65, 150, 5, 31, 39, 228, 23, 174, 10, 128, 4, 169, 242, 352, 234, 33, 146, 260, 347, 225, 87, 226, 18, 167, 15, 85, 103, 74, 133, 20, 120, 75, 86, 61, 83, 280, 12, 172, 258, 52, 367, 204, 114, 230, 56, 240, 269, 24, 326, 116, 263, 281, 175, 355, 27, 154, 296, 364, 299, 341, 164, 201, 334, 137, 55, 301, 361, 193, 379, 319, 113, 344, 110, 42, 191, 102, 381, 311, 131, 277, 276, 13, 287, 130, 232, 313, 262, 208, 1, 190, 84, 159, 80, 192, 199, 25, 375, 322, 148, 323, 314, 125, 105]","[254, 10, 299, 196, 193, 334, 311, 225, 179, 31, 315, 133, 190, 306, 101, 218, 332, 197, 217, 59, 368, 275, 223, 210, 243, 175, 194, 267, 374, 333, 269, 120, 77, 170, 157, 357, 117, 304, 50, 171, 44, 314, 142, 226, 340, 278, 321, 352, 282, 80, 320, 209, 208, 38, 261, 74, 123, 289, 4, 373, 356, 212, 287, 305, 97, 100, 312, 69, 27, 76, 40, 379, 7, 381, 234, 127, 291, 82, 49, 216, 378, 274, 239, 177, 99, 349, 96, 15, 366, 244, 132, 172, 253, 241, 134, 365, 257, 18, 126, 51, 139, 370, 124, 297, 165, 41, 342, 247, 176, 317, 35, 164, 263, 55, 93, 131, 322, 350, 343, 94, 54, 280, 24, 71, 21, 73, 167, 26, 115, 214, 240, 34, 377, 383, 360, 294, 363, 146, 0, 238, 159, 354, 135, 380, 252, 277, 174, 222, 8, 85, 90, 181, 361, 1, 65, 104, 250, 323, 318, 188, 351, 25, 329, 9, 155, 259, 307, 242, 229, 230, 83, 48, 200, 310, 189, 205, 236, 288, 246, 338, 260, 309, 178, 129, 151, 16, 336, 358, 183, 137, 204, 228]","[0, 1, 4, 8, 10, 15, 18, 21, 24, 25, 27, 31, 55, 65, 73, 74, 80, 83, 85, 96, 97, 99, 104, 115, 120, 124, 127, 131, 133, 135, 137, 139, 146, 151, 159, 164, 167, 172, 174, 175, 181, 190, 193, 200, 204, 205, 208, 209, 212, 216, 225, 226, 228, 230, 234, 239, 240, 242, 243, 246, 252, 259, 260, 263, 269, 274, 277, 278, 280, 282, 287, 299, 305, 306, 307, 309, 311, 314, 317, 318, 321, 322, 323, 329, 333, 334, 349, 352, 358, 361, 363, 365, 368, 374, 377, 379, 380, 381]"
20,"[336, 16, 275, 362, 35, 310, 56, 196, 52, 137, 162, 366, 302, 173, 3, 21, 13, 329, 119, 217, 313, 206, 17, 251, 229, 344, 185, 50, 67, 158, 26, 195, 176, 299, 360, 100, 235, 365, 239, 89, 286, 84, 193, 306, 208, 127, 103, 88, 209, 117, 308, 38, 282, 248, 212, 249, 254, 355, 12, 219, 374, 166, 233, 102, 266, 191, 129, 69, 335, 288, 153, 155, 232, 0, 350, 371, 54, 378, 80, 211, 222, 179, 112, 334, 353, 43, 320, 317, 231, 225, 110, 264, 19, 115, 161, 316, 271, 292, 304, 82, 94, 338, 125, 190, 252, 341, 143, 381, 228, 181, 221, 301, 93, 77, 363, 240, 296, 124, 199, 8, 9, 376, 11, 177, 92, 224, 247, 207, 63, 280, 269, 81, 319, 97, 327, 315, 22, 44, 377, 71, 14, 15, 370, 47, 295, 216, 244, 10, 59, 243, 180, 303, 184, 27, 85, 294, 168, 297, 256, 164, 40, 265, 104, 159, 68, 311, 183, 72, 189, 364, 192, 170, 64, 253, 356, 60, 114, 324, 30, 75, 20, 144, 48, 123, 349, 200, 361, 215, 51, 375, 122, 373]","[338, 372, 5, 38, 15, 344, 337, 251, 88, 329, 302, 241, 247, 207, 197, 378, 308, 61, 168, 3, 290, 284, 228, 119, 265, 180, 97, 35, 151, 82, 66, 141, 313, 259, 136, 103, 25, 48, 252, 300, 194, 379, 166, 54, 229, 153, 221, 149, 129, 113, 81, 335, 270, 148, 87, 90, 368, 169, 297, 172, 331, 135, 138, 123, 271, 95, 142, 170, 41, 274, 124, 324, 125, 163, 150, 52, 370, 369, 231, 120, 199, 109, 31, 202, 341, 191, 73, 121, 40, 315, 347, 327, 298, 44, 110, 227, 321, 78, 200, 325, 64, 80, 244, 101, 36, 245, 293, 216, 363, 218, 268, 115, 99, 225, 332, 294, 255, 160, 21, 352, 305, 14, 261, 175, 351, 249, 281, 84, 358, 146, 181, 140, 299, 174, 222, 162, 246, 367, 287, 91, 126, 76, 224, 100, 285, 319, 45, 117, 353, 219, 118, 70, 19, 195, 382, 339, 173, 2, 310, 111, 277, 33, 248, 236, 301, 322, 18, 190, 346, 193, 47, 342, 340, 39, 69, 235, 211, 258, 105, 32, 23, 57, 143, 288, 309, 380, 212, 1, 323, 171, 184, 278]","[3, 14, 15, 19, 21, 35, 38, 40, 44, 47, 48, 52, 54, 64, 69, 80, 81, 82, 84, 88, 97, 100, 103, 110, 115, 117, 119, 123, 124, 125, 129, 143, 153, 162, 166, 168, 170, 173, 180, 181, 184, 190, 191, 193, 195, 199, 200, 207, 211, 212, 216, 219, 221, 222, 224, 225, 228, 229, 231, 235, 244, 247, 248, 249, 251, 252, 265, 271, 288, 294, 297, 299, 301, 302, 308, 310, 313, 315, 319, 324, 327, 329, 335, 338, 341, 344, 353, 363, 370, 378]"
21,"[354, 357, 95, 333, 177, 312, 93, 88, 311, 105, 211, 310, 259, 70, 322, 290, 235, 188, 353, 370, 343, 284, 215, 262, 361, 359, 323, 115, 165, 237, 60, 207, 128, 264, 224, 171, 120, 83, 94, 288, 212, 156, 344, 58, 21, 168, 13, 295, 150, 170, 85, 216, 38, 123, 42, 114, 125, 0, 278, 369, 159, 151, 197, 122, 252, 336, 348, 358, 269, 297, 271, 126, 45, 47, 108, 82, 22, 25, 285, 29, 334, 263, 209, 317, 100, 337, 279, 35, 356, 296, 72, 143, 56, 217, 142, 266, 374, 233, 302, 251, 52, 54, 306, 136, 39, 131, 78, 48, 244, 338, 158, 240, 17, 381, 12, 162, 345, 129, 243, 18, 360, 133, 148, 192, 272, 152, 270, 169, 81, 378, 223, 8, 187, 301, 324, 154, 113, 249, 376, 199, 124, 137, 174, 186, 40, 55, 92, 130, 200, 219, 253, 117, 261, 79, 218, 185, 196, 298, 109, 127, 330, 331, 4, 382, 46, 326, 347, 134, 98, 234, 77, 6, 2, 228, 31, 66, 189, 286, 346, 232, 318, 198, 383, 14, 273, 265, 225, 121, 147, 340, 20, 37]","[153, 358, 223, 219, 251, 71, 77, 193, 163, 360, 362, 100, 135, 87, 314, 183, 108, 335, 3, 145, 21, 125, 350, 43, 278, 36, 68, 318, 373, 60, 191, 290, 173, 372, 194, 48, 181, 256, 129, 171, 221, 321, 381, 31, 215, 291, 311, 126, 170, 0, 32, 45, 115, 378, 327, 376, 226, 13, 230, 367, 190, 20, 133, 312, 271, 253, 222, 162, 185, 156, 299, 334, 189, 88, 217, 164, 89, 30, 233, 257, 33, 12, 357, 11, 17, 340, 195, 315, 225, 130, 374, 286, 199, 28, 313, 49, 119, 78, 67, 151, 244, 237, 341, 34, 208, 141, 2, 343, 160, 263, 298, 255, 228, 96, 23, 338, 116, 359, 179, 169, 110, 275, 254, 216, 243, 250, 201, 323, 186, 214, 269, 103, 142, 73, 280, 249, 301, 287, 349, 317, 114, 220, 24, 344, 94, 161, 207, 8, 236, 303, 377, 352, 57, 128, 172, 319, 297, 75, 204, 328, 146, 149, 95, 307, 5, 356, 258, 106, 1, 192, 74, 42, 54, 44, 102, 264, 353, 265, 368, 196, 98, 152, 58, 346, 241, 209, 40, 81, 52, 76, 330, 231]","[0, 2, 8, 12, 13, 17, 20, 21, 31, 40, 42, 45, 48, 52, 54, 58, 60, 77, 78, 81, 88, 94, 95, 98, 100, 108, 114, 115, 125, 126, 128, 129, 130, 133, 142, 151, 152, 156, 162, 169, 170, 171, 185, 186, 189, 192, 196, 199, 207, 209, 215, 216, 217, 219, 223, 225, 228, 233, 237, 243, 244, 249, 251, 253, 263, 264, 265, 269, 271, 278, 286, 290, 297, 298, 301, 311, 312, 317, 318, 323, 330, 334, 338, 340, 343, 344, 346, 353, 356, 357, 358, 359, 360, 374, 376, 378, 381]"
22,"[49, 178, 313, 71, 378, 371, 160, 12, 249, 322, 48, 276, 139, 256, 16, 112, 268, 152, 157, 173, 383, 376, 145, 34, 174, 60, 320, 33, 333, 140, 346, 97, 13, 62, 165, 134, 188, 293, 36, 192, 330, 44, 84, 258, 291, 344, 182, 126, 364, 201, 339, 251, 94, 298, 200, 352, 224, 64, 23, 181, 142, 155, 366, 351, 42, 338, 325, 46, 41, 79, 257, 223, 136, 235, 233, 358, 32, 227, 280, 24, 372, 335, 26, 43, 242, 212, 128, 246, 138, 356, 326, 252, 311, 286, 59, 175, 260, 119, 17, 316, 91, 226, 213, 68, 183, 69, 100, 332, 170, 203, 299, 370, 349, 8, 306, 348, 35, 205, 117, 57, 367, 357, 248, 297, 305, 65, 93, 206, 272, 148, 52, 304, 196, 45, 187, 164, 25, 255, 137, 262, 5, 106, 239, 209, 290, 162, 300, 369, 292, 381, 103, 234, 241, 184, 151, 1, 263, 81, 312, 247, 53, 267, 243, 202, 104, 303, 78, 179, 295, 90, 61, 244, 87, 22, 121, 159, 146, 47, 4, 199, 63, 278, 72, 83, 264, 77, 237, 287, 31, 207, 88, 0]","[296, 9, 35, 5, 114, 150, 365, 242, 237, 137, 91, 240, 198, 279, 208, 72, 112, 47, 309, 171, 24, 238, 263, 201, 95, 187, 329, 85, 131, 324, 212, 116, 134, 271, 231, 203, 87, 11, 232, 105, 262, 183, 49, 144, 297, 189, 100, 146, 326, 41, 46, 98, 65, 359, 79, 126, 42, 62, 354, 314, 141, 264, 350, 40, 280, 367, 284, 333, 303, 109, 290, 124, 287, 283, 206, 288, 17, 302, 292, 74, 267, 73, 337, 286, 158, 200, 80, 175, 207, 236, 305, 177, 328, 90, 103, 371, 251, 92, 219, 82, 111, 3, 83, 250, 30, 122, 89, 2, 257, 355, 4, 214, 327, 113, 332, 221, 162, 143, 38, 69, 319, 159, 117, 13, 173, 6, 152, 301, 108, 320, 247, 15, 330, 331, 195, 254, 104, 88, 308, 77, 155, 369, 132, 378, 273, 54, 376, 229, 34, 178, 255, 325, 268, 99, 352, 76, 129, 142, 16, 323, 67, 130, 199, 186, 39, 294, 246, 218, 43, 58, 243, 102, 349, 315, 180, 343, 136, 138, 321, 312, 182, 260, 166, 7, 289, 164, 50, 357, 29, 170, 66, 118]","[4, 5, 13, 16, 17, 24, 34, 35, 41, 42, 43, 46, 47, 49, 62, 65, 69, 72, 77, 79, 83, 87, 88, 90, 91, 100, 103, 104, 112, 117, 126, 134, 136, 137, 138, 142, 146, 152, 155, 159, 162, 164, 170, 173, 175, 178, 182, 183, 187, 199, 200, 201, 203, 206, 207, 212, 237, 242, 243, 246, 247, 251, 255, 257, 260, 262, 263, 264, 267, 268, 280, 286, 287, 290, 292, 297, 303, 305, 312, 320, 325, 326, 330, 332, 333, 349, 352, 357, 367, 369, 371, 376, 378]"
23,"[38, 188, 55, 280, 12, 310, 307, 191, 66, 87, 90, 304, 114, 259, 160, 374, 344, 254, 77, 263, 52, 205, 97, 368, 129, 103, 314, 8, 32, 151, 380, 172, 102, 200, 350, 104, 287, 14, 139, 29, 366, 362, 182, 239, 349, 305, 321, 338, 123, 234, 250, 301, 96, 59, 34, 78, 108, 45, 28, 201, 233, 382, 64, 72, 187, 216, 85, 178, 79, 142, 360, 241, 297, 49, 230, 197, 124, 7, 348, 354, 193, 364, 248, 119, 133, 343, 327, 177, 157, 192, 221, 235, 80, 91, 312, 324, 107, 61, 330, 300, 262, 261, 295, 255, 370, 1, 268, 328, 217, 223, 154, 141, 134, 256, 323, 213, 353, 215, 198, 120, 5, 320, 130, 136, 363, 335, 73, 143, 282, 53, 13, 376, 278, 144, 69, 237, 75, 163, 98, 277, 253, 125, 271, 94, 308, 367, 318, 316, 293, 265, 152, 110, 71, 140, 86, 101, 115, 332, 267, 306, 6, 22, 74, 117, 292, 60, 359, 326, 128, 372, 24, 176, 377, 375, 20, 270, 41, 361, 11, 279, 345, 203, 319, 383, 47, 317, 58, 93, 158, 294, 70, 35]","[93, 133, 172, 383, 219, 59, 47, 260, 255, 349, 194, 8, 259, 175, 226, 76, 293, 186, 351, 354, 223, 350, 77, 274, 138, 278, 90, 369, 229, 161, 195, 313, 302, 205, 117, 3, 332, 247, 213, 316, 130, 72, 258, 285, 43, 271, 125, 118, 32, 220, 283, 64, 282, 364, 372, 300, 347, 297, 27, 251, 166, 286, 146, 70, 60, 317, 91, 14, 2, 234, 53, 54, 333, 379, 330, 149, 81, 180, 13, 218, 298, 189, 25, 58, 375, 253, 272, 329, 168, 235, 109, 34, 134, 140, 82, 240, 365, 62, 343, 197, 244, 111, 190, 318, 295, 353, 306, 15, 368, 209, 147, 131, 371, 202, 359, 265, 56, 324, 21, 308, 222, 380, 12, 28, 65, 204, 127, 129, 224, 319, 290, 363, 95, 310, 37, 342, 1, 361, 307, 98, 323, 304, 145, 94, 71, 362, 262, 137, 156, 193, 69, 85, 238, 78, 139, 112, 237, 183, 107, 187, 338, 42, 249, 35, 201, 173, 314, 11, 352, 381, 236, 312, 276, 116, 179, 88, 320, 49, 199, 281, 181, 335, 41, 158, 294, 287, 239, 277, 176, 177, 96, 75]","[1, 8, 11, 12, 13, 14, 28, 32, 34, 35, 41, 47, 49, 53, 58, 59, 60, 64, 69, 70, 71, 72, 75, 77, 78, 85, 90, 91, 93, 94, 96, 98, 107, 117, 125, 129, 130, 133, 134, 139, 140, 158, 172, 176, 177, 187, 193, 197, 201, 205, 213, 223, 234, 235, 237, 239, 253, 255, 259, 262, 265, 271, 277, 278, 282, 287, 293, 294, 295, 297, 300, 304, 306, 307, 308, 310, 312, 314, 316, 317, 318, 319, 320, 323, 324, 330, 332, 335, 338, 343, 349, 350, 353, 354, 359, 361, 362, 363, 364, 368, 372, 375, 380, 383]"
24,"[92, 367, 239, 261, 86, 177, 87, 292, 250, 91, 203, 195, 277, 266, 321, 240, 7, 18, 360, 280, 185, 151, 290, 0, 132, 191, 32, 201, 376, 262, 186, 166, 244, 350, 194, 158, 333, 159, 228, 107, 246, 13, 342, 243, 137, 379, 190, 49, 220, 331, 162, 33, 311, 318, 42, 34, 4, 198, 307, 374, 273, 216, 170, 15, 267, 312, 160, 128, 144, 336, 93, 8, 233, 319, 5, 130, 17, 66, 314, 260, 214, 45, 353, 22, 36, 80, 340, 339, 359, 141, 275, 184, 153, 338, 20, 156, 328, 207, 154, 378, 1, 60, 255, 145, 171, 322, 55, 301, 348, 286, 252, 263, 211, 176, 204, 287, 50, 224, 70, 124, 105, 53, 351, 180, 231, 155, 303, 372, 2, 276, 64, 241, 6, 268, 40, 238, 85, 206, 46, 202, 57, 23, 48, 174, 279, 136, 111, 341, 135, 84, 31, 285, 192, 208, 327, 134, 223, 254, 366, 43, 323, 270, 100, 329, 81, 168, 116, 109, 316, 169, 317, 63, 272, 21, 157, 320, 129, 373, 309, 218, 356, 29, 349, 294, 108, 51, 138, 56, 73, 90, 72, 247]","[157, 115, 180, 172, 46, 75, 358, 33, 83, 69, 281, 325, 73, 31, 372, 56, 139, 202, 336, 208, 178, 26, 341, 137, 364, 28, 287, 140, 243, 210, 353, 206, 97, 334, 232, 93, 184, 307, 40, 303, 18, 107, 110, 124, 181, 54, 197, 359, 269, 323, 30, 284, 130, 152, 60, 21, 242, 278, 39, 67, 108, 142, 223, 4, 355, 174, 122, 6, 105, 248, 53, 133, 34, 217, 289, 85, 280, 68, 239, 224, 106, 318, 365, 342, 167, 151, 276, 109, 148, 2, 1, 374, 183, 77, 264, 103, 150, 254, 222, 35, 158, 189, 9, 339, 317, 51, 267, 134, 72, 163, 213, 44, 363, 138, 165, 55, 135, 332, 63, 348, 96, 164, 169, 95, 356, 329, 322, 286, 99, 293, 308, 235, 377, 192, 245, 256, 153, 131, 330, 231, 74, 12, 125, 88, 209, 177, 156, 149, 198, 8, 119, 331, 369, 378, 262, 159, 14, 297, 319, 32, 347, 367, 229, 27, 366, 5, 155, 168, 226, 296, 302, 343, 129, 311, 321, 263, 86, 92, 171, 376, 101, 11, 215, 22, 383, 247, 249, 114, 309, 143, 48, 50]","[1, 2, 4, 5, 6, 8, 18, 21, 22, 31, 32, 33, 34, 40, 46, 48, 50, 51, 53, 55, 56, 60, 63, 72, 73, 85, 86, 92, 93, 105, 107, 108, 109, 124, 129, 130, 134, 135, 137, 138, 151, 153, 155, 156, 157, 158, 159, 168, 169, 171, 174, 177, 180, 184, 192, 198, 202, 206, 208, 223, 224, 231, 239, 243, 247, 254, 262, 263, 267, 276, 280, 286, 287, 303, 307, 309, 311, 317, 318, 319, 321, 322, 323, 329, 331, 336, 339, 341, 342, 348, 353, 356, 359, 366, 367, 372, 374, 376, 378]"
25,"[60, 283, 67, 373, 372, 92, 318, 129, 54, 109, 171, 301, 8, 323, 377, 117, 332, 53, 58, 172, 381, 270, 267, 86, 279, 99, 166, 103, 12, 161, 22, 164, 39, 139, 213, 1, 322, 66, 211, 215, 218, 121, 135, 237, 91, 311, 74, 137, 334, 383, 236, 48, 296, 293, 275, 259, 71, 313, 83, 190, 362, 174, 123, 11, 78, 239, 111, 26, 15, 156, 245, 36, 379, 353, 219, 342, 77, 265, 45, 339, 221, 316, 374, 116, 277, 363, 209, 201, 276, 193, 290, 182, 250, 256, 64, 68, 365, 260, 361, 207, 108, 134, 180, 87, 335, 225, 23, 248, 118, 241, 196, 125, 3, 202, 315, 354, 378, 160, 347, 312, 200, 42, 352, 165, 217, 216, 150, 346, 284, 47, 298, 133, 222, 173, 101, 289, 232, 266, 149, 2, 227, 28, 183, 268, 358, 326, 251, 51, 37, 141, 205, 350, 94, 151, 76, 329, 95, 340, 142, 110, 32, 253, 331, 344, 113, 300, 145, 247, 287, 264, 30, 246, 185, 154, 314, 98, 310, 9, 195, 330, 170, 274, 210, 155, 273, 115, 16, 120, 72, 43, 186, 65]","[350, 280, 244, 101, 287, 184, 278, 241, 88, 59, 6, 22, 339, 152, 266, 38, 269, 376, 26, 290, 147, 128, 342, 170, 115, 64, 316, 308, 367, 72, 113, 330, 270, 263, 192, 213, 168, 15, 32, 303, 66, 312, 39, 201, 284, 173, 129, 204, 274, 155, 248, 285, 358, 19, 145, 90, 109, 67, 87, 293, 225, 78, 0, 157, 69, 179, 55, 329, 363, 361, 351, 136, 110, 31, 198, 250, 29, 229, 95, 160, 116, 33, 166, 158, 126, 221, 219, 311, 335, 258, 332, 375, 163, 209, 371, 336, 82, 99, 123, 148, 182, 47, 85, 268, 91, 199, 208, 44, 207, 262, 307, 21, 381, 315, 236, 239, 317, 89, 48, 139, 24, 380, 162, 14, 164, 331, 63, 291, 328, 73, 188, 52, 304, 58, 71, 302, 211, 257, 60, 138, 93, 2, 92, 180, 50, 327, 183, 383, 81, 228, 319, 348, 80, 254, 130, 86, 292, 323, 100, 357, 345, 365, 382, 272, 40, 300, 210, 370, 146, 83, 51, 159, 70, 53, 45, 234, 154, 364, 49, 9, 233, 222, 366, 37, 108, 362, 46, 178, 161, 256, 340, 62]","[2, 9, 15, 22, 26, 32, 37, 39, 45, 47, 48, 51, 53, 58, 60, 64, 66, 67, 71, 72, 78, 83, 86, 87, 91, 92, 95, 99, 101, 108, 109, 110, 113, 115, 116, 123, 129, 139, 145, 154, 155, 160, 161, 164, 166, 170, 173, 180, 182, 183, 201, 207, 209, 210, 211, 213, 219, 221, 222, 225, 236, 239, 241, 248, 250, 256, 266, 268, 270, 274, 284, 287, 290, 293, 300, 311, 312, 315, 316, 323, 329, 330, 331, 332, 335, 339, 340, 342, 350, 358, 361, 362, 363, 365, 381, 383]"
26,"[117, 30, 197, 149, 38, 310, 327, 10, 127, 166, 147, 358, 0, 1, 105, 215, 33, 370, 78, 88, 190, 207, 232, 13, 97, 19, 50, 36, 369, 110, 15, 202, 332, 248, 90, 194, 173, 11, 264, 92, 94, 115, 114, 219, 181, 272, 213, 295, 279, 377, 157, 353, 178, 53, 275, 226, 86, 292, 253, 98, 288, 21, 68, 326, 320, 328, 306, 352, 365, 113, 251, 131, 14, 67, 323, 151, 339, 289, 70, 186, 296, 43, 270, 336, 237, 308, 366, 283, 246, 317, 228, 73, 41, 108, 276, 293, 347, 135, 185, 87, 373, 368, 52, 84, 257, 301, 236, 210, 54, 82, 343, 109, 273, 331, 304, 77, 163, 341, 40, 380, 345, 180, 286, 169, 222, 25, 224, 325, 61, 244, 146, 16, 83, 360, 20, 196, 32, 176, 65, 200, 145, 85, 104, 311, 379, 124, 136, 214, 241, 158, 69, 42, 201, 282, 159, 48, 335, 120, 280, 125, 28, 24, 56, 256, 344, 91, 129, 47, 375, 372, 177, 230, 268, 64, 192, 217, 221, 371, 170, 364, 137, 315, 140, 233, 100, 167, 34, 262, 182, 148, 8, 6]","[322, 277, 214, 125, 123, 297, 362, 40, 167, 171, 361, 46, 21, 256, 275, 285, 147, 296, 290, 70, 151, 153, 60, 336, 281, 105, 267, 90, 193, 342, 42, 233, 327, 206, 148, 122, 272, 59, 326, 107, 146, 79, 76, 38, 203, 157, 19, 69, 75, 341, 329, 262, 379, 377, 268, 242, 67, 289, 333, 154, 108, 13, 1, 294, 239, 160, 150, 119, 99, 109, 299, 291, 250, 48, 155, 276, 331, 170, 374, 168, 254, 94, 49, 373, 234, 301, 87, 129, 82, 26, 50, 265, 365, 352, 118, 137, 179, 343, 18, 152, 286, 211, 47, 92, 202, 61, 23, 204, 71, 330, 197, 320, 245, 381, 359, 97, 190, 316, 115, 106, 321, 104, 135, 166, 64, 228, 280, 142, 20, 241, 84, 25, 80, 264, 282, 141, 178, 91, 32, 14, 52, 357, 199, 58, 111, 7, 6, 85, 134, 159, 201, 237, 263, 36, 103, 120, 314, 74, 77, 306, 246, 164, 37, 138, 133, 161, 162, 219, 156, 11, 309, 62, 31, 5, 182, 27, 350, 72, 303, 57, 271, 345, 344, 346, 313, 66, 188, 312, 337, 334, 382, 12]","[1, 6, 11, 13, 14, 19, 20, 21, 25, 32, 36, 38, 40, 42, 47, 48, 50, 52, 61, 64, 67, 69, 70, 77, 82, 84, 85, 87, 90, 91, 92, 94, 97, 104, 105, 108, 109, 115, 120, 125, 129, 135, 137, 146, 147, 148, 151, 157, 159, 166, 167, 170, 178, 182, 190, 197, 201, 202, 214, 219, 228, 233, 237, 241, 246, 256, 262, 264, 268, 272, 275, 276, 280, 282, 286, 289, 296, 301, 306, 320, 326, 327, 331, 336, 341, 343, 344, 345, 352, 365, 373, 377, 379]"
27,"[75, 263, 283, 315, 313, 61, 332, 22, 176, 77, 198, 76, 355, 194, 284, 382, 138, 153, 208, 190, 51, 225, 302, 204, 288, 136, 206, 116, 170, 247, 169, 236, 108, 256, 211, 358, 52, 333, 339, 19, 112, 242, 297, 241, 322, 91, 28, 381, 272, 202, 117, 119, 46, 327, 3, 163, 161, 335, 368, 350, 44, 0, 192, 257, 9, 280, 285, 58, 62, 217, 303, 81, 34, 253, 120, 325, 319, 55, 342, 71, 348, 60, 246, 139, 126, 276, 207, 270, 223, 42, 98, 186, 234, 13, 367, 377, 166, 324, 216, 79, 197, 188, 250, 378, 290, 38, 244, 248, 187, 212, 16, 307, 312, 107, 366, 258, 372, 50, 300, 115, 6, 144, 43, 299, 106, 210, 100, 356, 130, 89, 146, 203, 179, 82, 292, 66, 379, 376, 189, 267, 314, 278, 228, 265, 255, 196, 338, 15, 251, 365, 231, 205, 155, 305, 360, 32, 274, 349, 149, 33, 31, 254, 308, 132, 12, 140, 109, 111, 334, 35, 238, 73, 373, 174, 227, 374, 159, 114, 45, 321, 224, 92, 99, 182, 137, 281, 309, 18, 279, 359, 235, 269]","[153, 281, 148, 245, 325, 17, 140, 155, 288, 237, 365, 326, 112, 28, 61, 379, 132, 359, 41, 247, 323, 366, 201, 294, 98, 339, 243, 96, 94, 293, 186, 354, 219, 244, 250, 157, 12, 214, 274, 58, 375, 33, 21, 257, 4, 235, 232, 272, 85, 66, 259, 24, 324, 297, 59, 104, 9, 100, 150, 130, 137, 145, 52, 36, 184, 131, 50, 179, 378, 0, 262, 189, 268, 231, 220, 172, 78, 328, 143, 30, 361, 147, 5, 278, 29, 151, 374, 128, 75, 111, 252, 353, 162, 338, 76, 109, 218, 120, 204, 102, 177, 11, 234, 93, 336, 263, 49, 168, 82, 242, 113, 304, 238, 181, 305, 236, 372, 291, 107, 146, 138, 203, 6, 126, 251, 266, 74, 14, 267, 206, 89, 192, 42, 300, 95, 106, 383, 108, 133, 313, 358, 287, 217, 292, 32, 44, 284, 159, 241, 38, 149, 37, 134, 141, 202, 370, 322, 290, 363, 360, 316, 239, 260, 48, 381, 90, 367, 64, 127, 18, 144, 329, 357, 279, 77, 135, 16, 213, 68, 270, 298, 105, 71, 312, 368, 309, 121, 335, 161, 303, 101, 275]","[0, 6, 9, 12, 16, 18, 28, 32, 33, 38, 42, 44, 50, 52, 58, 61, 66, 71, 75, 76, 77, 82, 89, 98, 100, 106, 107, 108, 109, 111, 112, 120, 126, 130, 132, 137, 138, 140, 144, 146, 149, 153, 155, 159, 161, 179, 186, 189, 192, 202, 203, 204, 206, 217, 231, 234, 235, 236, 238, 241, 242, 244, 247, 250, 251, 257, 263, 267, 270, 272, 274, 278, 279, 281, 284, 288, 290, 292, 297, 300, 303, 305, 309, 312, 313, 322, 324, 325, 335, 338, 339, 358, 359, 360, 365, 366, 367, 368, 372, 374, 378, 379, 381]"
28,"[115, 0, 280, 17, 316, 256, 133, 162, 72, 331, 219, 97, 136, 301, 368, 333, 189, 176, 266, 86, 206, 334, 84, 151, 111, 241, 258, 169, 18, 148, 216, 261, 53, 211, 358, 197, 381, 164, 357, 62, 234, 327, 30, 335, 76, 68, 192, 345, 158, 184, 217, 6, 303, 298, 170, 253, 130, 166, 26, 379, 5, 288, 57, 245, 145, 99, 94, 282, 198, 45, 69, 15, 70, 351, 227, 105, 181, 272, 299, 107, 71, 237, 247, 121, 222, 81, 185, 346, 92, 131, 273, 218, 191, 338, 187, 149, 16, 67, 78, 7, 363, 171, 161, 382, 242, 123, 103, 285, 146, 38, 175, 318, 356, 366, 243, 79, 342, 284, 278, 302, 179, 319, 271, 371, 147, 252, 172, 165, 233, 137, 359, 205, 324, 305, 139, 142, 209, 249, 173, 140, 308, 353, 159, 190, 153, 231, 63, 267, 41, 152, 188, 210, 73, 9, 98, 117, 112, 1, 54, 290, 91, 95, 315, 330, 100, 135, 230, 340, 283, 325, 23, 138, 160, 380, 246, 304, 24, 157, 257, 215, 96, 177, 326, 375, 58, 289, 193, 64, 212, 354, 259, 114]","[43, 250, 270, 118, 213, 267, 285, 215, 156, 165, 219, 217, 100, 154, 210, 134, 152, 290, 274, 84, 176, 140, 139, 3, 68, 209, 37, 26, 239, 81, 326, 346, 15, 254, 198, 151, 10, 120, 320, 63, 238, 39, 324, 78, 61, 142, 145, 42, 122, 53, 260, 292, 303, 333, 353, 75, 229, 337, 205, 7, 22, 83, 18, 300, 71, 368, 314, 31, 347, 245, 249, 369, 62, 291, 330, 56, 338, 25, 137, 224, 348, 89, 240, 131, 286, 148, 362, 345, 247, 212, 126, 208, 202, 16, 289, 225, 74, 360, 298, 222, 335, 72, 275, 288, 30, 88, 268, 297, 50, 277, 257, 321, 121, 103, 161, 132, 170, 28, 189, 255, 276, 32, 171, 191, 218, 11, 90, 45, 64, 185, 344, 8, 207, 258, 233, 380, 305, 195, 293, 317, 359, 322, 264, 246, 325, 127, 24, 164, 111, 110, 200, 150, 381, 35, 175, 232, 318, 105, 307, 361, 204, 160, 14, 364, 316, 172, 366, 149, 99, 33, 197, 271, 0, 173, 5, 55, 376, 235, 306, 341, 279, 188, 199, 155, 262, 144, 168, 143, 166, 332, 223, 244]","[0, 5, 7, 15, 16, 18, 24, 26, 30, 45, 53, 62, 63, 64, 68, 71, 72, 78, 81, 84, 99, 100, 103, 105, 111, 121, 131, 137, 139, 140, 142, 145, 148, 149, 151, 152, 160, 161, 164, 165, 166, 170, 171, 172, 173, 175, 176, 185, 188, 189, 191, 197, 198, 205, 209, 210, 212, 215, 217, 218, 219, 222, 233, 245, 246, 247, 249, 257, 258, 267, 271, 285, 288, 289, 290, 298, 303, 305, 316, 318, 324, 325, 326, 330, 333, 335, 338, 345, 346, 353, 359, 366, 368, 380, 381]"
29,"[232, 248, 256, 103, 366, 358, 172, 157, 37, 252, 201, 118, 100, 264, 191, 374, 376, 176, 266, 346, 197, 298, 281, 105, 62, 370, 338, 119, 345, 321, 181, 114, 300, 355, 235, 268, 349, 52, 11, 261, 340, 166, 293, 1, 28, 8, 260, 275, 257, 53, 352, 109, 83, 174, 55, 360, 153, 156, 233, 351, 330, 369, 230, 214, 357, 280, 294, 328, 190, 287, 241, 333, 187, 135, 222, 160, 296, 309, 221, 354, 383, 40, 72, 15, 79, 185, 310, 170, 251, 144, 205, 63, 285, 291, 122, 31, 89, 226, 128, 247, 350, 142, 242, 140, 272, 12, 66, 196, 320, 326, 317, 215, 286, 209, 302, 138, 308, 250, 213, 183, 117, 188, 306, 120, 325, 123, 243, 229, 21, 180, 131, 313, 0, 110, 95, 6, 70, 212, 356, 23, 102, 240, 50, 154, 231, 34, 364, 290, 38, 382, 159, 35, 274, 316, 169, 218, 86, 33, 236, 363, 51, 46, 22, 200, 265, 26, 19, 184, 43, 17, 217, 179, 225, 173, 186, 262, 223, 88, 362, 381, 84, 277, 203, 253, 244, 199, 47, 113, 249, 133, 146, 126]","[156, 319, 163, 37, 262, 244, 17, 328, 361, 155, 344, 11, 298, 357, 285, 71, 363, 202, 47, 291, 370, 143, 358, 251, 198, 346, 55, 149, 85, 193, 136, 360, 238, 38, 25, 61, 342, 22, 62, 279, 334, 374, 80, 4, 27, 67, 203, 246, 23, 54, 32, 367, 208, 213, 376, 94, 89, 327, 240, 107, 317, 366, 320, 207, 139, 196, 325, 73, 147, 2, 287, 352, 56, 64, 59, 194, 339, 242, 369, 340, 299, 224, 269, 335, 123, 81, 338, 58, 160, 34, 248, 241, 364, 294, 101, 225, 57, 278, 170, 345, 14, 28, 245, 286, 7, 26, 118, 181, 104, 82, 144, 74, 112, 230, 356, 110, 312, 126, 142, 120, 272, 60, 128, 103, 375, 378, 331, 180, 106, 243, 172, 341, 36, 267, 69, 86, 9, 169, 290, 309, 223, 24, 93, 365, 113, 249, 350, 40, 76, 362, 324, 289, 343, 68, 41, 179, 140, 264, 185, 204, 307, 314, 214, 276, 166, 78, 263, 373, 137, 284, 157, 311, 219, 135, 84, 91, 318, 63, 377, 167, 197, 221, 252, 115, 275, 231, 348, 100, 281, 233, 304, 134]","[11, 17, 22, 23, 26, 28, 34, 37, 38, 40, 47, 55, 62, 63, 84, 86, 89, 100, 103, 110, 113, 118, 120, 123, 126, 128, 135, 140, 142, 144, 156, 157, 160, 166, 169, 170, 172, 179, 180, 181, 185, 196, 197, 203, 213, 214, 221, 223, 225, 230, 231, 233, 240, 241, 242, 243, 244, 248, 249, 251, 252, 262, 264, 272, 275, 281, 285, 286, 287, 290, 291, 294, 298, 309, 317, 320, 325, 328, 338, 340, 345, 346, 350, 352, 356, 357, 358, 360, 362, 363, 364, 366, 369, 370, 374, 376]"
30,"[42, 186, 109, 367, 251, 16, 287, 202, 231, 293, 76, 197, 156, 151, 195, 244, 369, 344, 296, 375, 89, 249, 168, 15, 252, 27, 347, 281, 212, 192, 306, 246, 242, 185, 108, 247, 3, 332, 234, 299, 137, 49, 92, 307, 141, 155, 100, 87, 208, 122, 55, 102, 316, 113, 250, 126, 96, 266, 124, 91, 30, 284, 274, 260, 189, 282, 130, 164, 167, 24, 322, 10, 330, 233, 98, 278, 218, 166, 121, 165, 177, 349, 147, 0, 8, 314, 276, 140, 48, 160, 289, 350, 245, 107, 26, 371, 273, 21, 210, 170, 65, 145, 262, 41, 354, 297, 13, 209, 158, 88, 169, 379, 161, 18, 366, 219, 220, 378, 12, 201, 75, 56, 67, 258, 20, 317, 28, 339, 312, 309, 23, 372, 139, 240, 311, 373, 35, 43, 360, 184, 227, 9, 83, 135, 95, 328, 199, 114, 52, 71, 104, 106, 32, 301, 2, 368, 84, 364, 236, 116, 376, 280, 225, 351, 39, 346, 133, 86, 29, 325, 188, 340, 310, 270, 336, 172, 295, 103, 382, 267, 194, 132, 271, 191, 58, 254, 134, 334, 159, 51, 257, 268]","[271, 135, 293, 366, 47, 151, 311, 148, 79, 181, 131, 125, 207, 7, 245, 218, 269, 89, 86, 35, 205, 298, 24, 9, 236, 230, 377, 282, 231, 186, 98, 272, 10, 133, 234, 5, 353, 155, 1, 297, 241, 375, 322, 137, 346, 78, 238, 232, 258, 154, 274, 105, 337, 111, 294, 290, 304, 127, 157, 132, 128, 233, 251, 156, 365, 248, 279, 70, 74, 75, 104, 109, 63, 333, 59, 264, 368, 225, 15, 159, 283, 103, 318, 303, 300, 123, 169, 369, 332, 40, 31, 114, 97, 352, 68, 52, 312, 184, 168, 242, 292, 201, 19, 206, 23, 45, 243, 359, 265, 65, 69, 21, 92, 301, 240, 246, 323, 149, 2, 263, 54, 48, 112, 355, 90, 285, 195, 219, 190, 216, 342, 34, 192, 223, 259, 160, 296, 28, 152, 270, 88, 117, 273, 76, 214, 212, 357, 288, 215, 30, 350, 62, 191, 8, 175, 44, 277, 183, 383, 343, 378, 203, 194, 145, 327, 351, 32, 249, 310, 370, 67, 252, 334, 85, 373, 229, 4, 84, 170, 144, 172, 260, 82, 227, 177, 213, 329, 42, 226, 17, 61, 16]","[2, 8, 9, 10, 15, 16, 21, 23, 24, 28, 30, 32, 35, 42, 48, 52, 65, 67, 75, 76, 84, 86, 88, 89, 92, 98, 103, 104, 109, 114, 132, 133, 135, 137, 145, 151, 155, 156, 159, 160, 168, 169, 170, 172, 177, 184, 186, 191, 192, 194, 195, 201, 212, 218, 219, 225, 227, 231, 233, 234, 236, 240, 242, 245, 246, 249, 251, 252, 258, 260, 270, 271, 273, 274, 282, 293, 296, 297, 301, 310, 311, 312, 322, 332, 334, 346, 350, 351, 366, 368, 369, 373, 375, 378]"
31,"[291, 356, 311, 293, 228, 66, 314, 130, 128, 258, 50, 157, 64, 78, 192, 264, 247, 254, 52, 335, 233, 7, 241, 82, 359, 370, 307, 135, 305, 180, 313, 9, 188, 155, 18, 227, 230, 369, 70, 48, 322, 266, 167, 177, 235, 303, 44, 315, 5, 256, 373, 164, 60, 97, 344, 203, 328, 186, 30, 357, 300, 146, 338, 100, 13, 362, 34, 27, 231, 68, 379, 3, 84, 123, 193, 332, 54, 340, 337, 336, 95, 278, 375, 253, 102, 206, 86, 249, 383, 153, 217, 12, 38, 174, 133, 268, 272, 208, 194, 333, 45, 327, 213, 285, 120, 179, 69, 298, 136, 376, 6, 198, 176, 83, 270, 35, 326, 345, 273, 129, 334, 148, 142, 33, 196, 145, 295, 29, 280, 47, 204, 40, 224, 107, 77, 210, 169, 55, 181, 94, 331, 10, 349, 312, 121, 330, 267, 262, 119, 316, 366, 79, 11, 211, 114, 108, 374, 306, 117, 124, 380, 16, 250, 197, 341, 282, 163, 178, 172, 28, 251, 21, 80, 201, 41, 53, 152, 159, 218, 353, 139, 240, 74, 281, 46, 317, 368, 143, 274, 246, 90, 289]","[32, 204, 81, 343, 27, 266, 15, 14, 220, 82, 193, 367, 362, 130, 57, 163, 26, 167, 195, 164, 138, 299, 350, 189, 332, 296, 139, 86, 265, 197, 259, 255, 208, 128, 20, 169, 144, 7, 142, 288, 353, 123, 90, 301, 146, 242, 87, 47, 56, 378, 16, 310, 51, 229, 187, 246, 154, 236, 346, 67, 331, 300, 2, 59, 72, 170, 112, 95, 12, 298, 124, 137, 152, 25, 171, 78, 42, 99, 348, 199, 175, 315, 129, 366, 88, 233, 207, 324, 320, 192, 127, 281, 34, 30, 271, 264, 368, 213, 336, 206, 134, 36, 344, 371, 286, 245, 269, 79, 161, 5, 257, 277, 166, 219, 98, 211, 89, 361, 58, 156, 125, 64, 6, 308, 334, 49, 333, 222, 209, 109, 341, 268, 194, 330, 337, 267, 180, 185, 210, 19, 9, 381, 54, 140, 234, 283, 159, 132, 116, 227, 303, 202, 94, 374, 10, 263, 225, 44, 155, 228, 149, 8, 168, 294, 200, 377, 91, 290, 221, 120, 382, 153, 0, 241, 105, 309, 313, 226, 104, 237, 157, 369, 18, 311, 328, 275, 321, 351, 24, 365, 21, 360]","[5, 6, 7, 9, 10, 12, 16, 18, 21, 27, 30, 34, 44, 47, 54, 64, 78, 79, 82, 86, 90, 94, 95, 120, 123, 124, 128, 129, 130, 139, 142, 146, 152, 153, 155, 157, 159, 163, 164, 167, 169, 180, 192, 193, 194, 197, 204, 206, 208, 210, 211, 213, 227, 228, 233, 241, 246, 264, 266, 267, 268, 281, 298, 300, 303, 311, 313, 315, 328, 330, 331, 332, 333, 334, 336, 337, 341, 344, 353, 362, 366, 368, 369, 374]"
32,"[298, 61, 249, 26, 49, 0, 17, 218, 375, 63, 12, 328, 243, 266, 136, 365, 307, 297, 206, 16, 280, 239, 81, 225, 95, 204, 138, 230, 202, 3, 62, 232, 201, 19, 130, 160, 99, 30, 140, 162, 150, 137, 121, 341, 176, 277, 377, 141, 29, 231, 223, 229, 322, 245, 359, 93, 105, 273, 20, 143, 343, 257, 267, 23, 187, 309, 146, 191, 31, 336, 24, 286, 227, 240, 169, 145, 52, 347, 295, 65, 4, 174, 114, 274, 86, 325, 73, 53, 315, 237, 238, 215, 372, 373, 348, 149, 314, 367, 90, 344, 339, 185, 289, 125, 120, 91, 126, 152, 116, 15, 200, 60, 335, 332, 28, 18, 8, 127, 305, 112, 352, 380, 135, 1, 207, 89, 110, 241, 279, 220, 78, 21, 189, 275, 228, 76, 209, 370, 349, 310, 36, 342, 281, 308, 39, 168, 208, 46, 159, 165, 333, 98, 80, 64, 84, 317, 123, 55, 111, 319, 285, 262, 50, 282, 246, 290, 14, 144, 48, 180, 251, 161, 219, 263, 197, 74, 337, 253, 211, 9, 284, 292, 7, 107, 153, 234, 184, 103, 276, 224, 108, 302]","[159, 47, 266, 238, 1, 149, 326, 155, 271, 317, 61, 199, 264, 314, 105, 168, 183, 364, 78, 85, 196, 190, 214, 143, 94, 270, 93, 363, 164, 252, 59, 292, 323, 45, 242, 304, 116, 160, 130, 217, 356, 4, 279, 72, 373, 377, 14, 148, 120, 90, 205, 256, 101, 243, 282, 232, 181, 361, 57, 3, 124, 319, 311, 53, 6, 188, 382, 126, 380, 55, 189, 352, 176, 290, 268, 50, 145, 81, 291, 303, 49, 170, 9, 325, 16, 158, 60, 197, 234, 223, 32, 383, 162, 287, 207, 52, 87, 132, 48, 227, 10, 226, 186, 77, 194, 166, 95, 313, 43, 193, 110, 366, 249, 329, 284, 305, 209, 167, 144, 12, 213, 37, 21, 112, 250, 136, 83, 156, 299, 64, 84, 269, 321, 340, 276, 165, 247, 224, 28, 185, 265, 138, 267, 24, 51, 35, 63, 40, 108, 365, 359, 119, 178, 254, 360, 103, 297, 202, 206, 121, 147, 133, 357, 230, 212, 179, 31, 376, 280, 369, 5, 330, 236, 277, 370, 79, 259, 307, 129, 198, 107, 318, 135, 106, 18, 353, 289, 261, 123, 235, 68, 114]","[1, 3, 4, 9, 12, 14, 16, 18, 21, 24, 28, 31, 48, 49, 50, 52, 53, 55, 60, 61, 63, 64, 78, 81, 84, 90, 93, 95, 103, 105, 107, 108, 110, 112, 114, 116, 120, 121, 123, 126, 130, 135, 136, 138, 143, 144, 145, 149, 159, 160, 162, 165, 168, 176, 185, 189, 197, 202, 206, 207, 209, 223, 224, 227, 230, 232, 234, 238, 243, 249, 266, 267, 276, 277, 279, 280, 282, 284, 289, 290, 292, 297, 305, 307, 314, 317, 319, 325, 352, 359, 365, 370, 373, 377, 380]"
33,"[213, 296, 367, 377, 255, 273, 14, 111, 39, 318, 323, 344, 286, 127, 51, 277, 281, 312, 132, 62, 358, 102, 15, 375, 300, 186, 171, 203, 12, 163, 231, 337, 381, 172, 289, 121, 43, 144, 364, 291, 109, 160, 164, 19, 106, 175, 66, 366, 107, 211, 317, 346, 287, 32, 124, 233, 352, 272, 240, 248, 97, 120, 44, 48, 29, 334, 117, 363, 78, 212, 181, 72, 303, 16, 184, 219, 61, 214, 46, 349, 166, 93, 313, 232, 82, 309, 210, 147, 330, 282, 35, 137, 1, 205, 222, 351, 64, 188, 131, 87, 276, 191, 40, 52, 112, 4, 118, 234, 378, 209, 168, 0, 74, 68, 316, 165, 371, 356, 258, 382, 370, 265, 228, 153, 354, 225, 170, 298, 196, 302, 95, 295, 76, 157, 63, 37, 221, 96, 257, 115, 320, 94, 79, 69, 243, 262, 195, 227, 208, 3, 50, 311, 294, 42, 140, 206, 252, 236, 263, 49, 141, 159, 57, 251, 173, 31, 169, 100, 73, 374, 198, 299, 329, 174, 259, 237, 5, 305, 105, 278, 261, 55, 135, 33, 372, 217, 260, 200, 58, 192, 139, 279]","[31, 7, 307, 369, 186, 68, 275, 59, 23, 110, 133, 57, 261, 323, 339, 122, 282, 336, 86, 34, 141, 208, 33, 90, 175, 26, 242, 88, 51, 274, 58, 216, 269, 49, 55, 102, 302, 142, 150, 316, 96, 271, 313, 379, 205, 210, 160, 103, 116, 137, 241, 52, 289, 351, 295, 24, 42, 220, 301, 97, 278, 113, 4, 176, 247, 78, 333, 0, 356, 149, 284, 154, 335, 38, 288, 61, 252, 200, 20, 285, 228, 100, 306, 343, 2, 221, 303, 65, 354, 156, 317, 40, 14, 264, 250, 309, 203, 286, 95, 334, 254, 81, 17, 188, 222, 106, 238, 148, 347, 370, 32, 197, 27, 363, 111, 184, 125, 214, 322, 234, 225, 36, 353, 37, 144, 89, 119, 131, 85, 56, 46, 62, 73, 373, 145, 330, 239, 128, 300, 105, 243, 79, 155, 350, 84, 245, 319, 283, 273, 328, 329, 193, 270, 159, 151, 72, 39, 60, 12, 139, 209, 30, 338, 9, 240, 267, 276, 162, 22, 298, 191, 213, 202, 364, 6, 76, 77, 135, 104, 47, 365, 112, 204, 158, 172, 29, 262, 124, 182, 161, 130, 236]","[0, 4, 12, 14, 29, 31, 32, 33, 37, 39, 40, 42, 46, 49, 51, 52, 55, 57, 58, 61, 62, 68, 72, 73, 76, 78, 79, 95, 96, 97, 100, 102, 105, 106, 111, 112, 124, 131, 135, 137, 139, 141, 144, 159, 160, 172, 175, 184, 186, 188, 191, 200, 203, 205, 208, 209, 210, 213, 214, 221, 222, 225, 228, 234, 236, 240, 243, 252, 261, 262, 273, 276, 278, 282, 286, 289, 295, 298, 300, 302, 303, 309, 313, 316, 317, 323, 329, 330, 334, 351, 354, 356, 363, 364, 370]"
34,"[330, 50, 301, 351, 178, 277, 241, 74, 242, 369, 210, 56, 147, 288, 326, 305, 77, 175, 245, 327, 196, 291, 274, 339, 319, 215, 129, 193, 119, 105, 151, 163, 257, 54, 279, 284, 153, 58, 338, 357, 194, 263, 124, 110, 139, 28, 152, 1, 267, 348, 107, 240, 280, 144, 177, 46, 375, 31, 57, 238, 289, 52, 304, 335, 362, 230, 188, 313, 372, 368, 270, 378, 118, 360, 65, 367, 212, 342, 355, 29, 143, 148, 149, 140, 231, 347, 303, 333, 278, 87, 134, 156, 24, 7, 308, 294, 249, 353, 82, 271, 2, 132, 41, 309, 310, 225, 311, 70, 111, 174, 250, 117, 109, 33, 358, 93, 312, 104, 258, 359, 16, 128, 207, 264, 61, 192, 75, 142, 96, 345, 282, 3, 162, 19, 320, 95, 133, 15, 247, 373, 161, 122, 42, 181, 115, 219, 45, 316, 334, 78, 11, 127, 91, 377, 47, 94, 222, 154, 253, 202, 97, 83, 155, 27, 221, 113, 318, 197, 379, 18, 8, 295, 383, 135, 102, 251, 89, 208, 60, 322, 168, 223, 237, 293, 136, 34, 297, 116, 361, 276, 255, 0]","[359, 353, 56, 278, 323, 265, 164, 382, 208, 65, 97, 37, 275, 26, 346, 255, 274, 318, 53, 341, 138, 199, 297, 263, 126, 86, 299, 193, 320, 159, 102, 261, 90, 123, 253, 351, 276, 129, 121, 179, 258, 232, 366, 271, 63, 85, 283, 269, 8, 228, 141, 331, 252, 281, 10, 204, 316, 39, 44, 75, 131, 343, 122, 216, 264, 339, 310, 244, 290, 180, 198, 117, 62, 40, 378, 365, 251, 325, 158, 383, 171, 186, 205, 187, 30, 51, 240, 67, 146, 88, 99, 136, 174, 115, 178, 200, 29, 160, 360, 91, 157, 280, 183, 313, 238, 128, 145, 231, 130, 236, 215, 18, 80, 239, 23, 284, 79, 21, 260, 143, 156, 25, 149, 203, 300, 233, 294, 235, 42, 59, 344, 55, 19, 89, 87, 76, 270, 206, 224, 169, 256, 92, 373, 153, 380, 12, 195, 315, 172, 350, 108, 355, 329, 211, 226, 287, 60, 35, 43, 246, 170, 307, 83, 357, 196, 298, 46, 319, 185, 247, 109, 116, 309, 166, 98, 64, 250, 82, 137, 311, 349, 107, 2, 120, 181, 148, 103, 151, 229, 210, 118, 371]","[2, 8, 18, 19, 29, 42, 46, 56, 60, 65, 75, 82, 83, 87, 89, 91, 97, 102, 107, 109, 115, 116, 117, 118, 122, 128, 129, 136, 143, 148, 149, 151, 153, 156, 174, 178, 181, 193, 196, 208, 210, 215, 231, 238, 240, 247, 250, 251, 253, 255, 258, 263, 264, 270, 271, 274, 276, 278, 280, 284, 294, 297, 309, 310, 311, 313, 316, 318, 319, 320, 339, 351, 353, 355, 357, 359, 360, 373, 378, 383]"
35,"[293, 135, 87, 134, 70, 210, 358, 158, 8, 2, 51, 308, 26, 224, 381, 41, 238, 161, 56, 271, 143, 251, 174, 22, 97, 326, 200, 75, 165, 221, 379, 226, 142, 43, 300, 313, 148, 114, 32, 35, 157, 209, 282, 234, 219, 130, 299, 164, 192, 191, 355, 66, 364, 287, 257, 179, 147, 172, 81, 337, 307, 68, 283, 136, 322, 71, 348, 137, 9, 352, 86, 72, 328, 279, 361, 342, 268, 112, 78, 247, 19, 5, 269, 330, 132, 128, 146, 206, 369, 58, 260, 153, 285, 13, 108, 235, 296, 145, 323, 63, 156, 44, 30, 232, 214, 310, 76, 368, 277, 383, 297, 212, 55, 85, 144, 202, 218, 12, 96, 321, 252, 188, 37, 125, 231, 239, 253, 254, 341, 14, 131, 339, 50, 203, 0, 376, 213, 178, 33, 28, 113, 347, 103, 198, 119, 223, 316, 312, 290, 281, 284, 196, 16, 250, 149, 357, 302, 258, 24, 124, 242, 380, 3, 45, 289, 152, 199, 195, 298, 222, 171, 261, 175, 349, 237, 338, 17, 101, 31, 229, 278, 230, 190, 54, 173, 286, 7, 80, 39, 138, 305, 115]","[224, 2, 273, 277, 373, 210, 219, 304, 183, 132, 73, 295, 39, 81, 363, 230, 123, 207, 349, 65, 324, 78, 217, 50, 94, 377, 359, 91, 369, 233, 308, 70, 350, 298, 269, 180, 330, 383, 346, 60, 14, 100, 221, 190, 239, 7, 348, 158, 126, 31, 18, 42, 171, 379, 108, 102, 237, 82, 275, 149, 189, 374, 208, 79, 139, 61, 99, 95, 76, 306, 218, 179, 114, 305, 263, 47, 128, 290, 195, 361, 131, 205, 197, 300, 268, 63, 343, 367, 32, 45, 288, 232, 228, 25, 245, 289, 351, 59, 77, 165, 142, 161, 222, 52, 57, 156, 124, 211, 316, 147, 360, 135, 229, 93, 358, 192, 199, 270, 153, 313, 129, 292, 137, 376, 220, 311, 16, 253, 227, 366, 201, 322, 103, 244, 75, 110, 58, 118, 148, 226, 17, 340, 8, 334, 365, 364, 206, 293, 10, 341, 307, 105, 214, 283, 193, 6, 286, 22, 352, 281, 331, 259, 362, 120, 320, 107, 66, 109, 344, 34, 113, 38, 68, 141, 234, 247, 371, 257, 378, 382, 169, 347, 357, 86, 250, 44, 241, 172, 56, 182, 36, 136]","[2, 7, 8, 14, 16, 17, 22, 31, 32, 39, 44, 45, 50, 56, 58, 63, 66, 68, 70, 75, 76, 78, 81, 86, 103, 108, 113, 114, 124, 128, 131, 132, 135, 136, 137, 142, 147, 148, 149, 153, 156, 158, 161, 165, 171, 172, 179, 190, 192, 195, 199, 206, 210, 214, 218, 219, 221, 222, 224, 226, 229, 230, 232, 234, 237, 239, 247, 250, 253, 257, 268, 269, 277, 281, 283, 286, 289, 290, 293, 298, 300, 305, 307, 308, 313, 316, 322, 330, 341, 347, 348, 349, 352, 357, 358, 361, 364, 369, 376, 379, 383]"
36,"[154, 64, 344, 284, 291, 342, 1, 194, 56, 32, 119, 213, 249, 36, 168, 236, 76, 218, 274, 259, 359, 145, 86, 293, 355, 101, 122, 113, 18, 27, 279, 169, 263, 212, 374, 230, 365, 128, 334, 347, 151, 354, 303, 199, 150, 237, 380, 0, 84, 255, 70, 34, 326, 185, 132, 78, 285, 382, 226, 117, 124, 198, 156, 45, 147, 29, 357, 114, 90, 47, 155, 112, 93, 13, 276, 187, 30, 278, 166, 261, 62, 369, 61, 328, 243, 281, 202, 126, 295, 208, 216, 10, 52, 300, 372, 87, 104, 205, 310, 152, 176, 157, 339, 331, 141, 321, 318, 83, 159, 313, 67, 262, 68, 165, 296, 251, 118, 43, 311, 337, 71, 75, 227, 238, 360, 288, 253, 57, 182, 183, 137, 211, 41, 31, 304, 368, 228, 350, 110, 320, 173, 59, 79, 106, 307, 92, 256, 246, 184, 136, 308, 314, 322, 20, 315, 302, 335, 130, 2, 12, 383, 60, 195, 340, 129, 348, 189, 51, 65, 266, 39, 371, 49, 142, 66, 330, 343, 364, 179, 233, 40, 327, 25, 94, 149, 316, 188, 109, 287, 5, 349, 358]","[277, 217, 66, 38, 111, 115, 19, 237, 315, 338, 243, 305, 170, 7, 293, 124, 238, 107, 235, 173, 246, 13, 94, 274, 306, 275, 312, 177, 165, 150, 1, 60, 325, 125, 99, 42, 32, 189, 289, 31, 221, 358, 130, 6, 14, 288, 147, 24, 138, 117, 241, 234, 201, 171, 366, 156, 29, 65, 8, 250, 179, 44, 359, 280, 162, 351, 15, 52, 255, 266, 357, 40, 333, 276, 347, 345, 225, 353, 51, 265, 100, 185, 68, 34, 205, 121, 254, 131, 253, 269, 10, 20, 154, 92, 257, 278, 109, 80, 4, 304, 211, 158, 377, 74, 48, 128, 292, 245, 49, 209, 64, 307, 282, 192, 228, 300, 229, 105, 152, 157, 151, 319, 321, 323, 149, 271, 334, 72, 67, 82, 182, 186, 261, 83, 270, 287, 9, 122, 112, 330, 97, 263, 259, 272, 78, 119, 133, 220, 297, 260, 296, 77, 267, 187, 346, 251, 327, 337, 166, 123, 145, 17, 85, 324, 79, 256, 193, 375, 341, 249, 180, 329, 71, 342, 69, 279, 81, 240, 61, 91, 232, 354, 73, 153, 148, 273, 126, 236, 22, 106, 135, 176]","[1, 10, 13, 20, 29, 31, 32, 34, 40, 49, 51, 52, 60, 61, 64, 65, 66, 67, 68, 71, 78, 79, 83, 92, 94, 106, 109, 112, 117, 119, 122, 124, 126, 128, 130, 145, 147, 149, 150, 151, 152, 154, 156, 157, 165, 166, 173, 176, 179, 182, 185, 187, 189, 205, 211, 228, 236, 237, 238, 243, 246, 249, 251, 253, 255, 256, 259, 261, 263, 266, 274, 276, 278, 279, 287, 288, 293, 296, 300, 304, 307, 315, 321, 327, 330, 334, 337, 342, 347, 354, 357, 358, 359]"
37,"[289, 360, 205, 193, 28, 116, 325, 12, 103, 323, 353, 375, 175, 276, 75, 84, 106, 316, 319, 174, 10, 36, 230, 181, 341, 148, 160, 229, 225, 29, 124, 142, 211, 240, 164, 104, 182, 292, 357, 227, 314, 217, 328, 18, 165, 261, 377, 37, 43, 131, 68, 362, 97, 331, 308, 329, 121, 102, 163, 327, 33, 296, 41, 156, 280, 258, 210, 204, 304, 215, 76, 32, 154, 243, 361, 135, 134, 322, 346, 334, 15, 130, 85, 208, 24, 153, 161, 27, 297, 191, 58, 337, 226, 203, 139, 114, 118, 166, 233, 60, 270, 99, 250, 265, 87, 373, 383, 254, 363, 290, 343, 115, 335, 81, 338, 57, 206, 105, 303, 110, 90, 367, 126, 123, 19, 149, 26, 47, 235, 295, 151, 351, 348, 167, 129, 98, 188, 239, 30, 169, 214, 20, 299, 189, 176, 247, 311, 355, 62, 199, 313, 16, 293, 374, 159, 144, 198, 330, 381, 71, 347, 4, 241, 91, 44, 178, 263, 344, 120, 93, 232, 107, 356, 11, 195, 88, 59, 69, 288, 285, 22, 150, 218, 117, 177, 56, 67, 55, 21, 113, 89, 370]","[200, 147, 75, 161, 146, 77, 310, 365, 122, 65, 144, 364, 169, 238, 315, 58, 105, 25, 279, 181, 9, 93, 226, 331, 352, 213, 101, 341, 120, 323, 83, 317, 383, 225, 64, 139, 42, 33, 342, 131, 264, 377, 243, 108, 31, 240, 361, 138, 73, 30, 294, 36, 140, 330, 257, 325, 295, 281, 38, 16, 117, 381, 329, 2, 340, 232, 127, 71, 300, 343, 312, 196, 199, 262, 346, 266, 168, 151, 357, 111, 332, 209, 103, 8, 115, 162, 208, 132, 96, 74, 239, 211, 296, 320, 378, 287, 7, 53, 313, 278, 274, 136, 35, 130, 148, 0, 116, 198, 334, 354, 178, 283, 263, 380, 11, 171, 41, 27, 379, 5, 183, 129, 6, 290, 114, 82, 247, 284, 288, 231, 13, 133, 203, 166, 78, 15, 356, 159, 207, 23, 328, 338, 233, 154, 306, 228, 59, 88, 149, 335, 282, 353, 314, 141, 76, 126, 56, 237, 46, 277, 189, 45, 90, 43, 195, 185, 253, 119, 249, 235, 303, 202, 180, 124, 272, 259, 34, 175, 255, 219, 109, 280, 256, 293, 212, 194, 95, 54, 106, 258, 265, 86]","[11, 15, 16, 27, 30, 33, 36, 41, 43, 56, 58, 59, 71, 75, 76, 88, 90, 93, 103, 105, 106, 114, 115, 116, 117, 120, 124, 126, 129, 130, 131, 139, 144, 148, 149, 151, 154, 159, 161, 166, 169, 175, 178, 181, 189, 195, 198, 199, 203, 208, 211, 225, 226, 232, 233, 235, 239, 240, 243, 247, 258, 263, 265, 280, 288, 290, 293, 295, 296, 303, 313, 314, 323, 325, 328, 329, 330, 331, 334, 335, 338, 341, 343, 346, 353, 356, 357, 361, 377, 381, 383]"
38,"[373, 291, 182, 111, 178, 248, 356, 70, 135, 51, 6, 84, 321, 97, 312, 131, 102, 162, 163, 133, 63, 8, 365, 264, 130, 237, 167, 52, 257, 234, 236, 15, 350, 290, 25, 202, 5, 53, 12, 353, 265, 226, 293, 54, 192, 1, 106, 247, 238, 302, 319, 154, 146, 152, 308, 251, 14, 103, 311, 275, 351, 306, 112, 124, 114, 227, 369, 39, 157, 197, 287, 37, 343, 342, 13, 250, 379, 214, 7, 292, 328, 371, 366, 231, 370, 193, 140, 137, 83, 253, 75, 327, 256, 4, 374, 242, 121, 348, 317, 176, 82, 30, 229, 314, 147, 144, 175, 100, 148, 180, 93, 159, 66, 145, 47, 335, 339, 244, 24, 17, 28, 57, 331, 345, 337, 61, 173, 383, 113, 230, 105, 221, 357, 60, 269, 372, 207, 249, 126, 255, 315, 116, 94, 267, 78, 259, 358, 46, 334, 35, 362, 62, 96, 216, 199, 378, 316, 382, 212, 22, 304, 322, 224, 190, 79, 143, 40, 31, 318, 177, 27, 136, 222, 295, 183, 65, 239, 2, 185, 323, 326, 278, 294, 58, 29, 325, 194, 90, 347, 129, 181, 258]","[364, 132, 195, 142, 42, 314, 182, 75, 279, 288, 344, 175, 151, 54, 335, 103, 116, 276, 58, 259, 342, 272, 177, 269, 164, 303, 9, 277, 305, 48, 376, 138, 325, 155, 143, 108, 72, 367, 345, 53, 101, 324, 320, 382, 304, 95, 174, 247, 312, 211, 50, 107, 299, 336, 168, 280, 90, 353, 378, 97, 184, 57, 241, 22, 102, 231, 163, 21, 149, 29, 169, 380, 238, 104, 4, 63, 248, 242, 302, 351, 240, 141, 327, 201, 227, 173, 78, 145, 187, 109, 176, 283, 66, 126, 278, 68, 134, 217, 374, 287, 156, 352, 256, 129, 87, 106, 333, 250, 255, 76, 258, 122, 55, 315, 23, 203, 1, 154, 328, 234, 218, 10, 220, 337, 194, 265, 310, 39, 271, 343, 213, 373, 94, 40, 209, 114, 192, 275, 362, 41, 26, 100, 200, 236, 38, 359, 13, 206, 112, 64, 292, 311, 70, 31, 228, 254, 264, 123, 18, 368, 19, 36, 119, 334, 65, 207, 332, 226, 208, 366, 74, 178, 349, 381, 144, 216, 189, 306, 371, 52, 273, 245, 274, 347, 294, 375, 47, 91, 0, 85, 340, 69]","[1, 4, 13, 22, 29, 31, 39, 40, 47, 52, 53, 54, 57, 58, 63, 65, 66, 70, 75, 78, 90, 94, 97, 100, 102, 103, 106, 112, 114, 116, 126, 129, 143, 144, 145, 154, 163, 173, 175, 176, 177, 178, 182, 192, 194, 207, 216, 226, 227, 231, 234, 236, 238, 242, 247, 248, 250, 255, 256, 258, 259, 264, 265, 269, 275, 278, 287, 292, 294, 302, 304, 306, 311, 312, 314, 315, 325, 327, 328, 334, 335, 337, 342, 343, 345, 347, 351, 353, 362, 366, 371, 373, 374, 378, 382]"
39,"[330, 104, 285, 39, 128, 273, 204, 41, 79, 103, 23, 305, 74, 222, 366, 346, 321, 217, 192, 69, 224, 108, 136, 58, 6, 149, 181, 213, 54, 329, 148, 375, 237, 107, 190, 221, 228, 115, 296, 44, 91, 340, 332, 320, 275, 146, 73, 86, 220, 12, 111, 322, 209, 230, 376, 161, 336, 189, 342, 15, 267, 339, 177, 173, 72, 216, 147, 21, 225, 127, 292, 272, 343, 317, 195, 238, 226, 256, 142, 159, 241, 313, 191, 5, 84, 119, 160, 183, 16, 182, 347, 174, 52, 137, 362, 333, 38, 172, 302, 382, 234, 242, 66, 89, 97, 8, 10, 291, 356, 122, 245, 90, 324, 198, 125, 307, 214, 229, 248, 4, 308, 345, 150, 244, 243, 306, 82, 87, 71, 311, 257, 99, 166, 3, 59, 232, 326, 240, 113, 33, 165, 379, 269, 186, 210, 365, 133, 185, 299, 170, 219, 233, 168, 254, 280, 278, 126, 25, 319, 7, 341, 298, 297, 300, 301, 378, 29, 344, 289, 117, 199, 258, 14, 193, 309, 282, 70, 227, 276, 124, 92, 62, 266, 260, 17, 373, 114, 368, 180, 207, 249, 259]","[152, 161, 219, 34, 311, 264, 106, 157, 87, 181, 11, 95, 243, 81, 224, 170, 304, 105, 225, 173, 377, 334, 92, 373, 329, 191, 155, 149, 378, 23, 66, 354, 182, 183, 274, 336, 205, 383, 125, 140, 337, 79, 33, 251, 113, 73, 291, 292, 355, 351, 248, 368, 290, 198, 18, 195, 314, 14, 284, 116, 22, 40, 54, 245, 112, 271, 301, 246, 369, 262, 254, 134, 136, 78, 177, 293, 238, 168, 228, 361, 145, 94, 6, 241, 197, 28, 214, 13, 363, 349, 176, 117, 162, 193, 357, 84, 381, 146, 300, 45, 98, 55, 57, 206, 128, 283, 364, 52, 295, 58, 258, 226, 259, 366, 101, 187, 211, 75, 230, 244, 348, 333, 180, 82, 374, 172, 56, 159, 31, 190, 247, 261, 216, 342, 318, 328, 12, 235, 139, 83, 96, 201, 189, 380, 164, 8, 303, 123, 142, 25, 345, 102, 130, 200, 343, 306, 272, 282, 287, 131, 375, 269, 308, 85, 315, 153, 36, 150, 192, 42, 299, 70, 339, 77, 156, 270, 63, 167, 215, 265, 62, 227, 137, 209, 80, 148, 370, 65, 234, 110, 232, 60]","[6, 8, 12, 14, 23, 25, 33, 52, 54, 58, 62, 66, 70, 73, 79, 82, 84, 87, 92, 113, 117, 125, 128, 136, 137, 142, 146, 148, 149, 150, 159, 161, 168, 170, 172, 173, 177, 180, 181, 182, 183, 189, 190, 191, 192, 193, 195, 198, 209, 214, 216, 219, 224, 225, 226, 227, 228, 230, 232, 234, 238, 241, 243, 244, 245, 248, 254, 258, 259, 269, 272, 282, 291, 292, 299, 300, 301, 306, 308, 311, 329, 333, 336, 339, 342, 343, 345, 366, 368, 373, 375, 378]"
40,"[374, 201, 28, 169, 196, 110, 18, 135, 40, 246, 228, 3, 172, 112, 4, 339, 11, 320, 115, 131, 200, 6, 347, 17, 7, 252, 63, 160, 139, 288, 41, 36, 336, 276, 382, 383, 43, 39, 183, 125, 67, 55, 343, 87, 238, 218, 209, 26, 181, 143, 269, 82, 94, 79, 380, 341, 34, 372, 109, 314, 267, 356, 259, 38, 219, 268, 321, 311, 313, 295, 178, 202, 195, 120, 322, 333, 260, 0, 361, 278, 130, 140, 363, 102, 179, 73, 377, 266, 152, 9, 271, 323, 118, 194, 224, 306, 349, 197, 98, 342, 176, 42, 229, 366, 280, 132, 351, 234, 373, 355, 182, 57, 270, 352, 5, 292, 315, 291, 279, 19, 48, 253, 13, 49, 346, 45, 22, 177, 189, 223, 166, 378, 257, 83, 263, 153, 54, 241, 21, 242, 78, 92, 340, 303, 150, 213, 10, 155, 187, 23, 27, 119, 294, 111, 15, 277, 75, 275, 226, 289, 121, 30, 365, 204, 29, 325, 357, 243, 211, 180, 100, 68, 136, 296, 14, 76, 171, 317, 344, 142, 154, 129, 192, 141, 20, 217, 116, 207, 144, 368, 362, 302]","[18, 135, 122, 359, 36, 52, 182, 131, 261, 81, 20, 176, 313, 85, 172, 3, 205, 62, 181, 371, 26, 160, 167, 252, 149, 155, 111, 198, 264, 259, 355, 330, 230, 269, 128, 246, 183, 153, 22, 271, 216, 88, 365, 345, 170, 287, 6, 133, 215, 338, 58, 53, 118, 254, 276, 134, 310, 247, 29, 322, 315, 323, 49, 157, 107, 256, 301, 7, 61, 223, 316, 147, 342, 120, 184, 66, 236, 24, 243, 91, 224, 298, 212, 194, 119, 324, 333, 218, 168, 370, 207, 136, 89, 141, 156, 279, 195, 8, 152, 123, 290, 273, 19, 234, 349, 203, 51, 86, 251, 158, 347, 357, 217, 372, 240, 381, 300, 362, 41, 77, 73, 191, 233, 307, 11, 78, 201, 199, 255, 348, 319, 200, 248, 45, 148, 311, 4, 151, 69, 296, 340, 40, 23, 166, 373, 188, 245, 302, 31, 142, 10, 226, 286, 220, 202, 144, 48, 87, 44, 344, 95, 27, 193, 71, 331, 351, 28, 309, 37, 82, 253, 229, 299, 293, 115, 268, 222, 284, 361, 376, 289, 380, 163, 339, 305, 211, 377, 47, 343, 129, 265, 76]","[3, 4, 6, 7, 10, 11, 18, 19, 20, 22, 23, 26, 27, 28, 29, 36, 40, 41, 45, 48, 49, 73, 76, 78, 82, 87, 111, 115, 118, 119, 120, 129, 131, 135, 136, 141, 142, 144, 152, 153, 155, 160, 166, 172, 176, 181, 182, 183, 194, 195, 200, 201, 202, 207, 211, 217, 218, 223, 224, 226, 229, 234, 243, 246, 252, 253, 259, 268, 269, 271, 276, 279, 289, 296, 302, 311, 313, 315, 322, 323, 333, 339, 340, 342, 343, 344, 347, 349, 351, 355, 357, 361, 362, 365, 372, 373, 377, 380]"
41,"[347, 233, 241, 261, 198, 99, 135, 154, 196, 240, 139, 344, 361, 113, 50, 343, 24, 2, 214, 170, 379, 297, 178, 294, 226, 217, 65, 253, 231, 318, 187, 311, 171, 324, 145, 301, 334, 175, 26, 163, 276, 80, 142, 304, 138, 354, 359, 128, 366, 149, 28, 46, 249, 321, 30, 237, 342, 182, 42, 300, 250, 148, 204, 349, 117, 40, 90, 161, 116, 134, 57, 337, 66, 345, 302, 195, 96, 188, 323, 286, 378, 29, 382, 317, 278, 356, 124, 33, 160, 172, 202, 51, 269, 114, 254, 110, 78, 312, 264, 5, 368, 274, 307, 205, 92, 244, 273, 174, 306, 15, 341, 289, 340, 305, 326, 331, 47, 60, 101, 59, 380, 67, 123, 193, 127, 285, 281, 329, 257, 71, 282, 295, 251, 298, 120, 167, 109, 162, 19, 268, 235, 227, 88, 211, 119, 89, 152, 32, 133, 104, 208, 292, 197, 328, 126, 351, 216, 44, 315, 308, 259, 56, 115, 16, 61, 299, 206, 97, 256, 221, 309, 258, 23, 12, 362, 225, 156, 352, 86, 209, 219, 151, 320, 339, 9, 270, 248, 157, 346, 229, 98, 35]","[75, 204, 299, 176, 82, 29, 50, 212, 259, 274, 227, 108, 354, 273, 16, 284, 130, 179, 330, 356, 70, 126, 30, 241, 368, 102, 287, 4, 321, 260, 71, 375, 276, 283, 89, 157, 307, 269, 63, 333, 268, 341, 217, 376, 25, 215, 349, 131, 311, 197, 289, 210, 343, 262, 93, 44, 177, 37, 146, 15, 83, 325, 237, 221, 45, 253, 150, 111, 294, 113, 249, 172, 352, 359, 382, 188, 87, 13, 8, 242, 76, 17, 365, 206, 6, 246, 319, 251, 141, 323, 190, 374, 326, 144, 56, 193, 10, 184, 12, 209, 166, 14, 128, 357, 358, 194, 360, 181, 178, 329, 344, 145, 158, 238, 211, 254, 171, 301, 361, 314, 3, 334, 324, 74, 350, 39, 366, 1, 308, 264, 96, 355, 117, 175, 222, 267, 159, 347, 124, 192, 281, 271, 27, 120, 42, 5, 162, 257, 277, 88, 64, 380, 105, 33, 164, 363, 195, 149, 72, 167, 315, 213, 161, 275, 9, 81, 136, 245, 202, 263, 165, 32, 79, 342, 288, 138, 58, 170, 180, 250, 367, 303, 99, 106, 327, 103, 200, 234, 292, 127, 68, 313]","[5, 9, 12, 15, 16, 29, 30, 32, 33, 42, 44, 50, 56, 71, 88, 89, 96, 99, 113, 117, 120, 124, 126, 127, 128, 138, 145, 149, 157, 161, 162, 167, 170, 171, 172, 175, 178, 188, 193, 195, 197, 202, 204, 206, 209, 211, 217, 221, 227, 237, 241, 249, 250, 251, 253, 254, 257, 259, 264, 268, 269, 273, 274, 276, 281, 289, 292, 294, 299, 301, 307, 308, 311, 315, 321, 323, 324, 326, 329, 334, 341, 342, 343, 344, 347, 349, 352, 354, 356, 359, 361, 366, 368, 380, 382]"
42,"[47, 241, 183, 180, 140, 76, 0, 323, 37, 269, 175, 189, 348, 377, 90, 96, 105, 190, 268, 285, 290, 326, 306, 358, 122, 173, 297, 194, 265, 158, 231, 338, 65, 229, 57, 312, 205, 36, 12, 66, 369, 226, 355, 146, 383, 374, 259, 300, 199, 61, 262, 177, 315, 152, 129, 341, 52, 330, 138, 8, 380, 280, 51, 124, 106, 165, 19, 210, 321, 382, 365, 250, 2, 332, 186, 170, 263, 225, 164, 184, 381, 148, 166, 38, 117, 230, 17, 154, 132, 212, 71, 18, 131, 70, 88, 309, 185, 313, 201, 72, 235, 346, 329, 211, 356, 21, 34, 94, 370, 243, 145, 242, 15, 363, 245, 379, 282, 373, 43, 142, 74, 318, 244, 343, 22, 42, 23, 116, 264, 219, 14, 317, 360, 340, 249, 163, 191, 305, 368, 153, 179, 143, 310, 359, 28, 237, 279, 97, 98, 252, 62, 108, 85, 342, 304, 162, 171, 246, 188, 147, 151, 127, 200, 353, 233, 375, 121, 13, 29, 316, 327, 87, 174, 53, 86, 361, 60, 253, 112, 33, 344, 254, 114, 109, 9, 107, 26, 362, 220, 209, 195, 228]","[78, 277, 208, 372, 368, 130, 2, 296, 93, 90, 173, 111, 287, 217, 213, 101, 363, 112, 24, 319, 0, 315, 35, 382, 155, 295, 124, 207, 254, 334, 123, 59, 280, 367, 355, 286, 12, 240, 188, 7, 357, 178, 73, 137, 253, 331, 228, 294, 144, 76, 36, 114, 104, 350, 25, 108, 192, 117, 378, 289, 255, 109, 276, 19, 139, 224, 169, 239, 268, 374, 175, 205, 288, 274, 204, 237, 320, 214, 376, 307, 106, 71, 212, 246, 362, 127, 38, 347, 168, 197, 369, 125, 98, 84, 133, 153, 301, 370, 326, 199, 322, 279, 202, 302, 30, 65, 198, 9, 299, 181, 244, 373, 252, 377, 263, 338, 61, 354, 66, 303, 332, 234, 247, 186, 34, 365, 375, 146, 136, 81, 142, 165, 26, 242, 72, 179, 266, 348, 209, 148, 120, 339, 147, 269, 89, 74, 196, 189, 95, 23, 278, 92, 317, 335, 44, 18, 230, 170, 313, 119, 171, 283, 345, 351, 21, 265, 273, 316, 300, 135, 166, 356, 227, 284, 41, 221, 85, 352, 50, 219, 79, 271, 134, 20, 270, 57, 311, 68, 330, 297, 177, 49]","[0, 2, 9, 12, 18, 19, 21, 23, 26, 34, 36, 38, 57, 61, 65, 66, 71, 72, 74, 76, 85, 90, 98, 106, 108, 109, 112, 114, 117, 124, 127, 142, 146, 147, 148, 153, 165, 166, 170, 171, 173, 175, 177, 179, 186, 188, 189, 199, 205, 209, 212, 219, 228, 230, 237, 242, 244, 246, 252, 253, 254, 263, 265, 268, 269, 279, 280, 297, 300, 313, 315, 316, 317, 326, 330, 332, 338, 348, 355, 356, 362, 363, 365, 368, 369, 370, 373, 374, 375, 377, 382]"
43,"[263, 52, 223, 68, 84, 249, 3, 372, 224, 87, 160, 14, 35, 286, 65, 33, 48, 270, 365, 60, 114, 232, 257, 92, 275, 93, 127, 75, 177, 190, 184, 106, 241, 90, 208, 369, 330, 10, 233, 7, 66, 176, 104, 58, 85, 250, 254, 299, 40, 259, 328, 116, 77, 246, 222, 209, 148, 140, 274, 73, 279, 188, 133, 200, 237, 327, 264, 220, 287, 215, 204, 206, 0, 300, 168, 306, 39, 236, 96, 235, 380, 155, 334, 225, 32, 149, 175, 367, 34, 267, 381, 55, 374, 185, 49, 314, 145, 349, 234, 20, 23, 74, 239, 321, 269, 227, 174, 187, 107, 203, 289, 111, 360, 1, 308, 137, 332, 191, 121, 342, 164, 371, 2, 353, 54, 265, 122, 64, 197, 180, 322, 318, 131, 363, 346, 243, 31, 36, 352, 129, 91, 357, 319, 368, 278, 347, 207, 119, 24, 247, 252, 57, 81, 284, 198, 193, 297, 282, 165, 316, 348, 115, 27, 134, 355, 309, 13, 266, 181, 170, 186, 315, 331, 356, 163, 150, 351, 337, 178, 78, 295, 291, 47, 251, 162, 62, 213, 29, 199, 125, 338, 135]","[380, 207, 181, 88, 276, 20, 137, 198, 215, 133, 107, 180, 303, 197, 80, 282, 318, 159, 72, 41, 270, 141, 93, 242, 250, 287, 95, 302, 86, 256, 375, 173, 291, 155, 310, 188, 301, 372, 234, 24, 132, 16, 370, 17, 283, 182, 61, 43, 293, 101, 254, 142, 89, 195, 367, 214, 366, 355, 68, 19, 28, 298, 205, 258, 290, 352, 245, 120, 2, 59, 284, 136, 92, 33, 357, 297, 113, 83, 134, 371, 305, 281, 229, 292, 208, 114, 8, 74, 320, 200, 311, 294, 249, 272, 226, 231, 162, 77, 238, 265, 87, 322, 57, 112, 266, 321, 273, 29, 201, 185, 334, 48, 177, 232, 146, 99, 52, 153, 165, 358, 210, 346, 239, 261, 37, 26, 347, 252, 143, 115, 326, 105, 119, 379, 243, 247, 192, 262, 27, 360, 66, 219, 308, 38, 315, 109, 306, 97, 285, 193, 35, 348, 286, 376, 314, 224, 121, 123, 47, 330, 5, 349, 202, 21, 55, 85, 364, 340, 70, 267, 0, 271, 199, 233, 332, 264, 149, 30, 288, 65, 186, 255, 125, 122, 189, 147, 246, 342, 235, 368, 144, 108]","[0, 2, 20, 24, 27, 29, 33, 35, 47, 48, 52, 55, 57, 65, 66, 68, 74, 77, 85, 87, 92, 93, 107, 114, 115, 119, 121, 122, 125, 133, 134, 137, 149, 155, 162, 165, 177, 180, 181, 185, 186, 188, 193, 197, 198, 199, 200, 207, 208, 215, 224, 232, 233, 234, 235, 239, 243, 246, 247, 249, 250, 252, 254, 264, 265, 266, 267, 270, 282, 284, 286, 287, 291, 297, 306, 308, 314, 315, 318, 321, 322, 330, 332, 334, 342, 346, 347, 348, 349, 352, 355, 357, 360, 367, 368, 371, 372, 380]"
44,"[301, 355, 372, 83, 13, 314, 306, 193, 344, 367, 11, 340, 68, 51, 298, 93, 210, 163, 7, 212, 114, 24, 89, 146, 362, 217, 223, 209, 74, 225, 120, 358, 5, 99, 311, 315, 213, 320, 78, 33, 174, 382, 50, 165, 177, 288, 66, 224, 259, 42, 106, 221, 248, 3, 145, 0, 200, 141, 107, 349, 164, 116, 64, 357, 229, 316, 162, 293, 328, 4, 166, 169, 232, 37, 274, 90, 195, 304, 151, 249, 240, 75, 330, 180, 256, 44, 91, 318, 335, 58, 131, 119, 136, 245, 105, 122, 346, 257, 154, 269, 303, 332, 199, 338, 307, 100, 130, 167, 235, 142, 226, 291, 61, 263, 140, 208, 363, 35, 147, 79, 189, 85, 365, 361, 308, 182, 27, 185, 207, 16, 80, 47, 236, 38, 40, 354, 324, 317, 36, 134, 247, 339, 250, 305, 283, 326, 265, 313, 202, 364, 337, 55, 149, 123, 206, 370, 67, 345, 287, 6, 282, 94, 2, 132, 203, 65, 204, 171, 156, 21, 312, 302, 148, 336, 380, 348, 196, 138, 41, 230, 366, 297, 321, 360, 261, 184, 101, 172, 234, 139, 286, 253]","[339, 45, 30, 375, 160, 333, 59, 259, 142, 287, 84, 234, 370, 373, 321, 73, 193, 159, 116, 163, 328, 8, 134, 289, 64, 135, 35, 149, 78, 2, 302, 285, 330, 279, 303, 364, 58, 238, 174, 244, 262, 239, 325, 21, 355, 379, 277, 19, 75, 306, 272, 251, 369, 168, 230, 318, 89, 275, 381, 91, 229, 99, 167, 245, 66, 34, 317, 344, 227, 350, 129, 141, 191, 274, 98, 17, 345, 342, 3, 226, 371, 154, 51, 357, 263, 180, 196, 85, 140, 240, 211, 40, 117, 334, 145, 155, 329, 13, 83, 322, 128, 39, 57, 361, 123, 332, 250, 122, 210, 220, 0, 326, 261, 278, 139, 290, 336, 204, 104, 338, 136, 93, 203, 378, 158, 150, 24, 86, 356, 181, 206, 346, 22, 343, 348, 347, 71, 351, 337, 185, 258, 335, 176, 305, 254, 127, 20, 195, 94, 212, 284, 247, 202, 62, 186, 309, 69, 29, 27, 257, 111, 14, 133, 281, 7, 179, 209, 5, 235, 311, 183, 232, 190, 340, 354, 178, 218, 197, 60, 187, 9, 353, 54, 106, 231, 90, 363, 216, 248, 161, 368, 72]","[0, 2, 3, 5, 7, 13, 21, 24, 27, 35, 40, 51, 58, 64, 66, 75, 78, 83, 85, 89, 90, 91, 93, 94, 99, 106, 116, 122, 123, 134, 136, 139, 140, 141, 142, 145, 149, 154, 163, 167, 174, 180, 185, 193, 195, 196, 202, 203, 204, 206, 209, 210, 212, 226, 229, 230, 232, 234, 235, 240, 245, 247, 248, 250, 257, 259, 261, 263, 274, 287, 302, 303, 305, 306, 311, 317, 318, 321, 326, 328, 330, 332, 335, 336, 337, 338, 339, 340, 344, 345, 346, 348, 354, 355, 357, 361, 363, 364, 370]"
45,"[262, 291, 48, 199, 315, 125, 158, 211, 354, 217, 345, 353, 131, 126, 33, 344, 65, 236, 288, 42, 66, 273, 205, 173, 302, 376, 94, 249, 356, 58, 12, 295, 139, 328, 272, 122, 374, 260, 232, 342, 203, 156, 176, 109, 265, 286, 87, 339, 358, 370, 32, 197, 74, 228, 264, 20, 169, 85, 98, 145, 281, 191, 331, 222, 135, 268, 49, 35, 185, 242, 186, 40, 248, 326, 102, 200, 330, 214, 23, 308, 60, 92, 196, 210, 269, 278, 251, 209, 30, 166, 2, 263, 141, 188, 316, 9, 346, 160, 245, 267, 62, 28, 5, 206, 99, 332, 71, 179, 120, 296, 318, 47, 317, 167, 233, 80, 237, 16, 261, 304, 235, 162, 29, 0, 341, 77, 213, 250, 53, 287, 82, 329, 50, 359, 138, 114, 128, 69, 21, 208, 201, 43, 258, 195, 119, 212, 182, 271, 86, 274, 327, 257, 67, 367, 297, 19, 132, 321, 38, 44, 39, 255, 241, 380, 36, 110, 88, 324, 46, 305, 375, 283, 357, 76, 61, 68, 362, 64, 252, 133, 147, 335, 70, 223, 366, 54, 360, 154, 270, 371, 157, 57]","[38, 153, 35, 288, 357, 181, 307, 166, 109, 174, 272, 80, 63, 374, 345, 369, 89, 133, 170, 360, 246, 34, 261, 149, 204, 142, 253, 232, 185, 141, 240, 375, 201, 87, 30, 213, 199, 226, 50, 16, 33, 286, 316, 163, 129, 224, 1, 296, 362, 75, 106, 297, 305, 278, 220, 346, 2, 332, 100, 284, 273, 21, 312, 86, 344, 92, 231, 52, 326, 11, 383, 31, 29, 247, 298, 244, 49, 215, 147, 233, 359, 235, 264, 138, 104, 339, 193, 176, 139, 208, 358, 108, 101, 216, 342, 270, 276, 300, 227, 328, 302, 313, 183, 90, 222, 28, 373, 303, 168, 54, 279, 3, 223, 91, 371, 115, 157, 98, 365, 184, 131, 179, 79, 351, 341, 123, 238, 27, 144, 304, 266, 202, 239, 277, 69, 340, 145, 323, 111, 192, 114, 47, 218, 156, 158, 132, 281, 173, 229, 78, 376, 140, 121, 205, 331, 7, 306, 118, 48, 116, 136, 200, 10, 262, 194, 20, 117, 187, 128, 110, 367, 99, 125, 301, 152, 214, 82, 269, 18, 221, 236, 164, 249, 102, 324, 210, 245, 243, 180, 327, 96, 320]","[2, 16, 20, 21, 28, 29, 30, 33, 35, 38, 47, 48, 49, 50, 54, 69, 80, 82, 86, 87, 92, 98, 99, 102, 109, 110, 114, 125, 128, 131, 132, 133, 138, 139, 141, 145, 147, 156, 157, 158, 166, 173, 176, 179, 185, 199, 200, 201, 205, 208, 210, 213, 214, 222, 223, 232, 233, 235, 236, 245, 249, 261, 262, 264, 269, 270, 272, 273, 278, 281, 286, 288, 296, 297, 302, 304, 305, 316, 324, 326, 327, 328, 331, 332, 339, 341, 342, 344, 345, 346, 357, 358, 359, 360, 362, 367, 371, 374, 375, 376]"
46,"[272, 295, 348, 344, 93, 299, 354, 327, 106, 340, 291, 145, 87, 185, 168, 197, 242, 122, 141, 134, 338, 277, 325, 335, 213, 318, 63, 232, 251, 175, 18, 304, 90, 355, 86, 179, 324, 60, 61, 220, 328, 38, 287, 28, 290, 210, 302, 331, 345, 329, 356, 45, 8, 132, 363, 271, 231, 379, 53, 69, 22, 224, 343, 51, 200, 161, 362, 128, 285, 298, 178, 40, 54, 73, 104, 129, 166, 58, 153, 46, 237, 64, 211, 1, 72, 322, 216, 381, 203, 32, 357, 89, 375, 12, 148, 255, 188, 163, 198, 245, 67, 114, 294, 326, 360, 164, 5, 149, 138, 228, 169, 306, 263, 187, 183, 115, 15, 99, 320, 254, 165, 0, 283, 41, 2, 307, 174, 39, 238, 274, 321, 359, 42, 250, 105, 37, 17, 160, 333, 150, 130, 372, 297, 97, 243, 199, 139, 236, 280, 190, 103, 140, 234, 35, 208, 172, 135, 159, 225, 6, 66, 319, 77, 26, 337, 184, 215, 136, 276, 94, 269, 369, 27, 219, 316, 36, 239, 310, 235, 50, 13, 71, 336, 176, 70, 226, 361, 248, 364, 334, 19, 284]","[188, 117, 301, 240, 164, 49, 177, 252, 90, 306, 182, 319, 145, 195, 86, 11, 347, 167, 107, 222, 44, 14, 253, 78, 126, 155, 1, 381, 224, 96, 99, 2, 230, 79, 352, 329, 100, 159, 261, 193, 178, 12, 251, 161, 192, 359, 231, 302, 32, 345, 23, 225, 307, 268, 344, 16, 45, 163, 270, 133, 284, 228, 254, 376, 334, 147, 127, 297, 201, 291, 26, 246, 239, 311, 88, 77, 171, 29, 279, 299, 373, 257, 308, 21, 101, 372, 315, 110, 303, 212, 65, 267, 310, 282, 166, 255, 328, 181, 168, 70, 292, 95, 277, 189, 218, 194, 156, 140, 247, 137, 199, 354, 121, 341, 364, 130, 294, 278, 92, 136, 264, 51, 150, 9, 204, 362, 245, 183, 104, 190, 280, 221, 242, 365, 269, 234, 55, 41, 276, 172, 176, 378, 71, 208, 316, 85, 175, 81, 203, 94, 30, 43, 59, 13, 346, 50, 262, 108, 125, 235, 10, 374, 5, 158, 170, 295, 154, 229, 273, 180, 138, 205, 143, 144, 274, 31, 151, 39, 73, 296, 337, 62, 115, 173, 350, 134, 325, 185, 300, 248, 102, 342]","[1, 2, 5, 12, 13, 26, 32, 39, 41, 45, 50, 51, 70, 71, 73, 77, 86, 90, 94, 99, 104, 115, 130, 134, 136, 138, 140, 145, 150, 159, 161, 163, 164, 166, 168, 172, 175, 176, 178, 183, 185, 188, 190, 199, 203, 208, 224, 225, 228, 231, 234, 235, 239, 242, 245, 248, 251, 254, 255, 269, 274, 276, 277, 280, 284, 291, 294, 295, 297, 299, 302, 306, 307, 310, 316, 319, 325, 328, 329, 334, 337, 344, 345, 354, 359, 362, 364, 372, 381]"
47,"[41, 60, 377, 154, 317, 232, 245, 357, 123, 255, 40, 343, 323, 339, 100, 22, 274, 352, 191, 109, 26, 187, 263, 178, 236, 330, 185, 85, 295, 182, 105, 144, 223, 332, 188, 31, 9, 225, 63, 166, 17, 177, 309, 156, 328, 268, 28, 320, 296, 104, 208, 113, 13, 261, 30, 3, 72, 184, 312, 350, 137, 65, 215, 147, 248, 170, 148, 54, 14, 12, 226, 195, 318, 242, 247, 24, 348, 157, 304, 140, 27, 163, 383, 238, 116, 258, 240, 284, 329, 358, 5, 92, 53, 110, 246, 281, 282, 79, 256, 37, 192, 251, 324, 48, 326, 15, 347, 319, 355, 372, 250, 4, 307, 159, 306, 183, 66, 174, 107, 313, 44, 196, 20, 138, 134, 364, 361, 327, 80, 73, 86, 57, 121, 103, 340, 218, 50, 1, 262, 260, 143, 382, 18, 55, 162, 249, 331, 303, 235, 231, 354, 180, 46, 128, 133, 375, 224, 115, 228, 213, 356, 122, 334, 365, 264, 71, 81, 220, 52, 189, 125, 253, 243, 311, 108, 84, 287, 139, 56, 314, 294, 112, 211, 325, 135, 67, 286, 120, 129, 267, 219, 291]","[381, 290, 347, 131, 370, 29, 329, 48, 74, 63, 76, 164, 44, 348, 216, 295, 39, 77, 345, 342, 303, 129, 313, 297, 100, 49, 34, 105, 244, 162, 121, 224, 379, 37, 344, 207, 296, 282, 145, 110, 186, 177, 92, 259, 270, 260, 383, 233, 152, 283, 315, 46, 146, 338, 166, 3, 75, 214, 1, 101, 83, 116, 33, 117, 28, 272, 54, 215, 19, 25, 10, 356, 120, 168, 220, 90, 11, 211, 112, 375, 45, 371, 340, 143, 61, 298, 53, 86, 314, 181, 235, 96, 42, 97, 307, 103, 52, 109, 346, 139, 17, 133, 350, 30, 254, 191, 263, 285, 328, 213, 264, 140, 205, 31, 8, 332, 159, 380, 127, 237, 331, 18, 26, 88, 156, 150, 221, 144, 151, 355, 23, 227, 172, 198, 257, 47, 66, 223, 169, 180, 287, 204, 2, 134, 13, 261, 291, 269, 248, 372, 126, 238, 170, 35, 165, 293, 319, 115, 0, 57, 274, 323, 195, 239, 242, 98, 300, 175, 43, 80, 258, 304, 249, 246, 294, 124, 288, 6, 135, 277, 81, 4, 185, 158, 187, 102, 176, 326, 106, 377, 16, 132]","[1, 3, 4, 13, 17, 18, 26, 28, 30, 31, 37, 44, 46, 48, 52, 53, 54, 57, 63, 66, 80, 81, 86, 92, 100, 103, 105, 109, 110, 112, 115, 116, 120, 121, 129, 133, 134, 135, 139, 140, 143, 144, 156, 159, 162, 166, 170, 177, 180, 185, 187, 191, 195, 211, 213, 215, 220, 223, 224, 235, 238, 242, 246, 248, 249, 258, 260, 261, 263, 264, 274, 282, 287, 291, 294, 295, 296, 303, 304, 307, 313, 314, 319, 323, 326, 328, 329, 331, 332, 340, 347, 348, 350, 355, 356, 372, 375, 377, 383]"
48,"[62, 147, 320, 374, 132, 79, 134, 129, 286, 176, 221, 371, 243, 315, 188, 98, 216, 231, 162, 326, 202, 160, 215, 143, 213, 152, 52, 323, 7, 285, 238, 19, 159, 14, 189, 0, 57, 314, 41, 256, 127, 164, 271, 239, 353, 226, 35, 173, 372, 254, 128, 248, 120, 321, 84, 282, 95, 297, 29, 355, 149, 245, 287, 99, 93, 80, 6, 137, 43, 82, 183, 336, 278, 26, 136, 274, 135, 39, 281, 224, 303, 312, 67, 205, 268, 25, 361, 87, 12, 333, 324, 178, 330, 203, 38, 174, 325, 253, 358, 86, 309, 185, 64, 234, 146, 77, 313, 161, 49, 103, 197, 88, 232, 167, 290, 300, 158, 44, 214, 255, 4, 354, 119, 296, 27, 151, 260, 210, 56, 331, 30, 106, 157, 75, 378, 24, 177, 130, 65, 108, 257, 138, 148, 251, 96, 37, 83, 155, 244, 40, 273, 201, 280, 8, 310, 262, 123, 220, 318, 289, 170, 181, 154, 328, 240, 32, 73, 246, 105, 91, 50, 9, 316, 100, 252, 46, 71, 196, 345, 94, 267, 89, 109, 69, 283, 195, 175, 217, 145, 28, 233, 116]","[318, 55, 101, 107, 155, 89, 144, 271, 348, 319, 260, 19, 190, 81, 324, 195, 269, 66, 356, 174, 31, 180, 201, 285, 163, 205, 149, 22, 118, 252, 202, 36, 151, 120, 172, 377, 379, 359, 121, 23, 291, 82, 97, 194, 183, 90, 171, 29, 78, 161, 382, 91, 44, 236, 257, 355, 357, 358, 334, 224, 210, 71, 104, 286, 381, 189, 289, 281, 5, 278, 234, 132, 100, 320, 331, 102, 327, 209, 30, 150, 246, 85, 375, 113, 222, 95, 380, 187, 147, 218, 364, 283, 262, 165, 243, 268, 307, 134, 177, 333, 27, 350, 53, 41, 217, 164, 227, 238, 287, 4, 229, 240, 330, 137, 306, 259, 293, 371, 94, 346, 105, 326, 284, 362, 261, 292, 26, 7, 87, 294, 303, 309, 50, 258, 126, 275, 2, 369, 216, 16, 127, 317, 111, 204, 135, 10, 332, 199, 181, 213, 1, 47, 208, 119, 24, 184, 301, 339, 343, 110, 40, 314, 52, 130, 316, 143, 237, 323, 241, 74, 131, 370, 232, 13, 198, 61, 146, 265, 39, 367, 352, 203, 366, 51, 206, 353, 45, 313, 196, 264, 43, 116]","[4, 7, 19, 24, 26, 27, 29, 30, 39, 40, 41, 43, 44, 50, 52, 71, 82, 87, 89, 91, 94, 95, 100, 105, 116, 119, 120, 127, 130, 132, 134, 135, 137, 143, 146, 147, 149, 151, 155, 161, 164, 174, 177, 181, 183, 189, 195, 196, 201, 202, 203, 205, 210, 213, 216, 217, 224, 232, 234, 238, 240, 243, 246, 252, 257, 260, 262, 268, 271, 278, 281, 283, 285, 286, 287, 289, 303, 309, 313, 314, 316, 318, 320, 323, 324, 326, 330, 331, 333, 353, 355, 358, 371]"
49,"[23, 61, 332, 202, 52, 289, 212, 90, 232, 22, 16, 63, 252, 95, 271, 254, 173, 333, 286, 34, 362, 222, 118, 248, 38, 60, 178, 158, 154, 364, 326, 353, 98, 356, 367, 9, 267, 58, 312, 125, 317, 42, 349, 223, 288, 338, 229, 174, 359, 100, 93, 376, 48, 89, 30, 167, 71, 107, 253, 319, 138, 315, 278, 1, 109, 309, 6, 183, 207, 382, 10, 74, 257, 168, 36, 96, 159, 218, 19, 245, 282, 266, 152, 51, 256, 163, 175, 65, 206, 306, 144, 336, 340, 179, 302, 130, 131, 281, 81, 111, 24, 91, 263, 143, 307, 126, 305, 280, 381, 62, 196, 239, 192, 377, 292, 323, 104, 69, 106, 335, 78, 348, 334, 205, 85, 53, 87, 283, 358, 213, 337, 260, 344, 17, 214, 217, 161, 129, 304, 172, 342, 225, 103, 169, 97, 88, 72, 33, 379, 43, 77, 99, 50, 116, 86, 146, 54, 240, 84, 287, 142, 134, 297, 227, 235, 114, 0, 117, 31, 2, 59, 177, 162, 350, 316, 181, 347, 294, 374, 44, 113, 284, 291, 128, 275, 112, 102, 234, 18, 76, 211, 20]","[271, 109, 30, 236, 311, 228, 254, 261, 69, 54, 305, 274, 5, 171, 77, 207, 189, 161, 289, 73, 18, 270, 363, 7, 140, 40, 114, 97, 35, 327, 104, 132, 318, 256, 105, 290, 118, 380, 374, 341, 116, 352, 182, 70, 291, 315, 205, 86, 38, 259, 71, 306, 164, 28, 152, 198, 8, 365, 79, 101, 377, 348, 235, 222, 111, 59, 166, 56, 74, 98, 301, 347, 217, 107, 129, 138, 95, 158, 223, 241, 209, 24, 184, 39, 154, 206, 200, 134, 25, 43, 55, 108, 165, 304, 13, 150, 265, 340, 275, 23, 112, 181, 353, 355, 281, 72, 29, 248, 210, 106, 58, 211, 269, 346, 145, 252, 169, 159, 12, 317, 128, 194, 316, 308, 193, 227, 293, 249, 125, 378, 351, 65, 153, 229, 66, 366, 208, 225, 37, 190, 124, 149, 15, 84, 141, 294, 178, 121, 260, 314, 61, 144, 246, 356, 115, 52, 64, 244, 343, 283, 331, 27, 67, 233, 180, 296, 170, 17, 172, 247, 338, 358, 332, 47, 183, 362, 371, 63, 334, 33, 44, 173, 203, 292, 160, 139, 284, 288, 168, 369, 162, 133]","[17, 18, 23, 24, 30, 33, 38, 43, 44, 52, 54, 58, 59, 61, 63, 65, 69, 71, 72, 74, 77, 84, 86, 95, 97, 98, 104, 106, 107, 109, 111, 112, 114, 116, 118, 125, 128, 129, 134, 138, 144, 152, 154, 158, 159, 161, 162, 168, 169, 172, 173, 178, 181, 183, 205, 206, 207, 211, 217, 222, 223, 225, 227, 229, 235, 248, 252, 254, 256, 260, 271, 275, 281, 283, 284, 288, 289, 291, 292, 294, 304, 305, 306, 315, 316, 317, 332, 334, 338, 340, 347, 348, 353, 356, 358, 362, 374, 377]"
50,"[124, 253, 256, 271, 207, 58, 145, 243, 70, 116, 378, 347, 165, 340, 159, 338, 263, 45, 11, 229, 138, 208, 218, 107, 9, 355, 203, 261, 206, 142, 367, 84, 270, 334, 368, 231, 356, 67, 162, 2, 358, 275, 226, 14, 188, 251, 225, 279, 184, 319, 41, 157, 148, 257, 149, 135, 95, 40, 327, 26, 200, 18, 127, 17, 132, 313, 99, 62, 278, 130, 19, 374, 242, 326, 314, 170, 282, 0, 68, 163, 235, 333, 111, 369, 160, 75, 202, 76, 357, 21, 240, 146, 372, 286, 191, 308, 168, 302, 50, 187, 42, 186, 192, 219, 10, 93, 241, 179, 212, 246, 303, 269, 133, 85, 136, 128, 205, 153, 101, 350, 28, 54, 110, 46, 360, 180, 178, 379, 35, 167, 266, 55, 8, 113, 264, 311, 295, 287, 176, 323, 185, 15, 36, 197, 245, 233, 300, 92, 244, 105, 49, 140, 322, 341, 254, 283, 117, 56, 209, 345, 348, 183, 281, 211, 119, 274, 221, 234, 259, 371, 346, 83, 20, 305, 166, 224, 194, 30, 103, 223, 339, 382, 316, 156, 175, 161, 25, 66, 158, 108, 383, 71]","[274, 98, 257, 31, 280, 95, 130, 285, 82, 188, 143, 17, 300, 101, 253, 39, 59, 273, 184, 134, 76, 58, 14, 306, 334, 152, 319, 97, 357, 169, 206, 34, 301, 231, 18, 283, 170, 166, 338, 343, 337, 122, 25, 358, 136, 310, 6, 90, 118, 347, 172, 302, 373, 4, 47, 288, 109, 297, 238, 83, 129, 296, 10, 127, 328, 155, 241, 44, 236, 275, 15, 85, 252, 229, 208, 259, 344, 93, 192, 299, 218, 309, 349, 278, 322, 70, 168, 331, 305, 345, 321, 303, 164, 287, 256, 246, 48, 179, 144, 320, 220, 8, 105, 383, 291, 222, 104, 161, 102, 43, 294, 13, 323, 135, 156, 230, 237, 269, 281, 131, 140, 151, 376, 375, 361, 86, 141, 270, 336, 354, 248, 177, 240, 87, 138, 379, 204, 217, 351, 265, 262, 233, 19, 49, 353, 99, 293, 115, 2, 7, 225, 264, 111, 260, 271, 65, 37, 22, 333, 186, 315, 243, 71, 147, 307, 53, 329, 75, 81, 234, 153, 381, 245, 276, 119, 132, 137, 235, 244, 298, 360, 0, 266, 263, 258, 120, 29, 332, 205, 193, 304, 324]","[0, 2, 8, 10, 14, 15, 17, 18, 19, 25, 49, 58, 70, 71, 75, 76, 83, 85, 93, 95, 99, 101, 105, 111, 119, 127, 130, 132, 135, 136, 138, 140, 153, 156, 161, 166, 168, 170, 179, 184, 186, 188, 192, 205, 206, 208, 218, 225, 229, 231, 233, 234, 235, 240, 241, 243, 244, 245, 246, 253, 256, 257, 259, 263, 264, 266, 269, 270, 271, 274, 275, 278, 281, 283, 287, 300, 302, 303, 305, 319, 322, 323, 333, 334, 338, 345, 347, 357, 358, 360, 379, 383]"
51,"[157, 201, 323, 180, 372, 223, 217, 3, 268, 336, 331, 327, 125, 91, 47, 168, 363, 209, 158, 311, 238, 229, 167, 103, 108, 272, 186, 310, 38, 0, 65, 153, 329, 318, 107, 345, 104, 49, 35, 214, 248, 199, 309, 298, 312, 316, 227, 195, 25, 17, 368, 280, 362, 84, 175, 259, 11, 333, 28, 116, 57, 198, 59, 260, 141, 19, 313, 9, 203, 161, 370, 281, 132, 373, 120, 241, 262, 92, 317, 295, 256, 74, 182, 308, 206, 66, 12, 146, 254, 31, 100, 131, 246, 78, 274, 110, 34, 94, 339, 118, 271, 134, 130, 356, 204, 80, 18, 114, 154, 145, 22, 218, 181, 156, 55, 328, 275, 366, 335, 20, 371, 337, 48, 383, 51, 278, 188, 123, 338, 97, 230, 170, 14, 358, 23, 369, 270, 381, 321, 166, 355, 228, 276, 294, 285, 102, 253, 8, 121, 124, 32, 347, 6, 352, 64, 326, 33, 378, 2, 115, 37, 137, 5, 346, 27, 237, 279, 359, 56, 7, 122, 142, 215, 111, 190, 322, 63, 349, 205, 50, 101, 70, 353, 60, 15, 119, 300, 292, 143, 196, 4, 16]","[111, 136, 26, 81, 129, 182, 312, 63, 201, 13, 213, 276, 381, 200, 100, 98, 138, 47, 289, 199, 35, 118, 353, 298, 264, 281, 92, 53, 337, 14, 233, 206, 131, 344, 197, 343, 127, 142, 222, 43, 104, 274, 72, 370, 33, 283, 149, 366, 280, 292, 379, 257, 30, 271, 252, 145, 8, 126, 18, 282, 25, 83, 10, 376, 99, 382, 57, 157, 141, 288, 0, 322, 103, 114, 364, 342, 56, 358, 59, 290, 128, 310, 154, 383, 85, 107, 46, 286, 74, 369, 248, 315, 137, 135, 97, 190, 360, 70, 258, 299, 307, 163, 204, 361, 73, 134, 123, 146, 208, 340, 234, 194, 106, 250, 82, 28, 68, 120, 108, 291, 109, 67, 300, 294, 164, 269, 166, 19, 371, 330, 2, 11, 341, 179, 45, 159, 372, 242, 227, 27, 189, 203, 244, 349, 177, 143, 350, 202, 52, 61, 49, 101, 22, 91, 319, 256, 320, 34, 209, 192, 116, 223, 147, 21, 124, 78, 334, 267, 121, 29, 216, 237, 365, 58, 170, 226, 246, 23, 362, 24, 41, 352, 367, 346, 308, 17, 88, 87, 211, 148, 238, 285]","[0, 2, 8, 11, 14, 17, 18, 19, 22, 23, 25, 27, 28, 33, 34, 35, 47, 49, 56, 57, 59, 63, 70, 74, 78, 91, 92, 97, 100, 101, 103, 104, 107, 108, 111, 114, 116, 118, 120, 121, 123, 124, 131, 134, 137, 141, 142, 143, 145, 146, 154, 157, 166, 170, 182, 190, 199, 201, 203, 204, 206, 209, 223, 227, 237, 238, 246, 248, 256, 271, 274, 276, 280, 281, 285, 292, 294, 298, 300, 308, 310, 312, 322, 337, 346, 349, 352, 353, 358, 362, 366, 369, 370, 371, 372, 381, 383]"
52,"[33, 365, 346, 250, 207, 241, 86, 179, 362, 30, 83, 163, 31, 271, 84, 368, 283, 66, 167, 68, 90, 336, 118, 59, 137, 122, 280, 246, 103, 301, 85, 76, 195, 16, 199, 57, 191, 249, 295, 129, 264, 88, 42, 329, 13, 156, 263, 142, 354, 64, 247, 101, 40, 287, 109, 159, 274, 341, 239, 180, 110, 145, 279, 370, 251, 363, 310, 11, 186, 28, 108, 81, 158, 209, 343, 228, 27, 9, 164, 96, 2, 117, 29, 17, 147, 254, 153, 144, 198, 371, 266, 190, 220, 215, 307, 52, 278, 273, 119, 146, 245, 171, 193, 192, 15, 37, 44, 98, 92, 140, 378, 54, 157, 174, 353, 337, 293, 188, 77, 290, 130, 379, 55, 275, 21, 361, 257, 286, 36, 22, 237, 197, 19, 340, 327, 357, 344, 125, 333, 372, 148, 374, 132, 277, 126, 1, 115, 326, 260, 38, 70, 356, 351, 175, 221, 89, 201, 139, 229, 120, 369, 182, 187, 106, 116, 236, 34, 248, 276, 313, 230, 291, 272, 319, 294, 324, 382, 222, 304, 218, 214, 367, 72, 202, 252, 381, 234, 200, 348, 61, 282, 151]","[375, 201, 4, 240, 203, 215, 372, 226, 82, 344, 243, 20, 153, 296, 147, 312, 313, 340, 334, 330, 320, 31, 167, 46, 57, 62, 90, 113, 133, 102, 331, 273, 2, 379, 79, 149, 163, 265, 193, 165, 14, 84, 164, 301, 172, 241, 7, 169, 59, 363, 117, 160, 80, 99, 159, 17, 289, 111, 274, 294, 325, 230, 5, 285, 231, 216, 145, 68, 135, 228, 282, 209, 112, 352, 210, 250, 41, 56, 110, 65, 134, 303, 341, 205, 132, 103, 109, 85, 336, 236, 75, 166, 194, 326, 124, 21, 278, 235, 101, 232, 257, 300, 382, 254, 214, 220, 81, 192, 179, 6, 196, 272, 114, 182, 346, 174, 237, 308, 63, 171, 186, 229, 358, 43, 26, 222, 353, 276, 15, 127, 292, 361, 88, 206, 338, 307, 48, 143, 291, 255, 262, 304, 295, 299, 148, 69, 24, 128, 310, 123, 321, 94, 86, 119, 13, 306, 1, 315, 150, 39, 33, 218, 25, 125, 142, 258, 195, 234, 268, 309, 324, 221, 180, 38, 74, 161, 190, 131, 151, 120, 335, 106, 155, 126, 378, 347, 116, 156, 72, 130, 349, 339]","[1, 2, 13, 15, 17, 21, 31, 33, 38, 57, 59, 68, 72, 81, 84, 85, 86, 88, 90, 101, 103, 106, 109, 110, 116, 117, 119, 120, 125, 126, 130, 132, 142, 145, 147, 148, 151, 153, 156, 159, 163, 164, 167, 171, 174, 179, 180, 182, 186, 190, 192, 193, 195, 201, 209, 214, 215, 218, 220, 221, 222, 228, 229, 230, 234, 236, 237, 241, 250, 254, 257, 272, 273, 274, 276, 278, 282, 291, 294, 295, 301, 304, 307, 310, 313, 324, 326, 336, 340, 341, 344, 346, 353, 361, 363, 372, 378, 379, 382]"
53,"[192, 157, 240, 138, 53, 34, 84, 230, 125, 210, 211, 188, 226, 272, 37, 115, 325, 291, 118, 9, 57, 170, 217, 121, 365, 112, 235, 359, 319, 142, 203, 239, 300, 363, 349, 315, 167, 92, 172, 234, 198, 22, 166, 33, 178, 318, 270, 177, 183, 32, 209, 165, 23, 366, 254, 329, 264, 328, 378, 114, 309, 123, 105, 69, 252, 199, 119, 314, 271, 371, 102, 337, 181, 153, 295, 0, 246, 94, 241, 231, 373, 96, 238, 213, 382, 298, 75, 256, 353, 55, 206, 168, 370, 286, 312, 90, 212, 323, 331, 223, 301, 113, 338, 6, 64, 221, 38, 86, 104, 111, 109, 56, 342, 72, 332, 135, 357, 48, 244, 136, 108, 21, 14, 70, 173, 260, 287, 39, 152, 302, 284, 262, 306, 11, 348, 67, 66, 146, 159, 304, 285, 13, 45, 61, 233, 155, 59, 20, 330, 362, 58, 28, 74, 324, 29, 126, 154, 296, 47, 31, 322, 215, 193, 107, 274, 277, 26, 150, 27, 208, 78, 40, 132, 346, 194, 310, 376, 143, 375, 98, 360, 327, 352, 229, 225, 355, 195, 141, 280, 237, 250, 161]","[28, 242, 374, 5, 373, 347, 90, 327, 73, 349, 191, 204, 84, 160, 192, 361, 69, 228, 275, 234, 109, 153, 128, 167, 316, 125, 3, 48, 114, 294, 193, 226, 299, 371, 253, 333, 291, 138, 20, 314, 318, 8, 239, 236, 378, 186, 118, 272, 102, 203, 367, 245, 145, 190, 74, 268, 198, 42, 335, 129, 356, 16, 296, 131, 49, 31, 83, 302, 342, 66, 53, 189, 151, 297, 123, 258, 351, 121, 195, 94, 227, 112, 283, 273, 78, 101, 177, 36, 337, 341, 165, 72, 353, 328, 58, 157, 17, 180, 159, 277, 100, 96, 360, 202, 354, 61, 34, 46, 77, 82, 155, 194, 95, 104, 163, 315, 152, 270, 142, 317, 63, 45, 40, 344, 89, 56, 372, 307, 331, 79, 243, 26, 357, 188, 319, 4, 154, 343, 76, 222, 368, 241, 255, 225, 39, 207, 324, 7, 320, 103, 166, 365, 9, 380, 182, 209, 355, 93, 105, 377, 250, 306, 70, 282, 184, 216, 37, 0, 237, 172, 41, 248, 122, 281, 24, 271, 106, 176, 134, 332, 292, 230, 149, 65, 289, 120, 287, 303, 206, 32, 348, 369]","[0, 9, 20, 26, 28, 31, 32, 34, 37, 39, 40, 45, 48, 53, 56, 58, 61, 66, 69, 70, 72, 74, 78, 84, 90, 94, 96, 102, 104, 105, 109, 112, 114, 118, 121, 123, 125, 138, 142, 152, 153, 154, 155, 157, 159, 165, 166, 167, 172, 177, 188, 192, 193, 194, 195, 198, 203, 206, 209, 225, 226, 230, 234, 237, 239, 241, 250, 270, 271, 272, 277, 287, 291, 296, 302, 306, 314, 315, 318, 319, 324, 327, 328, 331, 332, 337, 342, 348, 349, 353, 355, 357, 360, 365, 371, 373, 378]"
54,"[205, 254, 370, 92, 362, 56, 202, 251, 373, 85, 198, 38, 95, 58, 264, 257, 106, 173, 341, 263, 147, 359, 9, 243, 16, 191, 325, 87, 244, 207, 190, 63, 240, 142, 77, 129, 344, 258, 150, 312, 259, 105, 188, 75, 265, 282, 261, 133, 364, 14, 296, 201, 7, 3, 327, 125, 183, 178, 379, 20, 6, 322, 311, 128, 215, 230, 252, 17, 59, 180, 102, 69, 154, 369, 288, 68, 356, 338, 30, 367, 349, 10, 216, 153, 169, 270, 337, 363, 51, 287, 149, 262, 166, 42, 342, 148, 334, 200, 100, 8, 33, 76, 238, 103, 101, 113, 193, 36, 136, 245, 55, 196, 352, 347, 123, 280, 236, 346, 86, 339, 291, 61, 24, 189, 382, 143, 185, 66, 381, 314, 90, 375, 54, 306, 52, 140, 161, 277, 83, 4, 333, 234, 368, 317, 115, 22, 165, 192, 21, 292, 122, 89, 350, 294, 278, 110, 313, 45, 2, 88, 271, 220, 91, 279, 319, 29, 116, 37, 224, 175, 15, 237, 246, 378, 156, 49, 94, 197, 39, 377, 360, 31, 208, 286, 23, 308, 159, 335, 50, 228, 210, 283]","[224, 10, 378, 218, 130, 93, 351, 53, 34, 94, 105, 226, 272, 46, 41, 247, 320, 382, 244, 329, 274, 355, 113, 206, 271, 57, 121, 31, 343, 261, 230, 103, 70, 316, 68, 159, 204, 23, 172, 372, 37, 161, 234, 65, 300, 88, 195, 203, 19, 63, 147, 325, 315, 83, 217, 292, 22, 169, 116, 360, 240, 164, 48, 275, 82, 347, 133, 187, 5, 109, 319, 299, 363, 145, 16, 193, 155, 86, 85, 311, 285, 344, 30, 55, 143, 341, 170, 66, 20, 246, 312, 29, 33, 106, 313, 202, 282, 59, 0, 297, 231, 357, 200, 318, 346, 4, 340, 9, 232, 140, 69, 15, 256, 379, 124, 39, 269, 149, 362, 225, 239, 146, 214, 158, 308, 120, 350, 43, 191, 298, 51, 216, 342, 152, 345, 136, 199, 75, 245, 44, 213, 156, 173, 332, 180, 61, 291, 32, 95, 207, 324, 100, 126, 339, 118, 102, 110, 36, 337, 215, 18, 72, 250, 237, 210, 56, 229, 374, 144, 235, 190, 101, 267, 89, 257, 251, 45, 132, 289, 286, 40, 238, 38, 21, 135, 262, 366, 260, 6, 91, 336, 196]","[4, 6, 9, 10, 15, 16, 20, 21, 22, 23, 29, 30, 31, 33, 36, 37, 38, 39, 45, 51, 55, 56, 59, 61, 63, 66, 68, 69, 75, 83, 85, 86, 88, 89, 91, 94, 95, 100, 101, 102, 103, 105, 106, 110, 113, 116, 133, 136, 140, 143, 147, 149, 156, 159, 161, 169, 173, 180, 190, 191, 193, 196, 200, 202, 207, 210, 215, 216, 224, 230, 234, 237, 238, 240, 244, 245, 246, 251, 257, 261, 262, 271, 282, 286, 291, 292, 308, 311, 312, 313, 319, 325, 337, 339, 341, 342, 344, 346, 347, 350, 360, 362, 363, 378, 379, 382]"
55,"[178, 303, 358, 119, 18, 300, 366, 271, 13, 330, 81, 164, 328, 139, 174, 103, 211, 267, 196, 373, 333, 84, 380, 16, 342, 175, 172, 191, 186, 260, 2, 375, 247, 45, 253, 76, 60, 98, 33, 229, 4, 273, 37, 34, 312, 135, 323, 235, 306, 304, 85, 370, 15, 72, 108, 71, 338, 180, 158, 222, 130, 261, 94, 216, 27, 350, 227, 17, 364, 66, 291, 162, 311, 167, 363, 274, 381, 313, 241, 351, 1, 277, 339, 188, 209, 50, 143, 220, 80, 324, 254, 252, 223, 58, 59, 259, 228, 226, 137, 7, 106, 218, 109, 124, 225, 201, 74, 372, 95, 233, 82, 343, 278, 206, 362, 184, 159, 121, 326, 25, 144, 315, 8, 77, 289, 295, 352, 276, 238, 96, 35, 287, 232, 321, 125, 92, 102, 205, 251, 116, 36, 3, 256, 30, 10, 179, 369, 293, 316, 310, 208, 99, 240, 63, 371, 19, 327, 146, 29, 126, 168, 46, 169, 230, 42, 141, 239, 265, 258, 128, 194, 377, 20, 284, 349, 249, 181, 325, 317, 279, 285, 21, 341, 198, 176, 150, 123, 207, 210, 203, 257, 224]","[165, 120, 66, 277, 176, 289, 256, 213, 297, 29, 271, 107, 246, 269, 310, 369, 378, 254, 186, 319, 39, 184, 34, 54, 94, 75, 335, 133, 88, 26, 148, 196, 117, 251, 20, 170, 175, 303, 211, 48, 24, 108, 345, 214, 308, 326, 89, 73, 102, 322, 171, 298, 32, 371, 273, 106, 370, 114, 312, 207, 23, 2, 241, 320, 22, 51, 35, 65, 248, 243, 17, 354, 63, 159, 109, 146, 247, 291, 105, 215, 314, 193, 132, 224, 72, 323, 348, 324, 8, 189, 340, 356, 46, 47, 294, 209, 363, 339, 233, 222, 180, 355, 245, 350, 333, 123, 149, 252, 90, 103, 190, 121, 12, 368, 147, 15, 100, 329, 321, 311, 305, 282, 7, 229, 30, 4, 110, 98, 178, 300, 315, 135, 74, 250, 342, 91, 174, 226, 352, 115, 49, 68, 253, 125, 347, 299, 80, 313, 167, 134, 33, 128, 344, 201, 364, 287, 204, 16, 377, 164, 276, 264, 157, 317, 357, 365, 316, 60, 260, 143, 40, 126, 163, 212, 234, 76, 27, 62, 83, 334, 70, 53, 198, 67, 141, 160, 155, 87, 238, 361, 341, 210]","[2, 4, 7, 8, 15, 16, 17, 20, 27, 29, 30, 33, 34, 35, 46, 60, 63, 66, 72, 74, 76, 80, 94, 98, 102, 103, 106, 108, 109, 121, 123, 125, 126, 128, 135, 141, 143, 146, 159, 164, 167, 174, 175, 176, 178, 180, 184, 186, 196, 198, 201, 207, 209, 210, 211, 222, 224, 226, 229, 233, 238, 241, 247, 251, 252, 253, 254, 256, 260, 271, 273, 276, 277, 287, 289, 291, 300, 303, 310, 311, 312, 313, 315, 316, 317, 321, 323, 324, 326, 333, 339, 341, 342, 350, 352, 363, 364, 369, 370, 371, 377]"
56,"[218, 257, 222, 303, 360, 320, 259, 16, 221, 330, 136, 242, 375, 123, 114, 213, 155, 273, 98, 372, 178, 156, 284, 65, 35, 102, 350, 246, 290, 72, 211, 109, 232, 48, 1, 199, 54, 292, 133, 318, 23, 87, 181, 326, 312, 278, 180, 371, 162, 179, 378, 124, 291, 66, 202, 237, 115, 245, 158, 47, 173, 247, 164, 192, 238, 73, 8, 236, 137, 84, 0, 281, 351, 7, 21, 159, 317, 263, 75, 243, 182, 328, 141, 122, 90, 25, 59, 127, 227, 184, 18, 216, 83, 298, 315, 230, 352, 226, 282, 12, 140, 215, 63, 379, 269, 311, 285, 112, 271, 223, 377, 261, 274, 160, 266, 45, 113, 163, 363, 4, 276, 139, 96, 3, 233, 349, 170, 119, 79, 53, 20, 6, 42, 106, 78, 250, 149, 14, 358, 288, 325, 369, 348, 345, 195, 207, 77, 336, 239, 376, 128, 145, 29, 70, 335, 41, 100, 64, 197, 60, 93, 110, 370, 161, 167, 120, 95, 254, 272, 286, 327, 212, 15, 71, 125, 255, 99, 338, 323, 49, 174, 80, 85, 353, 154, 138, 340, 153, 143, 293, 262, 117]","[152, 233, 180, 84, 300, 199, 363, 93, 41, 116, 362, 78, 211, 203, 161, 164, 247, 228, 370, 235, 150, 186, 61, 359, 191, 371, 16, 373, 219, 372, 23, 127, 302, 110, 121, 244, 146, 328, 140, 43, 239, 368, 346, 66, 45, 215, 70, 212, 15, 86, 250, 266, 248, 307, 220, 71, 194, 267, 38, 154, 251, 262, 97, 81, 26, 234, 296, 197, 52, 101, 63, 83, 64, 145, 104, 229, 135, 222, 89, 25, 165, 270, 4, 28, 75, 242, 273, 336, 198, 257, 256, 279, 352, 57, 202, 60, 87, 361, 360, 113, 111, 80, 59, 183, 303, 58, 168, 114, 8, 94, 320, 366, 337, 136, 277, 22, 240, 287, 335, 37, 82, 261, 268, 122, 123, 378, 175, 6, 182, 292, 205, 342, 118, 24, 160, 169, 74, 172, 48, 201, 139, 282, 286, 227, 69, 68, 153, 312, 306, 295, 333, 236, 353, 124, 274, 218, 319, 358, 46, 77, 112, 276, 383, 311, 158, 331, 163, 185, 31, 91, 355, 321, 255, 196, 299, 308, 216, 9, 238, 351, 338, 232, 106, 322, 14, 230, 193, 67, 159, 374, 301, 148]","[4, 6, 8, 14, 15, 16, 23, 25, 41, 45, 48, 59, 60, 63, 64, 66, 70, 71, 75, 77, 78, 80, 83, 84, 87, 93, 106, 110, 112, 113, 114, 122, 123, 124, 127, 136, 139, 140, 145, 153, 154, 158, 159, 160, 161, 163, 164, 180, 182, 197, 199, 202, 211, 212, 215, 216, 218, 222, 227, 230, 232, 233, 236, 238, 239, 242, 247, 250, 255, 257, 261, 262, 266, 273, 274, 276, 282, 286, 292, 303, 311, 312, 320, 328, 335, 336, 338, 351, 352, 353, 358, 360, 363, 370, 371, 372, 378]"
57,"[32, 160, 25, 60, 65, 361, 140, 185, 260, 228, 186, 363, 80, 218, 84, 91, 56, 105, 77, 298, 148, 8, 283, 175, 310, 181, 225, 212, 46, 309, 359, 94, 165, 274, 50, 28, 125, 129, 182, 174, 110, 244, 146, 257, 230, 53, 93, 343, 51, 198, 18, 99, 167, 179, 196, 358, 162, 356, 200, 238, 43, 64, 237, 166, 306, 7, 61, 191, 132, 295, 112, 271, 250, 123, 57, 287, 241, 152, 119, 378, 66, 171, 159, 265, 20, 22, 68, 149, 70, 82, 307, 235, 291, 248, 52, 16, 145, 54, 172, 21, 285, 292, 29, 5, 357, 128, 311, 266, 213, 376, 59, 302, 381, 154, 364, 85, 231, 96, 13, 31, 355, 375, 316, 88, 312, 263, 113, 134, 294, 280, 315, 100, 275, 73, 262, 252, 126, 365, 49, 190, 90, 331, 137, 111, 335, 366, 313, 97, 256, 184, 219, 104, 208, 92, 246, 47, 247, 161, 124, 226, 303, 341, 245, 210, 176, 227, 346, 33, 199, 116, 267, 206, 30, 254, 71, 139, 193, 187, 333, 107, 201, 155, 11, 38, 338, 205, 12, 14, 127, 102, 221, 367]","[166, 81, 89, 155, 373, 104, 173, 324, 317, 208, 210, 58, 353, 181, 0, 57, 22, 159, 369, 121, 339, 100, 320, 187, 102, 36, 180, 283, 170, 120, 13, 360, 119, 67, 246, 96, 3, 123, 175, 341, 357, 257, 4, 198, 50, 308, 168, 218, 91, 26, 214, 171, 258, 343, 375, 47, 276, 73, 37, 293, 117, 270, 140, 194, 365, 71, 124, 40, 209, 97, 199, 287, 280, 138, 136, 179, 18, 313, 137, 300, 76, 318, 139, 162, 63, 337, 51, 383, 142, 54, 350, 255, 234, 322, 233, 348, 19, 163, 11, 62, 39, 154, 141, 346, 161, 27, 83, 361, 268, 232, 272, 321, 260, 223, 116, 371, 105, 278, 167, 90, 327, 295, 177, 14, 219, 107, 149, 113, 111, 309, 182, 241, 128, 235, 24, 79, 9, 109, 253, 52, 5, 46, 205, 48, 193, 269, 172, 130, 217, 30, 59, 197, 20, 15, 378, 355, 326, 23, 379, 95, 192, 368, 215, 237, 151, 316, 263, 364, 329, 266, 256, 249, 351, 66, 29, 380, 183, 336, 118, 236, 286, 35, 358, 148, 273, 374, 82, 204, 135, 17, 28, 264]","[5, 11, 13, 14, 18, 20, 22, 28, 29, 30, 46, 47, 50, 51, 52, 54, 57, 59, 66, 71, 73, 82, 90, 91, 96, 97, 100, 102, 104, 105, 107, 111, 113, 116, 119, 123, 124, 128, 137, 139, 140, 148, 149, 154, 155, 159, 161, 162, 166, 167, 171, 172, 175, 179, 181, 182, 187, 193, 198, 199, 205, 208, 210, 218, 219, 235, 237, 241, 246, 256, 257, 260, 263, 266, 280, 283, 287, 295, 309, 313, 316, 341, 343, 346, 355, 357, 358, 361, 364, 365, 375, 378]"
58,"[219, 378, 376, 371, 323, 90, 159, 179, 373, 141, 192, 13, 299, 112, 312, 131, 372, 252, 139, 162, 89, 345, 34, 15, 150, 303, 272, 291, 6, 180, 140, 322, 382, 193, 178, 49, 205, 152, 58, 80, 283, 164, 86, 248, 233, 97, 52, 208, 347, 182, 200, 37, 9, 332, 225, 23, 155, 266, 274, 108, 294, 275, 148, 44, 3, 360, 161, 358, 362, 118, 36, 116, 334, 134, 68, 326, 336, 160, 315, 239, 220, 339, 126, 27, 202, 74, 132, 5, 261, 277, 56, 119, 32, 93, 195, 379, 53, 168, 217, 259, 287, 47, 313, 1, 308, 187, 206, 241, 254, 257, 273, 50, 301, 183, 65, 11, 310, 175, 29, 265, 18, 280, 55, 145, 173, 351, 357, 12, 84, 349, 226, 231, 295, 258, 43, 377, 62, 0, 210, 28, 165, 69, 128, 129, 342, 121, 102, 212, 26, 66, 153, 369, 114, 375, 320, 260, 364, 96, 48, 251, 240, 381, 367, 38, 101, 75, 235, 31, 353, 316, 45, 269, 59, 8, 281, 105, 71, 17, 338, 91, 293, 249, 197, 331, 306, 99, 232, 317, 350, 78, 144, 106]","[248, 119, 39, 224, 333, 369, 172, 213, 272, 19, 330, 306, 63, 269, 79, 251, 54, 367, 107, 240, 222, 254, 270, 103, 133, 264, 262, 371, 152, 10, 325, 43, 148, 137, 365, 331, 112, 68, 314, 276, 308, 244, 343, 84, 204, 210, 214, 249, 315, 38, 372, 310, 328, 15, 109, 320, 51, 0, 117, 232, 313, 146, 129, 24, 318, 120, 69, 185, 305, 271, 90, 49, 156, 230, 46, 52, 29, 198, 218, 273, 234, 297, 188, 334, 203, 241, 206, 22, 190, 67, 134, 110, 285, 283, 350, 150, 89, 253, 378, 225, 30, 175, 347, 340, 45, 199, 221, 166, 173, 209, 71, 302, 13, 355, 132, 335, 73, 92, 349, 96, 267, 170, 32, 294, 357, 362, 4, 261, 194, 163, 99, 85, 220, 158, 154, 242, 28, 88, 181, 304, 281, 187, 228, 348, 205, 165, 128, 162, 77, 292, 364, 344, 329, 143, 299, 377, 144, 186, 293, 102, 42, 358, 284, 231, 53, 147, 138, 31, 247, 260, 115, 177, 338, 91, 238, 33, 83, 141, 354, 191, 312, 289, 65, 131, 219, 70, 78, 211, 66, 81, 197, 236]","[0, 13, 15, 28, 29, 31, 32, 38, 43, 45, 49, 52, 53, 65, 66, 68, 69, 71, 78, 84, 89, 90, 91, 96, 99, 102, 112, 119, 128, 129, 131, 132, 134, 141, 144, 148, 150, 152, 162, 165, 173, 175, 187, 197, 205, 206, 210, 219, 220, 225, 231, 232, 240, 241, 248, 249, 251, 254, 260, 261, 269, 272, 273, 281, 283, 293, 294, 299, 306, 308, 310, 312, 313, 315, 320, 331, 334, 338, 347, 349, 350, 357, 358, 362, 364, 367, 369, 371, 372, 377, 378]"
59,"[375, 294, 127, 162, 243, 187, 42, 367, 244, 82, 107, 140, 263, 103, 38, 368, 44, 148, 305, 26, 322, 85, 285, 231, 192, 239, 372, 248, 363, 235, 77, 275, 124, 95, 63, 93, 218, 169, 270, 312, 138, 220, 342, 67, 347, 249, 362, 125, 289, 157, 105, 292, 221, 334, 214, 99, 330, 190, 216, 209, 355, 16, 144, 357, 84, 271, 262, 201, 331, 43, 34, 307, 13, 255, 179, 309, 211, 28, 306, 296, 311, 132, 245, 47, 165, 193, 337, 57, 278, 131, 139, 265, 54, 208, 343, 181, 142, 332, 37, 153, 303, 223, 6, 159, 273, 277, 227, 329, 184, 230, 175, 112, 253, 151, 378, 360, 154, 15, 53, 299, 87, 325, 228, 81, 344, 31, 260, 236, 48, 341, 191, 381, 383, 217, 182, 199, 29, 172, 72, 121, 266, 257, 279, 269, 86, 135, 280, 282, 183, 35, 177, 174, 52, 210, 170, 128, 345, 32, 70, 12, 338, 4, 196, 252, 291, 30, 64, 79, 224, 241, 234, 168, 361, 328, 318, 215, 304, 136, 5, 310, 226, 232, 250, 264, 382, 171, 374, 147, 293, 225, 233, 66]","[126, 272, 60, 102, 378, 247, 184, 36, 119, 318, 279, 19, 122, 335, 86, 337, 171, 40, 53, 292, 209, 59, 174, 95, 113, 52, 256, 45, 329, 372, 56, 285, 118, 232, 73, 280, 192, 338, 282, 164, 308, 352, 15, 84, 331, 106, 166, 146, 96, 109, 340, 173, 325, 293, 1, 144, 246, 123, 88, 375, 222, 363, 327, 197, 374, 332, 130, 276, 371, 22, 26, 273, 29, 193, 376, 33, 90, 364, 266, 25, 211, 189, 162, 65, 315, 310, 227, 11, 0, 194, 154, 24, 185, 233, 270, 314, 124, 44, 255, 300, 341, 369, 139, 333, 347, 226, 133, 311, 37, 80, 62, 81, 267, 103, 50, 196, 46, 295, 383, 54, 89, 10, 229, 116, 198, 32, 3, 182, 379, 321, 72, 339, 138, 231, 121, 69, 353, 12, 361, 380, 23, 370, 158, 140, 345, 277, 117, 275, 365, 258, 77, 356, 221, 111, 92, 360, 219, 248, 178, 6, 66, 368, 41, 244, 94, 319, 200, 195, 299, 64, 223, 291, 105, 301, 274, 268, 283, 235, 358, 287, 85, 35, 159, 344, 148, 110, 134, 48, 382, 216, 179, 129]","[6, 12, 15, 26, 29, 32, 35, 37, 44, 48, 52, 53, 54, 64, 66, 72, 77, 81, 84, 85, 86, 95, 103, 105, 121, 124, 138, 139, 140, 144, 148, 154, 159, 162, 171, 174, 179, 182, 184, 192, 193, 196, 209, 211, 216, 221, 223, 226, 227, 231, 232, 233, 235, 244, 248, 255, 266, 270, 273, 275, 277, 279, 280, 282, 285, 291, 292, 293, 299, 310, 311, 318, 325, 329, 331, 332, 337, 338, 341, 344, 345, 347, 360, 361, 363, 368, 372, 374, 375, 378, 382, 383]"
60,"[268, 13, 290, 72, 164, 318, 350, 157, 335, 382, 378, 282, 34, 333, 197, 1, 328, 97, 314, 52, 376, 71, 338, 111, 41, 296, 262, 193, 353, 304, 195, 85, 146, 263, 371, 267, 138, 147, 160, 245, 362, 250, 159, 140, 38, 300, 86, 20, 83, 114, 188, 293, 374, 199, 87, 9, 128, 44, 12, 363, 210, 5, 213, 307, 6, 256, 30, 69, 180, 254, 351, 100, 334, 235, 75, 49, 156, 275, 218, 4, 205, 285, 168, 29, 187, 80, 155, 355, 144, 78, 365, 88, 278, 57, 54, 284, 32, 215, 191, 306, 237, 352, 367, 58, 145, 298, 61, 62, 115, 179, 106, 257, 232, 238, 76, 228, 117, 28, 273, 266, 42, 292, 17, 259, 372, 105, 301, 264, 227, 8, 98, 19, 344, 93, 247, 178, 239, 43, 320, 330, 174, 377, 22, 18, 176, 112, 48, 261, 380, 104, 31, 56, 95, 169, 302, 322, 336, 369, 136, 354, 91, 123, 230, 120, 74, 14, 151, 342, 317, 110, 358, 204, 175, 253, 51, 309, 153, 281, 102, 345, 84, 37, 103, 170, 240, 291, 0, 77, 92, 15, 221, 347]","[103, 49, 36, 23, 69, 143, 164, 381, 339, 18, 233, 115, 178, 357, 117, 325, 364, 382, 83, 346, 130, 363, 12, 41, 213, 148, 149, 302, 316, 81, 383, 361, 2, 259, 59, 53, 75, 343, 181, 373, 243, 124, 319, 267, 277, 246, 195, 297, 176, 197, 305, 283, 80, 99, 374, 88, 215, 160, 5, 15, 273, 56, 116, 22, 300, 379, 348, 52, 293, 4, 32, 98, 87, 142, 38, 34, 209, 326, 260, 308, 261, 28, 285, 14, 109, 174, 65, 44, 31, 10, 94, 306, 66, 371, 367, 74, 171, 108, 73, 61, 30, 141, 223, 212, 167, 162, 157, 93, 344, 146, 354, 120, 122, 118, 201, 207, 126, 378, 144, 125, 150, 179, 366, 107, 110, 102, 252, 313, 329, 39, 64, 51, 284, 254, 50, 321, 369, 229, 365, 328, 112, 315, 121, 152, 165, 92, 227, 380, 289, 324, 235, 237, 199, 67, 349, 327, 196, 318, 239, 304, 172, 323, 269, 24, 360, 77, 123, 208, 26, 217, 271, 258, 309, 356, 175, 106, 136, 265, 0, 331, 131, 359, 375, 236, 128, 173, 338, 231, 291, 113, 225, 353]","[0, 4, 5, 12, 14, 15, 18, 22, 28, 30, 31, 32, 34, 38, 41, 44, 49, 51, 52, 56, 61, 69, 74, 75, 77, 80, 83, 87, 88, 92, 93, 98, 102, 103, 106, 110, 112, 115, 117, 120, 123, 128, 136, 144, 146, 157, 160, 164, 174, 175, 176, 178, 179, 195, 197, 199, 213, 215, 227, 235, 237, 239, 254, 259, 261, 267, 273, 284, 285, 291, 293, 300, 302, 304, 306, 309, 318, 328, 338, 344, 353, 354, 363, 365, 367, 369, 371, 374, 378, 380, 382]"
61,"[330, 78, 208, 137, 227, 359, 267, 9, 162, 85, 375, 67, 287, 139, 187, 136, 207, 204, 271, 38, 307, 350, 75, 245, 202, 31, 33, 215, 13, 45, 121, 174, 64, 134, 347, 358, 292, 226, 61, 341, 37, 331, 281, 251, 362, 379, 41, 192, 89, 297, 16, 325, 273, 212, 29, 100, 113, 353, 211, 201, 62, 203, 370, 270, 222, 236, 161, 6, 47, 35, 232, 225, 167, 22, 247, 380, 195, 49, 53, 50, 301, 95, 352, 168, 99, 306, 68, 237, 148, 303, 184, 316, 221, 179, 130, 107, 333, 259, 118, 374, 302, 156, 366, 235, 197, 176, 309, 86, 152, 17, 196, 83, 74, 326, 57, 190, 87, 143, 288, 14, 369, 116, 2, 32, 351, 20, 361, 21, 140, 278, 365, 114, 299, 110, 188, 284, 282, 30, 129, 151, 19, 234, 198, 200, 91, 345, 296, 178, 77, 253, 154, 39, 132, 291, 314, 286, 109, 70, 230, 160, 125, 153, 44, 258, 98, 120, 255, 311, 339, 265, 289, 275, 381, 11, 315, 334, 149, 112, 321, 94, 145, 180, 252, 214, 128, 368, 1, 10, 279, 357, 141, 241]","[12, 383, 208, 72, 89, 196, 345, 70, 297, 85, 48, 244, 151, 214, 346, 222, 78, 38, 184, 344, 245, 223, 65, 376, 377, 168, 61, 314, 35, 332, 286, 326, 64, 26, 95, 114, 111, 209, 11, 381, 158, 157, 231, 216, 105, 60, 141, 29, 16, 46, 176, 201, 128, 154, 107, 273, 238, 357, 237, 254, 104, 255, 51, 40, 294, 1, 87, 126, 82, 127, 68, 305, 303, 368, 0, 215, 113, 20, 228, 23, 62, 203, 120, 350, 185, 59, 92, 342, 274, 163, 333, 364, 15, 121, 129, 334, 266, 186, 366, 291, 14, 306, 278, 194, 354, 69, 339, 261, 100, 219, 380, 240, 17, 188, 155, 256, 147, 279, 355, 102, 378, 276, 54, 200, 103, 382, 44, 324, 301, 217, 193, 292, 318, 249, 349, 73, 360, 308, 131, 347, 33, 218, 31, 144, 130, 309, 233, 352, 212, 277, 112, 180, 227, 211, 220, 195, 49, 284, 374, 153, 262, 36, 149, 356, 258, 316, 45, 173, 174, 299, 207, 116, 19, 230, 298, 375, 93, 353, 288, 199, 81, 192, 198, 166, 52, 32, 319, 280, 6, 133, 315, 172]","[1, 6, 11, 14, 16, 17, 19, 20, 29, 31, 32, 33, 35, 38, 44, 45, 49, 61, 62, 64, 68, 70, 78, 85, 87, 89, 95, 100, 107, 112, 113, 114, 116, 120, 121, 128, 129, 130, 141, 149, 151, 153, 154, 168, 174, 176, 180, 184, 188, 192, 195, 196, 198, 200, 201, 203, 207, 208, 211, 212, 214, 215, 222, 227, 230, 237, 245, 255, 258, 273, 278, 279, 284, 286, 288, 291, 292, 297, 299, 301, 303, 306, 309, 314, 315, 316, 326, 333, 334, 339, 345, 347, 350, 352, 353, 357, 366, 368, 374, 375, 380, 381]"
62,"[64, 368, 158, 273, 82, 356, 360, 192, 352, 379, 315, 373, 133, 236, 21, 85, 27, 169, 61, 271, 110, 106, 254, 69, 186, 132, 339, 311, 245, 2, 350, 80, 128, 81, 277, 244, 54, 321, 156, 34, 138, 232, 243, 380, 3, 70, 180, 195, 288, 176, 359, 174, 338, 87, 37, 348, 253, 51, 207, 125, 183, 382, 6, 336, 26, 112, 196, 75, 68, 97, 266, 190, 122, 45, 200, 197, 320, 175, 351, 354, 101, 123, 250, 144, 262, 179, 264, 308, 330, 343, 304, 226, 178, 371, 324, 220, 171, 40, 55, 115, 145, 331, 233, 329, 283, 131, 335, 239, 369, 47, 341, 218, 136, 72, 126, 212, 130, 140, 230, 12, 296, 149, 237, 88, 334, 119, 326, 14, 137, 164, 86, 151, 211, 268, 91, 38, 378, 290, 121, 319, 322, 199, 328, 111, 285, 376, 46, 327, 184, 313, 297, 355, 225, 59, 141, 372, 13, 261, 41, 120, 214, 166, 247, 146, 135, 134, 92, 278, 160, 317, 231, 39, 252, 17, 318, 238, 103, 306, 228, 342, 78, 105, 143, 240, 177, 349, 76, 108, 346, 219, 153, 139]","[136, 217, 29, 64, 66, 250, 50, 51, 127, 128, 180, 108, 41, 141, 183, 89, 168, 218, 346, 372, 15, 354, 1, 131, 75, 248, 193, 8, 327, 85, 80, 150, 155, 284, 86, 301, 185, 348, 94, 119, 45, 294, 109, 112, 368, 74, 293, 161, 361, 317, 212, 211, 287, 78, 359, 103, 196, 227, 63, 283, 23, 5, 351, 102, 174, 254, 152, 22, 31, 222, 233, 72, 305, 235, 220, 158, 116, 271, 273, 71, 266, 229, 231, 88, 353, 367, 178, 286, 142, 370, 68, 268, 210, 378, 381, 347, 282, 320, 143, 277, 24, 36, 252, 167, 69, 303, 58, 241, 27, 91, 77, 228, 16, 329, 95, 242, 134, 253, 296, 309, 144, 175, 0, 310, 337, 83, 62, 171, 70, 363, 289, 225, 276, 267, 3, 332, 17, 304, 172, 234, 319, 213, 280, 333, 262, 374, 311, 324, 302, 290, 334, 265, 350, 123, 328, 154, 84, 100, 148, 60, 106, 14, 226, 306, 237, 190, 111, 52, 307, 28, 291, 343, 162, 107, 57, 146, 244, 247, 182, 239, 98, 147, 198, 318, 315, 149, 189, 373, 18, 326, 177, 278]","[3, 14, 17, 27, 41, 45, 51, 64, 68, 69, 70, 72, 75, 78, 80, 85, 86, 88, 91, 103, 106, 108, 111, 112, 119, 123, 128, 131, 134, 136, 141, 143, 144, 146, 149, 158, 171, 174, 175, 177, 178, 180, 183, 190, 196, 211, 212, 218, 220, 225, 226, 228, 231, 233, 237, 239, 244, 247, 250, 252, 253, 254, 262, 266, 268, 271, 273, 277, 278, 283, 290, 296, 304, 306, 311, 315, 317, 318, 319, 320, 324, 326, 327, 328, 329, 334, 343, 346, 348, 350, 351, 354, 359, 368, 372, 373, 378]"
63,"[328, 269, 27, 197, 263, 308, 93, 8, 86, 103, 318, 151, 332, 220, 297, 19, 317, 202, 41, 356, 154, 101, 357, 380, 310, 366, 361, 340, 163, 160, 285, 49, 57, 144, 200, 89, 165, 111, 252, 48, 127, 94, 305, 125, 231, 159, 140, 53, 109, 221, 17, 47, 134, 114, 82, 278, 99, 13, 292, 215, 80, 14, 84, 143, 72, 331, 312, 214, 77, 288, 250, 33, 241, 291, 107, 238, 20, 194, 377, 258, 131, 167, 280, 122, 9, 219, 246, 212, 132, 352, 244, 26, 183, 345, 283, 31, 124, 177, 97, 147, 120, 381, 358, 4, 338, 201, 66, 104, 189, 262, 330, 187, 172, 184, 266, 360, 29, 226, 264, 108, 135, 179, 35, 336, 92, 12, 170, 102, 6, 1, 195, 136, 157, 3, 192, 259, 78, 326, 344, 74, 38, 50, 23, 169, 267, 68, 166, 339, 375, 314, 307, 274, 56, 239, 61, 67, 45, 46, 362, 371, 354, 315, 319, 161, 7, 133, 210, 359, 51, 383, 261, 128, 95, 342, 251, 10, 168, 83, 100, 203, 193, 365, 142, 44, 63, 368, 175, 180, 146, 270, 2, 237]","[82, 368, 104, 121, 145, 282, 352, 194, 49, 227, 108, 269, 39, 300, 323, 222, 245, 375, 370, 72, 212, 177, 112, 163, 263, 362, 64, 154, 364, 115, 340, 230, 75, 105, 296, 34, 326, 196, 132, 218, 200, 130, 69, 159, 332, 369, 197, 119, 2, 183, 13, 313, 221, 150, 257, 33, 279, 224, 123, 367, 129, 139, 172, 355, 176, 319, 141, 247, 314, 54, 343, 215, 95, 23, 20, 188, 334, 344, 248, 148, 137, 151, 322, 138, 260, 96, 79, 81, 173, 40, 380, 302, 220, 184, 256, 202, 44, 114, 74, 29, 3, 94, 6, 262, 290, 272, 234, 118, 11, 100, 143, 242, 109, 111, 25, 336, 280, 318, 61, 127, 191, 179, 0, 157, 350, 299, 266, 101, 310, 201, 259, 120, 267, 284, 297, 347, 88, 31, 374, 125, 47, 97, 128, 229, 254, 38, 14, 98, 133, 251, 324, 178, 239, 8, 312, 309, 103, 249, 92, 339, 281, 161, 62, 1, 36, 144, 213, 264, 327, 235, 287, 274, 27, 134, 376, 152, 377, 293, 48, 285, 250, 261, 348, 56, 135, 12, 170, 331, 354, 321, 195, 304]","[1, 2, 3, 6, 8, 12, 13, 14, 20, 23, 27, 29, 31, 33, 38, 44, 47, 48, 49, 56, 61, 72, 74, 82, 92, 94, 95, 97, 100, 101, 103, 104, 108, 109, 111, 114, 120, 125, 127, 128, 132, 133, 134, 135, 143, 144, 151, 154, 157, 159, 161, 163, 170, 172, 177, 179, 183, 184, 194, 195, 197, 200, 201, 202, 212, 215, 220, 221, 239, 250, 251, 259, 261, 262, 263, 264, 266, 267, 269, 274, 280, 285, 297, 310, 312, 314, 318, 319, 326, 331, 332, 336, 339, 340, 344, 352, 354, 362, 368, 375, 377, 380]"
64,"[200, 305, 171, 3, 113, 269, 64, 11, 58, 283, 248, 189, 334, 169, 379, 122, 356, 258, 216, 184, 280, 190, 132, 104, 18, 114, 357, 349, 343, 312, 217, 146, 214, 219, 335, 29, 285, 201, 367, 136, 346, 351, 13, 107, 16, 72, 17, 157, 252, 332, 174, 284, 93, 359, 319, 337, 302, 86, 354, 23, 225, 279, 83, 105, 339, 4, 94, 91, 71, 118, 69, 144, 67, 27, 293, 365, 317, 70, 129, 254, 52, 197, 257, 273, 26, 235, 9, 54, 291, 125, 340, 314, 130, 151, 313, 22, 328, 31, 223, 14, 227, 59, 185, 331, 121, 350, 142, 369, 147, 178, 249, 56, 21, 137, 199, 36, 355, 97, 47, 304, 370, 277, 241, 215, 264, 315, 175, 348, 120, 377, 207, 66, 231, 262, 195, 48, 341, 153, 352, 306, 316, 43, 150, 141, 260, 358, 191, 236, 35, 338, 310, 292, 128, 218, 295, 300, 173, 111, 242, 57, 345, 296, 49, 78, 133, 134, 1, 19, 230, 145, 268, 263, 143, 96, 55, 234, 213, 177, 32, 383, 281, 124, 98, 89, 61, 40, 303, 209, 333, 140, 109, 246]","[287, 348, 169, 97, 175, 278, 1, 152, 326, 78, 227, 117, 248, 258, 379, 378, 56, 28, 61, 158, 239, 126, 337, 33, 301, 11, 262, 6, 168, 230, 10, 163, 173, 271, 14, 51, 43, 244, 363, 114, 138, 161, 137, 45, 221, 162, 242, 320, 324, 60, 317, 23, 280, 203, 207, 321, 92, 64, 257, 112, 122, 240, 55, 59, 72, 265, 295, 267, 246, 42, 9, 102, 58, 151, 76, 82, 156, 139, 3, 89, 159, 367, 231, 170, 274, 26, 153, 223, 46, 116, 125, 354, 98, 282, 192, 323, 62, 296, 308, 40, 184, 360, 165, 290, 87, 247, 22, 286, 217, 34, 318, 305, 304, 237, 52, 372, 32, 289, 44, 215, 110, 270, 359, 329, 232, 370, 12, 111, 307, 255, 335, 205, 292, 279, 314, 377, 90, 284, 127, 264, 27, 210, 322, 5, 276, 357, 332, 77, 132, 88, 47, 157, 171, 108, 48, 345, 15, 328, 17, 352, 212, 213, 291, 131, 219, 310, 252, 183, 272, 343, 85, 228, 86, 199, 174, 19, 38, 107, 74, 104, 222, 281, 36, 149, 309, 172, 373, 31, 369, 105, 190, 297]","[1, 3, 9, 11, 14, 17, 19, 22, 23, 26, 27, 31, 32, 36, 40, 43, 47, 48, 52, 55, 56, 58, 59, 61, 64, 72, 78, 86, 89, 97, 98, 104, 105, 107, 111, 114, 122, 125, 132, 137, 151, 153, 157, 169, 171, 173, 174, 175, 184, 190, 199, 207, 213, 215, 217, 219, 223, 227, 230, 231, 242, 246, 248, 252, 257, 258, 262, 264, 279, 280, 281, 284, 291, 292, 295, 296, 304, 305, 310, 314, 317, 328, 332, 335, 337, 343, 345, 348, 352, 354, 357, 359, 367, 369, 370, 377, 379]"
65,"[159, 65, 93, 272, 285, 181, 90, 350, 48, 71, 193, 354, 42, 149, 132, 88, 94, 280, 218, 301, 142, 367, 120, 113, 38, 308, 135, 230, 127, 291, 118, 348, 341, 220, 259, 264, 332, 368, 54, 241, 282, 25, 9, 198, 324, 128, 278, 260, 112, 130, 22, 288, 265, 295, 339, 174, 86, 137, 321, 281, 111, 146, 163, 14, 63, 169, 145, 206, 73, 342, 139, 134, 263, 353, 311, 243, 248, 251, 269, 138, 76, 26, 119, 33, 115, 171, 177, 370, 40, 307, 18, 16, 382, 375, 123, 52, 47, 165, 189, 210, 327, 103, 91, 80, 64, 328, 371, 383, 121, 7, 233, 4, 74, 330, 255, 144, 331, 228, 67, 51, 17, 357, 8, 270, 10, 192, 35, 247, 249, 378, 203, 343, 273, 107, 340, 84, 303, 175, 293, 96, 346, 300, 274, 19, 294, 365, 85, 43, 335, 34, 45, 261, 316, 23, 232, 217, 258, 297, 141, 349, 116, 108, 204, 5, 46, 166, 320, 283, 351, 75, 257, 313, 237, 289, 358, 338, 70, 376, 205, 20, 184, 213, 2, 244, 361, 160, 256, 183, 333, 222, 238, 196]","[187, 287, 265, 316, 216, 229, 18, 252, 183, 51, 298, 304, 273, 152, 102, 299, 54, 223, 221, 189, 303, 22, 181, 50, 338, 109, 82, 326, 365, 311, 176, 288, 14, 59, 169, 230, 192, 163, 149, 36, 28, 89, 161, 5, 333, 123, 374, 293, 71, 214, 207, 310, 168, 346, 301, 198, 40, 104, 19, 157, 236, 80, 132, 138, 312, 261, 160, 29, 143, 196, 119, 225, 142, 206, 276, 75, 108, 375, 103, 66, 275, 238, 43, 320, 129, 87, 170, 294, 94, 34, 248, 343, 15, 268, 182, 57, 95, 165, 173, 30, 296, 20, 1, 200, 314, 100, 65, 199, 107, 159, 79, 133, 144, 11, 197, 21, 272, 218, 8, 61, 262, 240, 167, 243, 356, 250, 358, 251, 259, 215, 254, 232, 91, 327, 257, 58, 342, 383, 249, 263, 44, 158, 186, 131, 321, 47, 148, 42, 280, 224, 334, 212, 283, 372, 12, 245, 352, 211, 266, 45, 285, 289, 319, 264, 63, 345, 205, 135, 246, 74, 92, 244, 360, 26, 271, 134, 373, 86, 24, 140, 324, 366, 171, 178, 380, 174, 48, 318, 10, 23, 292, 53]","[5, 8, 10, 14, 18, 19, 20, 22, 23, 26, 34, 40, 42, 43, 45, 47, 48, 51, 54, 63, 65, 71, 74, 75, 80, 86, 91, 94, 103, 107, 108, 119, 123, 132, 134, 135, 138, 142, 144, 149, 159, 160, 163, 165, 169, 171, 174, 181, 183, 189, 192, 196, 198, 205, 206, 218, 230, 232, 238, 243, 244, 248, 249, 251, 257, 259, 261, 263, 264, 265, 272, 273, 280, 283, 285, 288, 289, 293, 294, 301, 303, 311, 316, 320, 321, 324, 327, 333, 338, 342, 343, 346, 358, 365, 375, 383]"
66,"[305, 198, 323, 104, 327, 216, 380, 43, 26, 232, 342, 256, 211, 374, 188, 313, 127, 245, 368, 187, 1, 128, 314, 223, 69, 282, 345, 6, 240, 294, 65, 126, 80, 236, 255, 142, 195, 71, 214, 318, 29, 4, 176, 262, 346, 261, 116, 364, 81, 373, 197, 136, 254, 86, 363, 291, 281, 250, 259, 79, 24, 105, 260, 377, 168, 335, 133, 30, 40, 12, 315, 33, 158, 121, 208, 266, 146, 155, 189, 60, 366, 134, 96, 202, 114, 44, 39, 59, 53, 221, 164, 148, 22, 265, 87, 58, 347, 349, 311, 296, 124, 371, 343, 66, 75, 186, 76, 106, 13, 15, 330, 333, 115, 200, 172, 354, 336, 244, 42, 316, 234, 175, 163, 154, 89, 217, 8, 138, 230, 151, 322, 98, 54, 38, 358, 41, 144, 70, 359, 85, 319, 174, 218, 360, 293, 381, 246, 153, 19, 161, 57, 194, 169, 270, 239, 130, 267, 264, 351, 5, 10, 369, 303, 25, 91, 331, 92, 102, 228, 287, 353, 205, 367, 37, 35, 110, 307, 73, 348, 185, 295, 252, 300, 263, 62, 326, 18, 284, 111, 356, 272, 378]","[217, 369, 187, 101, 48, 197, 330, 310, 141, 228, 355, 35, 176, 54, 26, 100, 259, 344, 56, 168, 70, 131, 93, 15, 62, 237, 178, 28, 256, 60, 192, 329, 140, 82, 114, 86, 165, 300, 198, 38, 173, 129, 367, 97, 284, 250, 245, 286, 11, 321, 102, 371, 229, 349, 122, 13, 72, 49, 281, 14, 31, 267, 322, 132, 108, 379, 233, 160, 73, 297, 75, 153, 171, 373, 47, 277, 339, 255, 147, 103, 352, 104, 150, 264, 227, 332, 39, 363, 225, 110, 234, 74, 179, 271, 263, 20, 283, 112, 243, 248, 251, 194, 317, 50, 238, 58, 309, 314, 279, 219, 138, 211, 295, 360, 7, 10, 220, 318, 337, 55, 215, 196, 5, 265, 180, 164, 315, 375, 155, 136, 78, 268, 71, 382, 307, 148, 117, 182, 24, 43, 209, 205, 342, 77, 158, 83, 231, 346, 67, 261, 356, 135, 109, 287, 316, 124, 59, 303, 306, 341, 96, 33, 63, 210, 370, 188, 218, 69, 347, 247, 88, 311, 2, 204, 22, 354, 258, 29, 223, 87, 324, 334, 154, 312, 139, 276, 95, 282, 325, 149, 195, 212]","[5, 10, 13, 15, 22, 24, 26, 29, 33, 35, 38, 39, 43, 54, 58, 59, 60, 62, 69, 70, 71, 73, 75, 86, 87, 96, 102, 104, 110, 114, 124, 136, 138, 148, 153, 154, 155, 158, 164, 168, 176, 187, 188, 194, 195, 197, 198, 205, 211, 217, 218, 223, 228, 234, 245, 250, 255, 256, 259, 261, 263, 264, 265, 267, 281, 282, 284, 287, 295, 300, 303, 307, 311, 314, 315, 316, 318, 322, 330, 342, 346, 347, 349, 354, 356, 360, 363, 367, 369, 371, 373]"
67,"[153, 328, 143, 214, 222, 229, 241, 236, 249, 97, 53, 307, 201, 68, 0, 348, 30, 155, 204, 82, 327, 237, 184, 96, 260, 300, 40, 79, 208, 69, 353, 112, 192, 116, 89, 200, 126, 85, 218, 238, 106, 368, 71, 36, 263, 135, 38, 107, 101, 219, 100, 313, 188, 78, 196, 350, 66, 191, 189, 273, 284, 225, 58, 179, 134, 291, 323, 224, 213, 80, 149, 253, 113, 136, 75, 324, 183, 356, 304, 373, 130, 105, 151, 109, 129, 202, 124, 70, 206, 44, 267, 140, 172, 168, 221, 111, 120, 381, 12, 54, 244, 287, 175, 170, 271, 108, 6, 301, 212, 110, 376, 147, 326, 185, 232, 245, 18, 296, 337, 77, 1, 121, 270, 117, 55, 342, 67, 150, 299, 295, 316, 340, 309, 383, 16, 341, 215, 367, 52, 256, 138, 293, 257, 306, 193, 21, 114, 141, 95, 365, 156, 50, 266, 247, 346, 33, 269, 336, 317, 167, 31, 46, 23, 318, 234, 64, 371, 62, 60, 166, 292, 98, 132, 34, 104, 158, 122, 14, 199, 164, 349, 334, 369, 25, 15, 27, 370, 320, 239, 39, 321, 361]","[325, 231, 24, 230, 298, 257, 302, 87, 244, 17, 355, 376, 177, 312, 199, 59, 214, 226, 208, 344, 70, 28, 324, 61, 108, 264, 101, 183, 96, 321, 169, 133, 36, 366, 75, 192, 273, 45, 161, 141, 72, 288, 10, 237, 162, 37, 58, 117, 266, 354, 123, 15, 53, 196, 223, 216, 301, 160, 259, 23, 383, 34, 159, 256, 55, 113, 249, 42, 148, 33, 21, 207, 110, 121, 278, 315, 206, 130, 270, 88, 93, 342, 338, 180, 275, 111, 347, 168, 13, 382, 106, 287, 358, 330, 99, 14, 368, 290, 124, 219, 116, 202, 94, 1, 145, 146, 126, 12, 370, 118, 285, 194, 80, 289, 300, 267, 332, 280, 190, 262, 163, 176, 229, 371, 35, 292, 201, 238, 314, 57, 323, 291, 95, 151, 65, 213, 297, 188, 337, 293, 69, 215, 349, 77, 333, 220, 334, 84, 171, 327, 294, 62, 82, 26, 309, 283, 281, 115, 98, 32, 377, 210, 66, 181, 378, 138, 186, 170, 71, 326, 8, 336, 5, 209, 155, 149, 218, 78, 234, 107, 50, 252, 329, 245, 81, 122, 346, 178, 253, 322, 367, 295]","[1, 12, 14, 15, 21, 23, 33, 34, 36, 50, 53, 55, 58, 62, 66, 69, 70, 71, 75, 77, 78, 80, 82, 95, 96, 98, 101, 106, 107, 108, 110, 111, 113, 116, 117, 121, 122, 124, 126, 130, 138, 141, 149, 151, 155, 168, 170, 183, 188, 192, 196, 199, 201, 202, 206, 208, 213, 214, 215, 218, 219, 229, 234, 237, 238, 244, 245, 249, 253, 256, 257, 266, 267, 270, 273, 287, 291, 292, 293, 295, 300, 301, 309, 321, 323, 324, 326, 327, 334, 336, 337, 342, 346, 349, 367, 368, 370, 371, 376, 383]"
68,"[186, 380, 44, 267, 321, 175, 52, 2, 62, 328, 162, 374, 105, 168, 343, 136, 215, 125, 14, 309, 78, 237, 147, 242, 377, 193, 315, 256, 241, 160, 153, 4, 303, 39, 28, 260, 195, 317, 192, 252, 68, 233, 203, 332, 129, 170, 282, 336, 17, 379, 372, 154, 272, 182, 277, 5, 279, 347, 327, 171, 54, 344, 305, 290, 227, 296, 235, 249, 219, 91, 76, 281, 121, 312, 255, 280, 18, 90, 201, 82, 361, 345, 369, 289, 31, 49, 366, 292, 308, 22, 371, 198, 34, 330, 295, 84, 326, 231, 323, 204, 271, 350, 124, 142, 232, 173, 73, 225, 355, 119, 126, 13, 211, 152, 148, 67, 81, 335, 357, 38, 354, 212, 140, 239, 114, 133, 86, 298, 131, 187, 163, 143, 172, 261, 197, 228, 248, 132, 368, 46, 209, 224, 196, 316, 33, 214, 70, 247, 265, 77, 202, 221, 360, 115, 288, 92, 356, 37, 135, 268, 191, 150, 293, 362, 208, 283, 213, 0, 254, 314, 363, 270, 36, 375, 333, 43, 42, 41, 103, 23, 302, 338, 286, 189, 109, 164, 269, 20, 284, 120, 123, 383]","[254, 300, 40, 82, 344, 151, 207, 200, 144, 47, 348, 103, 64, 341, 309, 238, 45, 179, 59, 23, 345, 283, 84, 85, 224, 168, 43, 206, 246, 286, 167, 172, 248, 282, 141, 107, 148, 212, 72, 287, 315, 219, 377, 199, 205, 18, 312, 227, 242, 365, 347, 136, 311, 44, 111, 8, 330, 220, 130, 137, 89, 11, 292, 321, 87, 372, 259, 132, 340, 7, 318, 25, 310, 165, 30, 175, 142, 375, 58, 31, 51, 249, 181, 184, 316, 299, 106, 57, 197, 272, 189, 4, 367, 96, 338, 267, 83, 290, 305, 362, 183, 214, 138, 68, 279, 293, 313, 209, 115, 240, 9, 120, 243, 329, 118, 241, 336, 250, 166, 223, 16, 160, 328, 364, 126, 202, 36, 94, 122, 276, 233, 370, 332, 50, 56, 298, 196, 17, 208, 55, 201, 24, 334, 275, 1, 198, 380, 278, 280, 178, 335, 236, 133, 331, 265, 383, 221, 46, 369, 152, 263, 268, 49, 12, 114, 140, 191, 128, 116, 28, 228, 190, 235, 317, 131, 271, 171, 119, 90, 284, 95, 146, 314, 15, 105, 244, 359, 185, 327, 289, 70, 20]","[4, 17, 18, 20, 23, 28, 31, 36, 43, 44, 46, 49, 68, 70, 82, 84, 90, 103, 105, 114, 115, 119, 120, 126, 131, 132, 133, 136, 140, 142, 148, 152, 160, 168, 171, 172, 175, 189, 191, 196, 197, 198, 201, 202, 208, 209, 212, 214, 219, 221, 224, 227, 228, 233, 235, 241, 242, 248, 249, 254, 265, 267, 268, 271, 272, 279, 280, 282, 283, 284, 286, 289, 290, 292, 293, 298, 305, 309, 312, 314, 315, 316, 317, 321, 327, 328, 330, 332, 335, 336, 338, 344, 345, 347, 362, 369, 372, 375, 377, 380, 383]"
69,"[93, 306, 35, 230, 120, 377, 326, 336, 2, 296, 102, 264, 190, 290, 261, 184, 87, 73, 312, 310, 125, 178, 67, 112, 157, 204, 61, 285, 26, 327, 224, 356, 185, 279, 10, 96, 32, 188, 348, 304, 179, 260, 274, 245, 365, 27, 215, 84, 100, 64, 19, 86, 143, 177, 213, 332, 246, 367, 114, 379, 234, 255, 66, 139, 247, 199, 251, 162, 15, 16, 257, 366, 258, 107, 235, 85, 328, 207, 164, 60, 137, 103, 174, 28, 115, 330, 135, 127, 43, 244, 217, 340, 358, 49, 345, 253, 318, 55, 287, 214, 129, 363, 249, 341, 163, 132, 99, 329, 23, 297, 81, 288, 130, 173, 382, 351, 36, 166, 34, 176, 152, 210, 275, 111, 342, 223, 147, 128, 273, 248, 77, 291, 54, 30, 118, 284, 322, 242, 45, 302, 191, 105, 48, 325, 161, 117, 331, 44, 272, 227, 226, 0, 63, 231, 201, 195, 69, 101, 172, 350, 324, 40, 5, 38, 3, 70, 353, 203, 282, 158, 136, 21, 42, 9, 194, 320, 289, 308, 373, 83, 110, 263, 197, 192, 75, 295, 121, 305, 25, 232, 183, 307]","[331, 248, 57, 309, 151, 3, 72, 87, 289, 307, 146, 196, 22, 342, 194, 145, 186, 380, 351, 357, 223, 147, 282, 117, 4, 23, 274, 62, 281, 86, 160, 293, 55, 366, 352, 96, 136, 66, 273, 109, 234, 79, 258, 230, 192, 63, 305, 94, 377, 187, 300, 346, 124, 159, 201, 127, 374, 259, 376, 325, 158, 347, 76, 65, 296, 225, 180, 326, 85, 237, 328, 254, 25, 64, 46, 345, 108, 284, 303, 216, 32, 27, 191, 214, 7, 362, 212, 1, 139, 227, 204, 81, 129, 20, 206, 312, 188, 14, 161, 255, 119, 219, 321, 270, 379, 327, 286, 336, 292, 341, 323, 90, 152, 35, 154, 53, 80, 45, 365, 163, 208, 123, 310, 252, 319, 302, 311, 67, 228, 18, 231, 106, 195, 256, 249, 141, 38, 210, 169, 24, 19, 295, 130, 213, 368, 95, 88, 183, 77, 153, 174, 264, 324, 313, 242, 189, 222, 13, 207, 171, 82, 175, 61, 218, 178, 166, 100, 364, 101, 29, 133, 350, 370, 298, 144, 34, 358, 246, 10, 59, 36, 16, 243, 205, 301, 353, 148, 275, 78, 367, 11, 290]","[3, 10, 16, 19, 23, 25, 27, 32, 34, 35, 36, 38, 45, 55, 61, 63, 64, 66, 67, 77, 81, 85, 86, 87, 96, 100, 101, 117, 127, 129, 130, 136, 139, 147, 152, 158, 161, 163, 166, 174, 178, 183, 188, 191, 192, 194, 195, 201, 204, 207, 210, 213, 214, 223, 227, 230, 231, 234, 242, 246, 248, 249, 255, 258, 264, 273, 274, 275, 282, 284, 289, 290, 295, 296, 302, 305, 307, 310, 312, 324, 325, 326, 327, 328, 331, 336, 341, 342, 345, 350, 351, 353, 358, 365, 366, 367, 377, 379]"
70,"[256, 60, 290, 221, 352, 12, 167, 195, 115, 5, 172, 74, 80, 316, 203, 302, 144, 333, 143, 339, 37, 341, 355, 150, 297, 49, 140, 79, 304, 310, 313, 26, 90, 77, 325, 367, 99, 27, 260, 216, 378, 98, 154, 191, 311, 34, 55, 282, 247, 356, 40, 237, 363, 275, 97, 106, 217, 139, 298, 254, 233, 374, 331, 43, 11, 224, 127, 292, 162, 213, 347, 133, 145, 8, 327, 222, 170, 323, 66, 370, 368, 109, 171, 22, 250, 175, 188, 105, 332, 201, 95, 151, 321, 317, 300, 358, 306, 16, 305, 303, 28, 308, 110, 156, 349, 214, 130, 101, 21, 286, 46, 161, 288, 113, 82, 129, 283, 87, 211, 194, 78, 104, 121, 155, 267, 366, 212, 320, 334, 228, 184, 31, 124, 183, 192, 165, 149, 284, 219, 371, 239, 63, 186, 148, 193, 52, 75, 376, 9, 168, 44, 218, 258, 266, 182, 245, 58, 180, 85, 114, 364, 330, 373, 128, 318, 255, 177, 274, 243, 176, 189, 3, 234, 232, 17, 223, 202, 111, 126, 365, 2, 159, 135, 291, 178, 92, 270, 380, 335, 158, 173, 199]","[320, 142, 285, 201, 6, 347, 244, 363, 305, 309, 137, 80, 321, 270, 67, 212, 8, 377, 39, 276, 275, 181, 312, 59, 119, 53, 279, 307, 78, 160, 382, 86, 135, 218, 304, 51, 17, 245, 140, 263, 102, 170, 66, 241, 251, 38, 238, 310, 132, 129, 264, 189, 44, 178, 131, 361, 313, 165, 327, 15, 380, 60, 215, 261, 22, 259, 43, 277, 302, 7, 351, 122, 224, 211, 217, 46, 235, 324, 225, 337, 197, 383, 10, 114, 34, 364, 42, 118, 252, 296, 350, 335, 190, 167, 40, 146, 353, 369, 323, 194, 346, 11, 280, 362, 269, 9, 331, 104, 205, 96, 286, 330, 65, 319, 303, 374, 106, 249, 236, 94, 265, 354, 25, 273, 36, 151, 128, 120, 370, 229, 187, 328, 14, 272, 206, 1, 169, 271, 308, 207, 209, 162, 141, 278, 287, 63, 89, 198, 199, 45, 220, 186, 172, 37, 233, 130, 61, 105, 48, 139, 76, 84, 182, 191, 108, 101, 5, 57, 0, 92, 258, 230, 41, 228, 85, 68, 348, 341, 301, 138, 240, 290, 87, 359, 107, 136, 32, 372, 103, 149, 27, 283]","[5, 8, 9, 11, 17, 22, 27, 34, 37, 40, 43, 44, 46, 60, 63, 66, 78, 80, 85, 87, 92, 101, 104, 105, 106, 114, 128, 129, 130, 135, 139, 140, 149, 151, 162, 165, 167, 170, 172, 178, 182, 186, 189, 191, 194, 199, 201, 211, 212, 217, 218, 224, 228, 233, 245, 258, 270, 275, 283, 286, 290, 302, 303, 304, 305, 308, 310, 313, 320, 321, 323, 327, 330, 331, 335, 341, 347, 363, 364, 370, 374, 380]"
71,"[341, 135, 143, 62, 119, 92, 102, 168, 111, 149, 189, 180, 287, 329, 157, 333, 23, 367, 273, 63, 239, 116, 216, 259, 33, 327, 309, 363, 355, 266, 279, 381, 342, 49, 186, 382, 107, 370, 254, 9, 219, 364, 256, 315, 100, 126, 132, 136, 118, 372, 272, 192, 263, 106, 330, 185, 250, 344, 306, 137, 151, 146, 352, 244, 85, 204, 162, 294, 115, 19, 98, 69, 61, 171, 293, 354, 233, 206, 199, 359, 147, 170, 120, 2, 125, 76, 307, 5, 343, 59, 283, 34, 379, 152, 207, 6, 215, 141, 71, 290, 165, 3, 40, 314, 35, 288, 282, 350, 174, 277, 240, 159, 271, 148, 12, 109, 74, 10, 237, 27, 281, 57, 22, 335, 345, 104, 4, 378, 202, 284, 353, 241, 99, 90, 190, 112, 197, 286, 105, 194, 236, 222, 231, 220, 14, 156, 249, 181, 86, 296, 24, 347, 328, 21, 65, 348, 383, 133, 73, 11, 227, 278, 178, 26, 203, 46, 201, 80, 20, 89, 177, 357, 16, 30, 373, 340, 67, 304, 1, 269, 324, 37, 258, 15, 213, 161, 356, 380, 87, 56, 187, 70]","[85, 265, 19, 50, 348, 352, 61, 379, 174, 261, 346, 273, 49, 182, 171, 373, 370, 64, 8, 204, 375, 7, 20, 43, 160, 69, 4, 161, 118, 119, 292, 162, 216, 126, 306, 184, 209, 363, 287, 229, 322, 376, 28, 23, 94, 72, 335, 365, 18, 300, 186, 293, 29, 286, 35, 249, 163, 135, 267, 113, 116, 357, 133, 181, 263, 40, 189, 90, 320, 288, 55, 139, 214, 110, 217, 227, 109, 243, 194, 54, 66, 282, 200, 208, 57, 242, 123, 232, 89, 175, 91, 264, 318, 225, 228, 170, 65, 124, 138, 190, 349, 185, 207, 154, 168, 321, 329, 234, 316, 115, 252, 26, 220, 58, 285, 188, 336, 345, 251, 146, 77, 383, 221, 367, 177, 37, 326, 330, 362, 354, 343, 125, 6, 308, 211, 155, 140, 102, 364, 25, 120, 3, 51, 356, 325, 17, 378, 68, 5, 187, 12, 15, 103, 218, 298, 44, 284, 33, 32, 274, 145, 10, 236, 238, 151, 141, 278, 117, 191, 305, 150, 106, 337, 341, 342, 256, 131, 176, 92, 255, 78, 193, 374, 74, 328, 80, 31, 14, 230, 197, 281, 222]","[3, 4, 5, 6, 10, 12, 14, 15, 19, 20, 23, 26, 33, 35, 37, 40, 49, 57, 61, 65, 69, 74, 80, 85, 89, 90, 92, 102, 106, 109, 115, 116, 118, 119, 120, 125, 126, 133, 135, 141, 146, 151, 161, 162, 168, 170, 171, 174, 177, 181, 185, 186, 187, 189, 190, 194, 197, 204, 207, 216, 220, 222, 227, 236, 249, 256, 263, 273, 278, 281, 282, 284, 286, 287, 288, 293, 306, 328, 329, 330, 335, 341, 342, 343, 345, 348, 352, 354, 356, 357, 363, 364, 367, 370, 373, 378, 379, 383]"
72,"[323, 319, 275, 124, 134, 45, 53, 62, 146, 331, 324, 185, 315, 264, 200, 179, 198, 27, 24, 95, 251, 303, 98, 227, 2, 20, 1, 205, 175, 41, 327, 38, 86, 105, 309, 338, 129, 271, 176, 374, 361, 122, 154, 311, 100, 23, 210, 287, 140, 259, 341, 72, 268, 131, 189, 0, 206, 313, 245, 156, 143, 328, 85, 253, 73, 56, 32, 346, 25, 224, 37, 277, 297, 138, 373, 44, 69, 15, 240, 237, 282, 81, 290, 354, 82, 336, 99, 261, 342, 317, 125, 187, 376, 170, 296, 26, 142, 186, 91, 89, 358, 46, 274, 136, 355, 114, 141, 117, 103, 252, 208, 197, 304, 325, 256, 149, 333, 145, 14, 88, 322, 4, 35, 172, 223, 308, 17, 182, 153, 214, 321, 177, 202, 364, 10, 83, 219, 352, 220, 349, 283, 260, 110, 347, 369, 209, 307, 147, 191, 128, 276, 233, 79, 201, 213, 381, 34, 363, 298, 166, 218, 5, 244, 226, 326, 70, 78, 52, 242, 3, 320, 159, 300, 74, 48, 301, 173, 119, 254, 68, 130, 132, 64, 183, 312, 380, 133, 127, 169, 193, 266, 246]","[117, 298, 268, 145, 122, 228, 110, 89, 371, 260, 36, 239, 146, 85, 112, 347, 137, 129, 68, 181, 240, 211, 128, 332, 294, 90, 290, 382, 43, 306, 235, 175, 219, 149, 308, 360, 243, 174, 277, 50, 269, 67, 25, 157, 324, 352, 5, 121, 312, 288, 133, 55, 231, 16, 169, 280, 135, 207, 15, 285, 340, 339, 272, 301, 213, 191, 10, 141, 130, 216, 222, 108, 317, 343, 96, 180, 167, 172, 381, 237, 39, 315, 102, 282, 126, 38, 187, 257, 1, 66, 349, 186, 238, 37, 70, 173, 321, 328, 139, 32, 113, 365, 284, 358, 124, 214, 22, 151, 241, 300, 80, 281, 337, 254, 356, 225, 69, 17, 42, 302, 262, 246, 377, 88, 58, 30, 195, 94, 295, 366, 171, 163, 14, 247, 177, 234, 168, 40, 170, 162, 265, 304, 143, 293, 323, 84, 249, 344, 362, 9, 201, 223, 346, 229, 161, 193, 72, 196, 341, 46, 359, 101, 276, 374, 224, 256, 179, 92, 203, 28, 159, 218, 250, 226, 242, 142, 13, 370, 153, 198, 252, 383, 4, 185, 190, 52, 263, 82, 136, 333, 286, 95]","[1, 4, 5, 10, 14, 15, 17, 25, 32, 37, 38, 46, 52, 68, 69, 70, 72, 82, 85, 88, 89, 95, 110, 117, 122, 124, 128, 129, 130, 133, 136, 141, 142, 143, 145, 146, 149, 153, 159, 169, 170, 172, 173, 175, 177, 179, 185, 186, 187, 191, 193, 198, 201, 213, 214, 218, 219, 223, 224, 226, 237, 240, 242, 246, 252, 254, 256, 260, 268, 276, 277, 282, 290, 298, 300, 301, 304, 308, 312, 315, 317, 321, 323, 324, 328, 333, 341, 346, 347, 349, 352, 358, 374, 381]"
73,"[76, 288, 124, 342, 268, 162, 67, 41, 127, 251, 20, 74, 167, 293, 271, 272, 204, 66, 58, 352, 360, 243, 202, 219, 22, 169, 5, 226, 45, 311, 369, 168, 276, 230, 60, 52, 307, 199, 195, 258, 75, 346, 93, 303, 233, 299, 111, 345, 128, 245, 302, 227, 295, 261, 12, 10, 264, 249, 25, 171, 72, 9, 257, 213, 139, 313, 106, 274, 350, 42, 142, 92, 278, 244, 284, 256, 173, 343, 38, 183, 373, 241, 277, 337, 179, 108, 210, 4, 187, 33, 159, 335, 362, 216, 80, 225, 77, 297, 374, 125, 372, 208, 341, 194, 180, 228, 186, 156, 296, 61, 255, 6, 339, 318, 240, 198, 334, 86, 64, 23, 65, 98, 107, 131, 110, 238, 380, 206, 119, 94, 370, 103, 222, 347, 381, 55, 160, 46, 287, 138, 143, 232, 217, 91, 16, 310, 158, 144, 39, 355, 331, 354, 248, 147, 365, 53, 176, 73, 324, 97, 270, 242, 43, 101, 121, 336, 304, 28, 31, 174, 252, 205, 332, 184, 34, 290, 185, 132, 118, 166, 150, 330, 237, 215, 193, 8, 235, 26, 3, 36, 259, 96]","[314, 22, 367, 108, 63, 143, 322, 179, 331, 241, 293, 342, 95, 126, 297, 192, 215, 292, 264, 189, 121, 360, 217, 92, 362, 199, 55, 11, 345, 184, 4, 30, 158, 312, 66, 124, 6, 211, 311, 351, 317, 16, 68, 5, 159, 142, 300, 98, 166, 129, 198, 176, 333, 106, 61, 132, 53, 250, 242, 310, 3, 203, 377, 151, 144, 286, 85, 374, 365, 186, 118, 368, 112, 204, 315, 181, 13, 220, 285, 349, 305, 338, 340, 350, 363, 139, 152, 281, 353, 313, 227, 262, 295, 82, 149, 135, 17, 161, 93, 47, 224, 23, 375, 276, 67, 335, 339, 269, 332, 302, 171, 163, 78, 324, 75, 27, 222, 196, 193, 260, 358, 36, 102, 35, 316, 122, 20, 370, 79, 38, 270, 26, 205, 130, 141, 174, 230, 378, 282, 309, 113, 101, 383, 252, 100, 140, 41, 103, 58, 257, 24, 150, 218, 330, 178, 45, 207, 294, 245, 212, 288, 251, 86, 346, 213, 160, 379, 323, 255, 115, 329, 74, 327, 336, 200, 261, 359, 253, 31, 28, 247, 162, 73, 43, 164, 197, 9, 69, 48, 372, 59, 25]","[3, 4, 5, 6, 9, 16, 20, 22, 23, 25, 26, 28, 31, 36, 38, 41, 43, 45, 53, 55, 58, 61, 66, 67, 73, 74, 75, 86, 92, 93, 98, 101, 103, 106, 108, 118, 121, 124, 132, 139, 142, 143, 144, 150, 158, 159, 160, 162, 166, 171, 174, 176, 179, 184, 186, 193, 198, 199, 204, 205, 213, 215, 217, 222, 227, 230, 241, 242, 245, 251, 252, 255, 257, 261, 264, 270, 276, 288, 293, 295, 297, 302, 310, 311, 313, 324, 330, 331, 332, 335, 336, 339, 342, 345, 346, 350, 360, 362, 365, 370, 372, 374]"
74,"[383, 158, 351, 9, 201, 12, 296, 205, 256, 50, 196, 287, 309, 86, 251, 365, 250, 282, 156, 57, 218, 284, 4, 61, 226, 161, 108, 175, 330, 274, 0, 194, 236, 79, 327, 14, 334, 171, 297, 3, 152, 85, 275, 371, 341, 238, 153, 243, 145, 114, 59, 81, 41, 229, 88, 257, 133, 109, 249, 362, 343, 126, 285, 231, 261, 27, 325, 342, 253, 233, 197, 29, 277, 298, 102, 28, 142, 138, 286, 361, 169, 322, 136, 352, 69, 230, 127, 40, 280, 328, 324, 204, 223, 300, 122, 232, 63, 227, 49, 16, 272, 312, 283, 38, 51, 90, 271, 214, 369, 19, 105, 339, 172, 74, 15, 84, 278, 37, 191, 106, 380, 321, 192, 289, 240, 305, 129, 348, 72, 6, 166, 184, 125, 160, 203, 174, 56, 157, 135, 366, 165, 53, 149, 147, 260, 22, 211, 146, 73, 117, 137, 128, 259, 99, 293, 39, 111, 315, 329, 316, 123, 178, 107, 131, 104, 44, 121, 193, 245, 54, 70, 202, 381, 303, 130, 224, 78, 195, 281, 80, 190, 95, 345, 295, 326, 75, 279, 17, 344, 248, 144, 154]","[200, 246, 112, 82, 27, 309, 58, 169, 13, 222, 216, 235, 26, 320, 152, 244, 358, 266, 231, 87, 33, 114, 275, 362, 31, 110, 218, 20, 104, 25, 204, 203, 29, 142, 177, 286, 120, 3, 303, 181, 40, 319, 311, 260, 50, 227, 121, 93, 376, 105, 157, 94, 43, 232, 344, 251, 264, 158, 383, 172, 313, 373, 28, 196, 330, 195, 209, 277, 78, 84, 233, 73, 212, 154, 55, 15, 148, 91, 19, 70, 63, 289, 369, 85, 69, 316, 381, 291, 317, 128, 125, 57, 304, 382, 149, 258, 228, 166, 119, 44, 81, 245, 8, 107, 147, 37, 380, 325, 38, 324, 205, 298, 341, 45, 106, 146, 202, 159, 314, 175, 217, 379, 66, 52, 211, 288, 338, 308, 156, 183, 190, 322, 318, 12, 310, 375, 280, 100, 357, 321, 140, 257, 267, 240, 248, 328, 197, 297, 250, 62, 234, 118, 92, 360, 23, 302, 30, 366, 350, 102, 182, 214, 9, 225, 239, 97, 349, 135, 210, 270, 287, 372, 301, 164, 348, 339, 124, 281, 363, 170, 1, 42, 39, 162, 224, 283, 75, 259, 247, 60, 48, 352]","[3, 9, 12, 15, 19, 27, 28, 29, 37, 38, 39, 40, 44, 50, 57, 63, 69, 70, 73, 75, 78, 81, 84, 85, 102, 104, 105, 106, 107, 114, 121, 125, 128, 135, 142, 146, 147, 149, 152, 154, 156, 157, 158, 166, 169, 172, 175, 190, 195, 196, 197, 202, 203, 204, 205, 211, 214, 218, 224, 227, 231, 232, 233, 240, 245, 248, 250, 251, 257, 259, 260, 275, 277, 280, 281, 283, 286, 287, 289, 297, 298, 303, 309, 316, 321, 322, 324, 325, 328, 330, 339, 341, 344, 348, 352, 362, 366, 369, 380, 381, 383]"
75,"[80, 267, 151, 263, 43, 260, 90, 198, 110, 5, 203, 293, 370, 294, 325, 124, 24, 361, 91, 75, 300, 190, 16, 93, 239, 146, 321, 35, 258, 282, 221, 117, 346, 153, 161, 120, 354, 324, 12, 108, 306, 382, 50, 11, 280, 23, 87, 46, 27, 254, 106, 202, 372, 243, 133, 284, 285, 122, 181, 148, 283, 3, 344, 364, 86, 160, 295, 68, 127, 246, 223, 209, 31, 83, 26, 51, 238, 147, 25, 126, 338, 100, 340, 188, 64, 334, 162, 123, 206, 330, 187, 319, 292, 47, 183, 323, 276, 242, 57, 60, 141, 368, 337, 226, 287, 170, 309, 371, 186, 53, 174, 318, 244, 374, 342, 15, 297, 240, 230, 13, 335, 257, 211, 105, 339, 115, 32, 357, 363, 273, 271, 125, 137, 59, 139, 215, 30, 194, 149, 356, 304, 169, 179, 255, 82, 196, 39, 232, 166, 207, 54, 70, 152, 270, 103, 96, 76, 201, 237, 245, 373, 365, 21, 56, 249, 383, 219, 310, 85, 184, 4, 332, 118, 256, 175, 308, 163, 200, 172, 375, 366, 333, 7, 281, 173, 17, 268, 101, 119, 144, 317, 224]","[305, 191, 179, 12, 268, 306, 137, 131, 34, 42, 273, 16, 200, 93, 287, 91, 9, 72, 215, 160, 76, 110, 190, 292, 88, 64, 272, 126, 283, 58, 337, 136, 363, 157, 113, 143, 216, 163, 141, 55, 242, 60, 180, 353, 68, 79, 95, 298, 83, 345, 66, 119, 355, 249, 199, 234, 78, 40, 360, 331, 11, 198, 86, 172, 362, 260, 370, 317, 329, 333, 207, 105, 15, 37, 336, 224, 53, 4, 164, 276, 193, 219, 204, 255, 247, 307, 142, 100, 349, 71, 324, 168, 96, 196, 32, 277, 274, 90, 81, 67, 221, 346, 314, 22, 120, 121, 374, 65, 279, 270, 383, 344, 114, 92, 237, 289, 335, 265, 328, 323, 45, 271, 356, 299, 350, 281, 342, 27, 127, 309, 175, 125, 358, 151, 18, 167, 340, 94, 197, 235, 371, 203, 238, 241, 108, 41, 312, 56, 297, 144, 366, 253, 343, 87, 217, 1, 318, 149, 364, 288, 38, 377, 303, 254, 256, 227, 351, 257, 152, 269, 220, 10, 240, 7, 293, 188, 124, 101, 380, 49, 130, 304, 145, 111, 54, 233, 109, 228, 43, 295, 8, 291]","[4, 7, 11, 12, 15, 16, 27, 32, 43, 53, 54, 56, 60, 64, 68, 76, 83, 86, 87, 90, 91, 93, 96, 100, 101, 105, 108, 110, 119, 120, 124, 125, 126, 127, 137, 141, 144, 149, 151, 152, 160, 163, 172, 175, 179, 188, 190, 196, 198, 200, 203, 207, 215, 219, 221, 224, 237, 238, 240, 242, 249, 254, 255, 256, 257, 260, 268, 270, 271, 273, 276, 281, 283, 287, 292, 293, 295, 297, 304, 306, 309, 317, 318, 323, 324, 333, 335, 337, 340, 342, 344, 346, 356, 363, 364, 366, 370, 371, 374, 383]"
76,"[303, 53, 38, 27, 240, 77, 44, 84, 20, 59, 281, 256, 376, 350, 35, 202, 214, 146, 374, 78, 262, 126, 298, 297, 71, 271, 93, 211, 90, 342, 132, 325, 367, 380, 278, 23, 296, 151, 277, 305, 234, 345, 311, 337, 364, 362, 216, 172, 196, 272, 366, 329, 164, 97, 46, 304, 227, 74, 352, 135, 176, 9, 302, 215, 354, 15, 61, 179, 208, 198, 316, 104, 321, 109, 41, 140, 66, 147, 168, 287, 115, 178, 165, 276, 236, 233, 43, 347, 279, 175, 69, 42, 139, 326, 284, 257, 365, 73, 28, 382, 106, 110, 118, 375, 251, 378, 37, 177, 145, 157, 361, 189, 360, 275, 117, 114, 113, 220, 268, 370, 356, 204, 246, 50, 81, 308, 226, 159, 317, 323, 186, 322, 190, 379, 62, 131, 239, 248, 121, 173, 154, 129, 273, 153, 222, 155, 49, 283, 89, 8, 116, 124, 210, 249, 101, 86, 162, 119, 247, 184, 255, 346, 17, 111, 327, 33, 48, 144, 309, 16, 91, 328, 199, 357, 150, 301, 102, 142, 206, 373, 21, 319, 65, 267, 31, 243, 120, 100, 331, 230, 99, 6]","[345, 126, 5, 191, 53, 93, 165, 84, 77, 95, 48, 15, 67, 235, 177, 195, 287, 320, 26, 273, 169, 86, 116, 224, 111, 270, 275, 41, 213, 378, 66, 217, 197, 96, 272, 331, 219, 43, 290, 286, 150, 257, 341, 172, 330, 42, 292, 335, 11, 32, 121, 238, 70, 199, 296, 214, 157, 359, 283, 18, 363, 63, 103, 256, 54, 2, 229, 227, 64, 248, 192, 216, 17, 21, 333, 110, 198, 55, 234, 269, 51, 240, 189, 383, 136, 105, 225, 309, 98, 203, 373, 247, 255, 49, 280, 80, 166, 161, 158, 78, 76, 281, 231, 156, 274, 360, 6, 185, 62, 233, 14, 68, 94, 282, 293, 302, 140, 303, 154, 131, 299, 242, 138, 60, 313, 244, 118, 236, 312, 112, 133, 25, 357, 370, 372, 326, 145, 237, 139, 31, 129, 186, 254, 127, 117, 268, 34, 104, 74, 322, 243, 108, 325, 221, 152, 319, 89, 262, 97, 100, 202, 241, 85, 155, 81, 348, 120, 289, 122, 379, 324, 356, 354, 187, 123, 307, 294, 23, 271, 350, 148, 39, 338, 137, 71, 183, 196, 92, 37, 252, 75, 36]","[6, 15, 17, 21, 23, 31, 37, 41, 42, 43, 48, 49, 53, 62, 66, 71, 74, 77, 78, 81, 84, 86, 89, 93, 97, 100, 104, 110, 111, 116, 117, 118, 120, 121, 126, 129, 131, 139, 140, 145, 150, 154, 155, 157, 165, 172, 177, 186, 189, 196, 198, 199, 202, 214, 216, 227, 233, 234, 236, 240, 243, 247, 248, 255, 256, 257, 262, 268, 271, 272, 273, 275, 281, 283, 287, 296, 302, 303, 309, 319, 322, 325, 326, 331, 345, 350, 354, 356, 357, 360, 370, 373, 378, 379]"
77,"[222, 134, 228, 97, 209, 3, 114, 162, 256, 324, 77, 7, 35, 285, 168, 332, 380, 32, 220, 54, 282, 291, 64, 23, 184, 135, 190, 298, 123, 193, 208, 109, 73, 378, 370, 306, 253, 167, 210, 72, 185, 45, 252, 280, 287, 47, 138, 353, 91, 251, 101, 150, 212, 261, 211, 260, 231, 55, 376, 347, 258, 244, 279, 155, 334, 273, 147, 377, 130, 218, 25, 30, 144, 224, 34, 371, 322, 131, 284, 92, 326, 103, 51, 383, 40, 149, 158, 4, 80, 221, 262, 68, 321, 257, 26, 331, 234, 125, 268, 145, 241, 246, 188, 156, 33, 164, 309, 295, 302, 85, 339, 133, 219, 263, 319, 86, 119, 139, 160, 330, 71, 108, 281, 152, 112, 362, 127, 227, 343, 65, 264, 351, 22, 78, 248, 266, 270, 328, 194, 105, 250, 195, 255, 178, 20, 296, 366, 312, 37, 146, 111, 229, 13, 142, 66, 175, 365, 283, 14, 53, 225, 104, 189, 76, 373, 171, 206, 52, 82, 159, 265, 310, 17, 297, 151, 154, 196, 120, 349, 361, 318, 359, 10, 272, 70, 106, 116, 197, 274, 199, 38, 24]","[135, 141, 358, 199, 161, 51, 371, 204, 112, 240, 85, 326, 359, 227, 16, 84, 376, 357, 252, 272, 299, 177, 239, 243, 327, 113, 114, 166, 134, 214, 273, 118, 364, 263, 21, 284, 14, 283, 226, 73, 82, 361, 308, 212, 264, 368, 139, 108, 183, 91, 293, 362, 208, 274, 341, 39, 9, 278, 233, 247, 176, 66, 63, 248, 352, 310, 67, 76, 347, 287, 129, 154, 109, 94, 339, 2, 279, 210, 373, 244, 374, 125, 218, 351, 250, 44, 282, 168, 54, 133, 152, 312, 122, 110, 115, 224, 228, 111, 380, 381, 12, 131, 289, 343, 367, 77, 68, 71, 334, 35, 93, 38, 148, 80, 348, 270, 321, 3, 116, 145, 353, 382, 300, 127, 290, 316, 185, 137, 245, 45, 86, 130, 18, 117, 315, 234, 95, 25, 26, 191, 42, 182, 29, 65, 37, 79, 221, 280, 187, 201, 363, 203, 301, 294, 98, 190, 156, 225, 41, 32, 206, 75, 153, 64, 102, 217, 304, 175, 197, 151, 205, 174, 285, 49, 78, 163, 83, 33, 169, 350, 40, 329, 53, 331, 120, 50, 147, 46, 338, 324, 325, 155]","[3, 14, 25, 26, 32, 33, 35, 37, 38, 40, 45, 51, 53, 54, 64, 65, 66, 68, 71, 73, 76, 77, 78, 80, 82, 85, 86, 91, 108, 109, 111, 112, 114, 116, 120, 125, 127, 130, 131, 133, 134, 135, 139, 145, 147, 151, 152, 154, 155, 156, 168, 175, 185, 190, 197, 199, 206, 208, 210, 212, 218, 221, 224, 225, 227, 228, 234, 244, 248, 250, 252, 263, 264, 270, 272, 273, 274, 279, 280, 282, 283, 284, 285, 287, 310, 312, 321, 324, 326, 331, 334, 339, 343, 347, 351, 353, 359, 361, 362, 371, 373, 376, 380]"
78,"[72, 304, 382, 29, 63, 289, 83, 2, 332, 40, 215, 230, 290, 203, 358, 352, 59, 315, 21, 75, 333, 318, 339, 259, 1, 317, 60, 249, 270, 188, 109, 295, 122, 377, 9, 62, 55, 155, 204, 288, 275, 85, 44, 263, 126, 86, 278, 161, 13, 255, 224, 267, 69, 14, 110, 330, 93, 296, 100, 253, 359, 282, 329, 105, 149, 271, 279, 240, 141, 162, 18, 135, 68, 274, 338, 89, 214, 48, 0, 181, 179, 11, 26, 209, 327, 168, 195, 291, 124, 91, 183, 120, 217, 302, 365, 144, 316, 46, 99, 143, 32, 360, 228, 198, 350, 25, 233, 92, 341, 221, 80, 213, 292, 101, 106, 299, 66, 37, 369, 39, 347, 116, 376, 345, 357, 125, 286, 87, 323, 49, 285, 368, 265, 319, 239, 17, 200, 258, 61, 362, 95, 41, 235, 64, 35, 218, 108, 53, 78, 222, 146, 97, 127, 226, 192, 236, 355, 133, 94, 219, 269, 131, 257, 57, 136, 335, 22, 241, 370, 261, 56, 242, 186, 43, 184, 280, 152, 5, 322, 349, 65, 134, 237, 113, 297, 378, 336, 54, 10, 309, 231, 229]","[62, 314, 264, 263, 253, 313, 120, 2, 383, 334, 285, 346, 261, 37, 142, 66, 257, 245, 173, 89, 336, 183, 169, 179, 24, 311, 255, 104, 340, 82, 106, 241, 356, 270, 326, 376, 143, 155, 202, 232, 237, 230, 367, 297, 217, 86, 244, 205, 329, 135, 199, 110, 107, 122, 304, 303, 7, 216, 88, 126, 342, 124, 109, 42, 59, 219, 238, 307, 44, 9, 325, 14, 298, 130, 345, 40, 78, 123, 77, 1, 93, 21, 286, 129, 65, 57, 168, 43, 108, 148, 95, 127, 189, 287, 55, 161, 365, 182, 223, 185, 70, 125, 212, 249, 366, 52, 279, 331, 209, 48, 94, 5, 19, 290, 165, 79, 118, 132, 119, 139, 338, 333, 254, 215, 291, 213, 198, 272, 141, 242, 274, 3, 380, 229, 138, 222, 239, 204, 306, 192, 51, 164, 177, 271, 76, 137, 17, 160, 373, 181, 243, 28, 67, 372, 335, 84, 68, 259, 167, 0, 324, 101, 227, 252, 337, 4, 344, 358, 71, 116, 233, 309, 339, 150, 225, 231, 134, 31, 188, 246, 301, 351, 281, 224, 248, 347, 201, 117, 149, 273, 289, 113]","[0, 1, 2, 5, 9, 14, 17, 21, 37, 40, 43, 44, 48, 55, 57, 59, 62, 65, 66, 68, 78, 86, 89, 93, 94, 95, 101, 106, 108, 109, 110, 113, 116, 120, 122, 124, 125, 126, 127, 134, 135, 141, 143, 149, 155, 161, 168, 179, 181, 183, 188, 192, 198, 204, 209, 213, 215, 217, 219, 222, 224, 229, 230, 231, 233, 237, 239, 241, 242, 249, 253, 255, 257, 259, 261, 263, 270, 271, 274, 279, 285, 286, 289, 290, 291, 297, 304, 309, 329, 333, 335, 336, 338, 339, 345, 347, 358, 365, 376]"
79,"[102, 344, 144, 342, 189, 302, 54, 111, 152, 15, 357, 87, 203, 286, 354, 217, 131, 63, 173, 274, 11, 325, 130, 322, 318, 139, 90, 236, 307, 2, 316, 207, 379, 229, 213, 142, 347, 252, 17, 298, 355, 238, 0, 231, 97, 7, 26, 350, 304, 137, 27, 254, 287, 275, 309, 174, 331, 324, 349, 163, 255, 248, 149, 57, 260, 353, 246, 250, 183, 334, 123, 311, 166, 381, 122, 204, 210, 249, 143, 337, 145, 200, 10, 233, 181, 128, 70, 41, 380, 48, 51, 164, 157, 336, 69, 271, 212, 21, 321, 366, 118, 220, 256, 106, 299, 136, 28, 323, 281, 257, 13, 116, 277, 264, 93, 216, 273, 47, 79, 282, 82, 339, 190, 36, 263, 89, 72, 85, 46, 223, 245, 186, 300, 198, 362, 176, 138, 372, 25, 105, 301, 247, 62, 214, 192, 278, 305, 188, 187, 242, 227, 261, 175, 341, 1, 378, 68, 239, 132, 110, 320, 30, 370, 369, 83, 134, 225, 65, 31, 53, 92, 167, 80, 55, 209, 75, 351, 295, 202, 313, 141, 66, 6, 343, 101, 60, 208, 44, 237, 373, 133, 127]","[242, 169, 262, 204, 316, 147, 318, 2, 87, 153, 324, 138, 188, 230, 253, 86, 240, 200, 303, 301, 212, 255, 377, 54, 313, 209, 307, 33, 315, 298, 274, 171, 49, 203, 19, 225, 366, 152, 36, 342, 121, 270, 155, 130, 126, 221, 291, 72, 196, 186, 154, 380, 142, 174, 258, 13, 5, 115, 58, 120, 368, 337, 60, 158, 133, 254, 263, 370, 89, 289, 134, 350, 372, 61, 95, 56, 83, 218, 139, 161, 343, 286, 325, 363, 273, 246, 81, 37, 228, 328, 102, 320, 35, 144, 219, 63, 309, 160, 321, 76, 88, 148, 345, 305, 259, 164, 27, 341, 187, 251, 112, 333, 261, 131, 40, 85, 241, 124, 296, 353, 223, 244, 327, 224, 195, 248, 330, 277, 165, 101, 18, 96, 75, 71, 346, 143, 233, 34, 74, 359, 250, 98, 299, 113, 167, 339, 207, 293, 82, 44, 66, 310, 151, 383, 182, 65, 288, 227, 276, 365, 178, 48, 99, 146, 269, 329, 205, 3, 334, 50, 332, 7, 220, 267, 238, 90, 119, 170, 11, 266, 302, 47, 29, 180, 210, 43, 292, 206, 234, 355, 257, 24]","[2, 7, 11, 13, 27, 36, 44, 47, 48, 54, 60, 63, 65, 66, 72, 75, 82, 83, 85, 87, 89, 90, 101, 102, 130, 131, 133, 134, 138, 139, 142, 143, 144, 152, 164, 167, 174, 186, 187, 188, 200, 203, 204, 207, 209, 210, 212, 220, 223, 225, 227, 233, 238, 242, 246, 248, 250, 254, 255, 257, 261, 263, 273, 274, 277, 286, 298, 299, 301, 302, 305, 307, 309, 313, 316, 318, 320, 321, 324, 325, 334, 337, 339, 341, 342, 343, 350, 353, 355, 366, 370, 372, 380]"
80,"[258, 60, 273, 193, 237, 367, 383, 45, 363, 207, 38, 196, 170, 92, 128, 261, 289, 336, 10, 174, 233, 254, 48, 124, 5, 67, 68, 55, 370, 138, 104, 309, 133, 166, 354, 300, 215, 318, 369, 340, 101, 310, 262, 113, 146, 294, 43, 108, 201, 175, 250, 72, 94, 208, 304, 225, 228, 194, 116, 64, 173, 279, 46, 22, 236, 331, 305, 28, 325, 130, 259, 252, 62, 293, 88, 247, 297, 358, 185, 144, 136, 51, 115, 143, 260, 53, 30, 329, 74, 311, 117, 355, 44, 359, 171, 147, 277, 231, 350, 218, 119, 69, 313, 4, 179, 84, 330, 189, 356, 103, 319, 212, 89, 245, 150, 200, 251, 18, 382, 93, 161, 127, 298, 341, 224, 120, 83, 78, 139, 380, 75, 100, 112, 203, 191, 303, 312, 296, 269, 169, 315, 172, 160, 290, 29, 3, 19, 132, 360, 37, 234, 240, 77, 249, 195, 353, 256, 70, 186, 268, 352, 177, 163, 327, 267, 90, 80, 314, 326, 337, 232, 214, 344, 152, 31, 292, 287, 307, 47, 97, 333, 122, 274, 322, 176, 275, 17, 41, 364, 282, 137, 110]","[125, 9, 17, 103, 348, 140, 224, 98, 263, 211, 357, 292, 73, 155, 230, 62, 107, 299, 285, 219, 204, 350, 133, 27, 199, 255, 8, 378, 303, 101, 195, 311, 326, 176, 272, 309, 238, 286, 121, 104, 36, 295, 275, 130, 315, 239, 353, 117, 187, 335, 267, 327, 202, 167, 156, 21, 293, 115, 307, 48, 220, 97, 273, 291, 343, 197, 71, 330, 13, 287, 68, 28, 52, 10, 31, 179, 227, 281, 212, 24, 75, 45, 94, 30, 19, 306, 332, 221, 83, 375, 236, 7, 351, 11, 383, 42, 298, 113, 15, 308, 213, 166, 81, 175, 157, 312, 237, 177, 32, 109, 161, 136, 180, 50, 25, 254, 3, 114, 186, 354, 100, 190, 110, 159, 108, 376, 43, 38, 341, 86, 362, 323, 365, 89, 60, 105, 116, 355, 349, 214, 85, 226, 146, 26, 162, 340, 119, 206, 95, 170, 260, 87, 55, 363, 91, 379, 370, 63, 54, 262, 228, 288, 173, 171, 283, 193, 2, 39, 163, 77, 122, 188, 20, 322, 331, 374, 208, 41, 150, 174, 274, 282, 56, 128, 352, 264, 168, 318, 148, 250, 88, 324]","[3, 10, 17, 19, 28, 30, 31, 38, 41, 43, 45, 48, 55, 60, 62, 68, 75, 77, 83, 88, 89, 94, 97, 100, 101, 103, 104, 108, 110, 113, 115, 116, 117, 119, 122, 128, 130, 133, 136, 146, 150, 161, 163, 166, 170, 171, 173, 174, 175, 176, 177, 179, 186, 193, 195, 208, 212, 214, 224, 228, 236, 237, 250, 254, 260, 262, 267, 273, 274, 275, 282, 287, 292, 293, 298, 303, 307, 309, 311, 312, 315, 318, 322, 326, 327, 330, 331, 340, 341, 350, 352, 353, 354, 355, 363, 370, 383]"
81,"[232, 263, 39, 150, 90, 66, 16, 368, 85, 309, 106, 208, 79, 350, 163, 162, 207, 138, 363, 49, 345, 273, 50, 238, 186, 144, 97, 360, 29, 13, 201, 135, 60, 111, 161, 114, 191, 160, 86, 6, 152, 248, 369, 267, 146, 40, 312, 282, 2, 215, 249, 126, 14, 192, 284, 256, 365, 70, 292, 319, 104, 171, 239, 176, 100, 321, 206, 133, 148, 346, 118, 105, 28, 188, 322, 155, 11, 261, 348, 202, 333, 51, 10, 61, 270, 264, 199, 302, 140, 242, 153, 272, 224, 308, 177, 94, 8, 35, 166, 212, 43, 307, 93, 259, 82, 258, 197, 361, 216, 313, 156, 241, 301, 57, 83, 15, 382, 298, 112, 7, 255, 374, 121, 295, 154, 129, 236, 332, 299, 123, 158, 62, 198, 101, 326, 210, 280, 164, 145, 125, 219, 107, 323, 336, 190, 318, 159, 189, 45, 352, 229, 223, 73, 364, 306, 115, 341, 12, 52, 119, 383, 37, 95, 157, 196, 375, 358, 381, 271, 81, 141, 222, 315, 27, 181, 335, 342, 22, 130, 108, 225, 137, 143, 117, 355, 320, 116, 187, 120, 127, 204, 257]","[327, 9, 91, 280, 99, 333, 369, 278, 196, 89, 261, 267, 225, 95, 293, 377, 6, 137, 102, 187, 201, 87, 339, 114, 59, 382, 182, 269, 144, 357, 40, 252, 347, 312, 199, 264, 370, 79, 100, 3, 305, 38, 364, 274, 44, 298, 203, 32, 191, 301, 291, 146, 210, 51, 288, 319, 334, 317, 241, 54, 254, 324, 179, 310, 372, 77, 17, 260, 335, 26, 197, 107, 243, 34, 238, 215, 208, 175, 21, 119, 167, 329, 106, 275, 50, 176, 289, 132, 75, 326, 376, 318, 161, 250, 173, 110, 343, 84, 155, 237, 218, 36, 380, 152, 190, 164, 5, 221, 276, 285, 178, 43, 168, 284, 98, 236, 265, 184, 143, 10, 383, 29, 120, 12, 8, 230, 165, 80, 47, 153, 160, 228, 139, 214, 27, 308, 124, 156, 219, 16, 303, 216, 198, 332, 259, 351, 23, 231, 358, 142, 97, 253, 41, 244, 325, 363, 72, 104, 306, 287, 33, 379, 69, 52, 246, 185, 344, 373, 149, 170, 281, 22, 213, 309, 103, 171, 320, 342, 49, 273, 296, 209, 181, 169, 290, 367, 67, 28, 328, 180, 366, 13]","[6, 8, 10, 12, 13, 16, 22, 27, 28, 29, 40, 43, 49, 50, 51, 52, 79, 95, 97, 100, 104, 106, 107, 114, 119, 120, 137, 143, 144, 146, 152, 153, 155, 156, 160, 161, 164, 171, 176, 181, 187, 190, 191, 196, 197, 198, 199, 201, 208, 210, 215, 216, 219, 225, 236, 238, 241, 259, 261, 264, 267, 273, 280, 284, 298, 301, 306, 308, 309, 312, 318, 319, 320, 326, 332, 333, 335, 342, 358, 363, 364, 369, 382, 383]"
82,"[189, 306, 331, 7, 328, 224, 74, 323, 14, 221, 280, 186, 302, 291, 144, 101, 191, 301, 2, 238, 317, 240, 75, 38, 372, 371, 77, 290, 157, 307, 367, 207, 241, 61, 299, 22, 194, 309, 347, 383, 232, 233, 182, 181, 197, 21, 360, 334, 84, 283, 25, 300, 27, 285, 340, 169, 295, 200, 378, 127, 199, 142, 116, 355, 332, 137, 188, 49, 242, 70, 327, 312, 361, 380, 90, 173, 175, 17, 5, 342, 206, 126, 382, 26, 35, 124, 339, 248, 354, 282, 23, 325, 111, 69, 88, 132, 231, 1, 130, 24, 214, 118, 183, 195, 57, 168, 344, 155, 218, 220, 226, 177, 163, 258, 117, 76, 256, 140, 193, 33, 236, 203, 251, 225, 243, 310, 247, 228, 293, 269, 141, 128, 167, 330, 97, 178, 79, 139, 100, 115, 72, 281, 4, 129, 11, 28, 31, 249, 227, 152, 368, 266, 296, 254, 253, 50, 297, 125, 319, 260, 230, 134, 131, 83, 187, 284, 217, 135, 156, 16, 208, 229, 109, 343, 196, 349, 286, 71, 45, 381, 159, 213, 63, 105, 82, 150, 68, 366, 304, 93, 154, 120]","[297, 225, 161, 182, 105, 336, 318, 62, 324, 34, 12, 168, 100, 53, 110, 143, 235, 262, 0, 66, 291, 273, 141, 303, 49, 159, 355, 267, 322, 327, 135, 376, 298, 345, 240, 296, 209, 208, 165, 201, 373, 224, 350, 238, 277, 76, 37, 368, 372, 146, 254, 325, 138, 177, 251, 332, 147, 144, 266, 294, 108, 140, 73, 268, 245, 205, 98, 137, 28, 101, 283, 91, 288, 365, 220, 149, 152, 45, 13, 315, 243, 35, 230, 231, 55, 10, 184, 265, 33, 40, 124, 305, 341, 356, 25, 359, 316, 158, 347, 193, 216, 41, 29, 174, 109, 304, 261, 366, 115, 192, 194, 274, 222, 377, 6, 178, 335, 38, 128, 22, 206, 198, 344, 286, 30, 330, 234, 248, 259, 357, 95, 123, 210, 99, 56, 8, 307, 154, 180, 197, 21, 214, 204, 229, 353, 349, 130, 19, 375, 278, 253, 246, 111, 31, 36, 77, 382, 64, 78, 233, 342, 113, 79, 163, 51, 67, 301, 162, 256, 169, 226, 370, 232, 153, 364, 352, 309, 172, 337, 311, 120, 374, 104, 160, 164, 4, 122, 136, 20, 9, 260, 339]","[4, 21, 22, 25, 28, 31, 33, 35, 38, 45, 49, 76, 77, 79, 100, 101, 105, 109, 111, 115, 120, 124, 128, 130, 135, 137, 140, 141, 144, 152, 154, 159, 163, 168, 169, 177, 178, 182, 193, 194, 197, 206, 208, 214, 220, 224, 225, 226, 229, 230, 231, 232, 233, 238, 240, 243, 248, 251, 253, 254, 256, 260, 266, 283, 286, 291, 296, 297, 301, 304, 307, 309, 325, 327, 330, 332, 339, 342, 344, 347, 349, 355, 366, 368, 372, 382]"
83,"[106, 117, 226, 197, 319, 204, 323, 311, 378, 303, 26, 203, 304, 90, 102, 247, 190, 352, 198, 111, 241, 344, 219, 282, 72, 104, 309, 275, 270, 255, 78, 9, 89, 10, 286, 181, 265, 340, 125, 76, 122, 73, 271, 159, 259, 329, 299, 273, 19, 93, 155, 35, 119, 161, 142, 249, 321, 225, 281, 174, 287, 263, 313, 305, 152, 113, 25, 118, 50, 154, 239, 367, 87, 285, 64, 51, 28, 322, 206, 17, 251, 356, 280, 223, 20, 364, 252, 139, 32, 44, 377, 307, 182, 147, 160, 250, 129, 194, 91, 366, 333, 350, 79, 100, 135, 39, 61, 15, 1, 306, 150, 346, 2, 169, 374, 294, 45, 162, 272, 177, 293, 256, 11, 217, 141, 382, 82, 361, 213, 48, 148, 31, 13, 143, 324, 291, 123, 351, 276, 200, 158, 65, 365, 173, 318, 288, 71, 180, 308, 372, 191, 301, 208, 66, 80, 348, 199, 115, 205, 360, 178, 41, 14, 234, 132, 58, 264, 55, 27, 238, 196, 18, 338, 67, 151, 266, 149, 110, 0, 40, 224, 193, 75, 52, 320, 327, 77, 289, 295, 57, 376, 240]","[71, 171, 94, 96, 329, 213, 59, 181, 305, 155, 158, 16, 74, 299, 108, 378, 146, 61, 111, 106, 2, 31, 156, 114, 34, 65, 230, 131, 126, 283, 82, 53, 367, 294, 145, 255, 169, 333, 231, 260, 25, 86, 321, 369, 245, 18, 290, 90, 331, 20, 292, 330, 287, 240, 48, 239, 154, 307, 304, 306, 243, 33, 72, 286, 352, 334, 44, 14, 313, 75, 368, 93, 335, 143, 353, 341, 344, 39, 311, 68, 207, 144, 320, 189, 359, 138, 345, 342, 264, 24, 266, 314, 17, 73, 100, 149, 196, 190, 250, 83, 354, 297, 382, 232, 280, 263, 208, 127, 337, 218, 209, 121, 179, 13, 42, 383, 364, 233, 343, 136, 89, 210, 77, 67, 84, 309, 5, 336, 49, 32, 379, 251, 357, 350, 186, 23, 66, 103, 319, 323, 265, 220, 27, 139, 160, 148, 197, 376, 203, 26, 284, 281, 318, 234, 221, 109, 147, 285, 222, 346, 371, 202, 377, 8, 340, 164, 85, 168, 303, 315, 43, 57, 29, 298, 259, 205, 295, 211, 270, 316, 51, 112, 317, 19, 351, 215, 374, 302, 326, 288, 124, 253]","[2, 13, 14, 17, 18, 19, 20, 25, 26, 27, 31, 32, 39, 44, 48, 51, 57, 61, 65, 66, 67, 71, 72, 73, 75, 77, 82, 89, 90, 93, 100, 106, 111, 139, 143, 147, 148, 149, 154, 155, 158, 160, 169, 181, 190, 196, 197, 203, 205, 208, 213, 234, 239, 240, 250, 251, 255, 259, 263, 264, 265, 266, 270, 280, 281, 285, 286, 287, 288, 294, 295, 299, 303, 304, 305, 306, 307, 309, 311, 313, 318, 319, 320, 321, 323, 329, 333, 340, 344, 346, 350, 351, 352, 364, 367, 374, 376, 377, 378, 382]"
84,"[292, 274, 120, 41, 369, 84, 175, 307, 279, 62, 77, 336, 191, 137, 9, 234, 127, 285, 154, 317, 34, 30, 199, 277, 54, 119, 50, 145, 82, 13, 232, 195, 370, 172, 263, 116, 228, 63, 15, 301, 275, 312, 197, 153, 367, 38, 310, 204, 169, 261, 366, 86, 117, 29, 152, 364, 147, 105, 94, 7, 79, 313, 328, 75, 233, 297, 20, 276, 201, 319, 379, 189, 214, 382, 110, 22, 209, 264, 281, 341, 258, 372, 242, 238, 193, 268, 49, 3, 245, 129, 170, 68, 350, 368, 73, 323, 381, 270, 157, 11, 112, 24, 315, 246, 42, 375, 247, 244, 28, 216, 229, 351, 288, 148, 151, 177, 302, 58, 159, 138, 142, 202, 87, 327, 88, 124, 378, 171, 140, 215, 27, 161, 239, 125, 231, 185, 306, 287, 99, 59, 109, 259, 334, 111, 320, 19, 74, 332, 212, 347, 56, 196, 192, 25, 150, 136, 194, 362, 360, 103, 139, 31, 267, 179, 203, 257, 133, 186, 205, 6, 377, 198, 23, 65, 141, 337, 132, 71, 61, 190, 236, 144, 8, 322, 344, 106, 95, 241, 40, 309, 162, 286]","[143, 361, 153, 34, 194, 336, 12, 122, 243, 75, 356, 139, 166, 145, 220, 183, 179, 233, 305, 206, 221, 160, 300, 96, 137, 168, 262, 254, 78, 294, 343, 303, 33, 296, 308, 203, 246, 108, 16, 24, 106, 335, 327, 337, 285, 71, 115, 186, 159, 362, 268, 161, 195, 174, 212, 348, 196, 62, 76, 60, 238, 190, 149, 167, 370, 158, 217, 30, 154, 57, 293, 369, 80, 64, 89, 111, 322, 290, 5, 151, 173, 242, 354, 69, 368, 267, 185, 291, 21, 114, 226, 316, 344, 152, 146, 144, 7, 334, 202, 383, 103, 382, 61, 128, 229, 118, 109, 330, 187, 314, 129, 50, 289, 52, 180, 133, 312, 204, 274, 157, 252, 288, 251, 265, 44, 198, 176, 23, 162, 126, 271, 270, 93, 231, 31, 102, 275, 257, 120, 342, 345, 250, 58, 66, 181, 178, 49, 366, 286, 230, 4, 32, 272, 116, 39, 253, 91, 199, 380, 100, 68, 353, 346, 40, 247, 211, 73, 17, 363, 3, 97, 311, 281, 259, 339, 99, 94, 22, 169, 54, 377, 112, 6, 14, 87, 130, 309, 234, 266, 282, 124, 104]","[3, 6, 7, 22, 23, 24, 30, 31, 34, 40, 49, 50, 54, 58, 61, 62, 68, 71, 73, 75, 87, 94, 99, 103, 106, 109, 111, 112, 116, 120, 124, 129, 133, 137, 139, 144, 145, 151, 152, 153, 154, 157, 159, 161, 162, 169, 179, 185, 186, 190, 194, 195, 196, 198, 199, 202, 203, 204, 212, 229, 231, 233, 234, 238, 242, 246, 247, 257, 259, 267, 268, 270, 274, 275, 281, 285, 286, 288, 309, 312, 322, 327, 334, 336, 337, 344, 362, 366, 368, 369, 370, 377, 382]"
85,"[235, 322, 267, 19, 36, 17, 281, 359, 244, 217, 333, 335, 245, 212, 47, 24, 153, 71, 276, 242, 380, 50, 222, 39, 174, 30, 83, 345, 238, 324, 58, 156, 32, 149, 291, 57, 348, 372, 55, 198, 285, 144, 100, 185, 366, 96, 132, 188, 177, 352, 368, 270, 15, 106, 66, 256, 162, 361, 49, 115, 108, 139, 195, 13, 41, 259, 22, 178, 342, 99, 278, 7, 365, 326, 192, 378, 147, 354, 338, 70, 165, 154, 373, 360, 334, 226, 327, 65, 48, 121, 3, 249, 148, 236, 211, 79, 134, 180, 308, 297, 251, 85, 313, 300, 231, 351, 218, 172, 381, 78, 305, 4, 194, 67, 119, 1, 207, 142, 12, 175, 260, 196, 225, 40, 272, 150, 137, 301, 16, 371, 247, 10, 369, 310, 166, 294, 145, 323, 8, 27, 293, 375, 264, 146, 34, 269, 374, 11, 213, 277, 254, 46, 250, 59, 312, 45, 340, 86, 240, 63, 234, 219, 292, 25, 223, 184, 287, 26, 208, 347, 315, 275, 325, 158, 339, 355, 370, 283, 128, 288, 133, 104, 349, 227, 92, 33, 202, 125, 130, 304, 117, 280]","[370, 259, 280, 240, 162, 313, 214, 247, 150, 188, 48, 11, 290, 331, 134, 381, 377, 16, 304, 193, 67, 219, 330, 230, 218, 149, 72, 201, 192, 73, 97, 30, 336, 35, 317, 28, 17, 81, 66, 178, 343, 60, 339, 371, 342, 121, 1, 238, 206, 217, 253, 6, 346, 144, 324, 47, 154, 262, 373, 221, 40, 213, 156, 92, 196, 163, 140, 37, 177, 379, 3, 357, 334, 147, 91, 61, 42, 225, 175, 263, 234, 108, 41, 4, 242, 167, 117, 203, 106, 68, 276, 295, 268, 374, 199, 136, 74, 2, 376, 112, 310, 164, 120, 56, 190, 344, 69, 23, 323, 98, 0, 372, 197, 102, 25, 87, 174, 18, 233, 176, 78, 119, 62, 114, 252, 89, 285, 355, 53, 189, 191, 143, 45, 186, 55, 160, 111, 29, 157, 321, 185, 236, 380, 63, 246, 352, 198, 13, 85, 24, 113, 308, 365, 95, 34, 123, 21, 349, 311, 350, 151, 356, 205, 260, 32, 26, 348, 179, 58, 235, 71, 65, 364, 303, 255, 326, 228, 299, 267, 284, 9, 101, 307, 368, 341, 99, 309, 354, 249, 22, 161, 118]","[1, 3, 4, 11, 13, 16, 17, 22, 24, 25, 26, 30, 32, 34, 40, 41, 45, 47, 48, 55, 58, 63, 65, 66, 67, 71, 78, 85, 92, 99, 106, 108, 117, 119, 121, 134, 144, 147, 149, 150, 154, 156, 162, 174, 175, 177, 178, 185, 188, 192, 196, 198, 213, 217, 218, 219, 225, 234, 235, 236, 238, 240, 242, 247, 249, 259, 260, 267, 276, 280, 285, 304, 308, 310, 313, 323, 324, 326, 334, 339, 342, 348, 349, 352, 354, 355, 365, 368, 370, 371, 372, 373, 374, 380, 381]"
86,"[72, 91, 73, 218, 272, 356, 144, 333, 331, 177, 213, 110, 166, 38, 317, 217, 216, 350, 101, 193, 339, 172, 197, 134, 284, 195, 171, 372, 90, 271, 75, 206, 315, 344, 364, 46, 251, 264, 138, 310, 268, 342, 0, 294, 142, 295, 82, 6, 124, 309, 291, 254, 228, 366, 267, 114, 180, 359, 43, 92, 188, 368, 274, 373, 202, 292, 9, 262, 181, 189, 219, 343, 26, 273, 214, 49, 10, 61, 81, 263, 109, 68, 84, 298, 23, 258, 20, 120, 307, 334, 97, 128, 288, 183, 185, 65, 246, 94, 167, 174, 170, 323, 30, 348, 123, 127, 168, 150, 107, 280, 221, 281, 12, 377, 227, 320, 367, 279, 55, 99, 156, 212, 141, 239, 324, 17, 113, 69, 108, 158, 44, 118, 353, 85, 16, 200, 321, 233, 205, 152, 83, 112, 347, 2, 160, 126, 243, 363, 223, 58, 29, 39, 103, 70, 164, 163, 316, 297, 192, 278, 190, 318, 210, 63, 7, 290, 87, 224, 98, 357, 47, 121, 182, 346, 341, 50, 146, 215, 253, 277, 60, 362, 31, 301, 354, 136, 327, 15, 48, 105, 381, 111]","[183, 59, 317, 68, 144, 246, 282, 364, 45, 124, 151, 253, 171, 85, 383, 16, 316, 202, 268, 371, 46, 14, 22, 310, 229, 311, 40, 285, 95, 189, 323, 271, 72, 148, 270, 284, 321, 121, 110, 69, 213, 375, 252, 274, 25, 196, 93, 55, 233, 329, 366, 83, 102, 57, 133, 342, 242, 361, 231, 258, 205, 223, 302, 56, 119, 135, 174, 147, 201, 86, 168, 165, 277, 221, 293, 115, 287, 353, 203, 5, 64, 199, 140, 170, 143, 350, 104, 207, 127, 355, 178, 108, 255, 312, 109, 345, 214, 338, 23, 235, 288, 157, 330, 117, 306, 356, 42, 224, 309, 194, 29, 70, 328, 324, 1, 290, 66, 48, 89, 63, 382, 237, 210, 0, 156, 52, 58, 37, 191, 186, 319, 154, 30, 122, 368, 198, 38, 318, 372, 262, 125, 39, 216, 88, 212, 166, 159, 278, 98, 28, 12, 326, 315, 182, 305, 81, 273, 47, 245, 195, 377, 31, 327, 362, 71, 219, 220, 335, 226, 169, 175, 358, 35, 294, 152, 257, 360, 322, 351, 73, 76, 136, 103, 150, 275, 378, 244, 181, 228, 339, 369, 126]","[0, 12, 16, 23, 29, 30, 31, 38, 39, 46, 47, 48, 55, 58, 63, 68, 69, 70, 72, 73, 81, 83, 85, 98, 103, 108, 109, 110, 121, 124, 126, 127, 136, 144, 150, 152, 156, 166, 168, 170, 171, 174, 181, 182, 183, 189, 195, 202, 205, 210, 212, 213, 214, 216, 219, 221, 223, 224, 228, 233, 246, 253, 258, 262, 268, 271, 273, 274, 277, 278, 284, 288, 290, 294, 309, 310, 315, 316, 317, 318, 321, 323, 324, 327, 339, 342, 350, 353, 356, 362, 364, 366, 368, 372, 377]"
87,"[367, 305, 110, 98, 356, 366, 360, 320, 40, 328, 200, 128, 229, 376, 116, 247, 174, 309, 120, 297, 12, 357, 277, 324, 291, 276, 236, 329, 335, 112, 275, 383, 166, 349, 149, 322, 105, 36, 53, 368, 237, 278, 308, 310, 207, 21, 228, 147, 223, 111, 344, 332, 83, 334, 17, 282, 317, 306, 141, 71, 212, 265, 285, 109, 380, 31, 261, 185, 87, 96, 155, 373, 340, 37, 24, 62, 72, 152, 234, 312, 93, 177, 372, 95, 197, 286, 189, 89, 27, 279, 283, 5, 339, 84, 158, 361, 90, 264, 74, 2, 61, 269, 107, 45, 133, 364, 327, 126, 82, 121, 198, 204, 99, 4, 20, 70, 124, 206, 78, 240, 69, 29, 253, 123, 38, 151, 205, 193, 338, 144, 135, 119, 9, 23, 296, 138, 178, 60, 140, 161, 375, 127, 225, 94, 221, 33, 350, 165, 188, 148, 8, 358, 239, 190, 159, 28, 125, 378, 257, 100, 171, 262, 11, 54, 303, 167, 88, 134, 101, 180, 216, 224, 284, 1, 304, 348, 232, 79, 267, 26, 219, 300, 354, 143, 102, 210, 117, 0, 16, 42, 374, 211]","[199, 131, 280, 277, 125, 16, 129, 379, 189, 220, 272, 25, 137, 193, 264, 103, 116, 161, 359, 0, 375, 122, 368, 205, 325, 6, 210, 345, 120, 196, 255, 322, 182, 281, 185, 234, 100, 87, 294, 9, 263, 63, 309, 374, 256, 326, 149, 286, 2, 282, 181, 21, 247, 332, 305, 311, 156, 12, 190, 303, 39, 54, 132, 362, 50, 317, 289, 118, 254, 26, 314, 337, 365, 275, 222, 174, 360, 94, 68, 267, 252, 341, 179, 352, 371, 105, 288, 278, 52, 76, 184, 382, 287, 59, 154, 262, 357, 324, 339, 163, 90, 78, 318, 223, 369, 186, 188, 307, 310, 71, 81, 89, 32, 150, 336, 215, 69, 168, 139, 65, 197, 330, 4, 232, 245, 191, 138, 211, 315, 290, 42, 187, 53, 344, 273, 83, 124, 117, 145, 170, 178, 169, 298, 155, 128, 45, 75, 115, 36, 151, 60, 101, 72, 162, 157, 30, 144, 153, 43, 96, 202, 279, 159, 226, 377, 148, 1, 74, 249, 93, 251, 221, 319, 214, 40, 91, 176, 38, 66, 147, 64, 348, 293, 217, 291, 62, 57, 328, 34, 213, 134, 108]","[0, 1, 2, 4, 9, 12, 16, 21, 26, 36, 38, 40, 42, 45, 53, 54, 60, 62, 69, 71, 72, 74, 78, 83, 87, 89, 90, 93, 94, 96, 100, 101, 105, 116, 117, 120, 124, 125, 128, 134, 138, 144, 147, 148, 149, 151, 155, 159, 161, 174, 178, 185, 188, 189, 190, 193, 197, 205, 210, 211, 221, 223, 232, 234, 247, 262, 264, 267, 275, 277, 278, 279, 282, 286, 291, 303, 305, 309, 310, 317, 322, 324, 328, 332, 339, 344, 348, 357, 360, 368, 374, 375]"
88,"[359, 2, 234, 77, 0, 150, 224, 55, 183, 282, 225, 194, 319, 265, 113, 5, 32, 98, 138, 52, 357, 91, 106, 61, 129, 146, 89, 119, 343, 278, 371, 114, 362, 227, 296, 323, 311, 229, 178, 365, 259, 283, 218, 344, 118, 219, 379, 117, 237, 82, 325, 8, 247, 184, 337, 65, 318, 9, 256, 236, 355, 47, 157, 123, 361, 153, 363, 346, 88, 235, 24, 58, 12, 72, 136, 375, 147, 233, 201, 103, 144, 320, 274, 251, 364, 148, 19, 268, 109, 317, 360, 84, 223, 348, 25, 167, 142, 306, 305, 304, 49, 264, 231, 328, 30, 290, 257, 216, 383, 353, 279, 295, 151, 339, 182, 300, 212, 23, 62, 289, 63, 54, 6, 358, 134, 186, 215, 245, 288, 252, 196, 177, 345, 335, 111, 254, 249, 298, 287, 188, 180, 301, 378, 330, 374, 197, 107, 80, 51, 206, 313, 86, 191, 46, 366, 16, 260, 275, 27, 239, 112, 187, 135, 240, 189, 18, 100, 13, 96, 376, 79, 97, 267, 326, 262, 43, 38, 37, 340, 261, 56, 209, 155, 149, 40, 203, 232, 7, 15, 163, 127, 380]","[153, 299, 136, 132, 376, 81, 308, 146, 169, 383, 369, 185, 177, 313, 199, 141, 330, 112, 328, 137, 94, 12, 34, 6, 338, 70, 99, 249, 195, 127, 156, 312, 53, 111, 357, 306, 262, 64, 348, 215, 102, 69, 122, 208, 46, 198, 18, 178, 358, 66, 39, 285, 60, 317, 193, 138, 200, 355, 236, 65, 48, 364, 353, 120, 219, 158, 45, 89, 23, 181, 275, 326, 16, 180, 205, 218, 143, 257, 349, 125, 282, 212, 288, 234, 342, 241, 96, 322, 82, 184, 365, 147, 182, 273, 281, 286, 33, 216, 270, 104, 279, 131, 105, 292, 228, 242, 235, 108, 302, 197, 370, 316, 128, 133, 301, 269, 51, 139, 354, 227, 327, 230, 238, 110, 40, 203, 56, 240, 140, 284, 85, 220, 375, 190, 192, 92, 293, 260, 295, 61, 188, 222, 119, 334, 250, 331, 10, 339, 248, 9, 37, 71, 150, 360, 267, 231, 174, 359, 321, 304, 362, 161, 258, 300, 148, 11, 97, 261, 346, 4, 159, 343, 87, 268, 8, 19, 237, 310, 311, 77, 106, 361, 72, 356, 162, 124, 187, 232, 305, 243, 90, 209]","[6, 8, 9, 12, 16, 18, 19, 23, 37, 40, 46, 51, 56, 61, 65, 72, 77, 82, 89, 96, 97, 106, 111, 112, 119, 127, 136, 138, 146, 147, 148, 150, 153, 177, 178, 180, 182, 184, 187, 188, 197, 203, 209, 212, 215, 216, 218, 219, 227, 231, 232, 234, 235, 236, 237, 240, 249, 257, 260, 261, 262, 267, 268, 275, 279, 282, 288, 295, 300, 301, 304, 305, 306, 311, 313, 317, 326, 328, 330, 339, 343, 346, 348, 353, 355, 357, 358, 359, 360, 361, 362, 364, 365, 375, 376, 383]"
89,"[89, 298, 226, 126, 281, 115, 165, 379, 316, 376, 211, 159, 220, 272, 327, 91, 266, 229, 364, 45, 82, 195, 198, 119, 162, 294, 108, 252, 56, 282, 52, 260, 93, 90, 3, 34, 332, 38, 221, 168, 44, 264, 203, 291, 366, 130, 61, 233, 66, 312, 118, 232, 144, 40, 175, 305, 356, 41, 216, 209, 88, 15, 179, 217, 243, 28, 310, 247, 70, 351, 205, 280, 315, 27, 276, 273, 112, 57, 14, 278, 210, 325, 306, 99, 172, 380, 249, 383, 166, 361, 360, 349, 152, 339, 31, 140, 128, 153, 231, 375, 33, 122, 283, 7, 307, 48, 299, 241, 244, 184, 32, 263, 163, 157, 24, 186, 19, 135, 289, 269, 169, 59, 345, 1, 68, 101, 218, 71, 62, 238, 362, 317, 328, 255, 67, 187, 190, 225, 192, 137, 6, 170, 240, 235, 372, 200, 132, 303, 374, 286, 343, 320, 164, 143, 253, 189, 290, 324, 342, 213, 121, 13, 191, 313, 50, 35, 134, 206, 334, 337, 174, 237, 363, 156, 204, 348, 236, 97, 12, 318, 180, 83, 133, 300, 346, 182, 2, 274, 69, 230, 322, 183]","[20, 210, 165, 90, 98, 271, 293, 123, 265, 7, 224, 321, 52, 27, 350, 360, 44, 352, 372, 233, 63, 143, 60, 18, 170, 338, 61, 185, 70, 145, 235, 133, 373, 173, 0, 94, 334, 125, 339, 6, 86, 73, 331, 244, 49, 41, 273, 149, 344, 270, 336, 21, 264, 383, 205, 118, 51, 207, 153, 81, 50, 189, 11, 263, 111, 285, 74, 43, 299, 376, 311, 358, 192, 370, 238, 121, 156, 102, 177, 365, 267, 250, 141, 171, 324, 368, 106, 89, 159, 246, 117, 194, 348, 354, 108, 364, 176, 23, 362, 40, 274, 363, 34, 287, 206, 128, 208, 148, 242, 96, 38, 204, 325, 239, 369, 59, 103, 298, 136, 110, 305, 138, 276, 72, 8, 56, 151, 195, 335, 32, 213, 301, 65, 229, 25, 75, 349, 87, 266, 346, 16, 66, 105, 131, 188, 112, 279, 126, 319, 310, 146, 333, 169, 114, 262, 14, 288, 328, 316, 104, 122, 337, 366, 92, 228, 342, 144, 309, 357, 329, 196, 230, 109, 193, 225, 47, 272, 343, 211, 268, 236, 374, 83, 297, 164, 29, 257, 76, 286, 85, 62, 375]","[6, 7, 14, 27, 32, 34, 38, 40, 41, 44, 50, 52, 56, 59, 61, 62, 66, 70, 83, 89, 90, 108, 112, 118, 121, 122, 126, 128, 133, 143, 144, 153, 156, 159, 164, 165, 169, 170, 189, 192, 195, 204, 205, 206, 210, 211, 213, 225, 229, 230, 233, 235, 236, 238, 244, 263, 264, 266, 272, 273, 274, 276, 286, 298, 299, 305, 310, 316, 324, 325, 328, 334, 337, 339, 342, 343, 346, 348, 349, 360, 362, 363, 364, 366, 372, 374, 375, 376, 383]"
90,"[10, 9, 322, 104, 88, 339, 5, 2, 271, 148, 18, 256, 366, 97, 258, 32, 66, 120, 374, 17, 216, 127, 204, 379, 351, 263, 89, 74, 77, 344, 186, 36, 84, 90, 345, 184, 238, 53, 25, 372, 146, 126, 135, 73, 380, 338, 198, 252, 188, 130, 181, 243, 162, 142, 281, 266, 62, 176, 190, 376, 250, 189, 257, 33, 289, 329, 82, 363, 249, 69, 136, 27, 311, 158, 265, 24, 260, 138, 133, 100, 210, 275, 370, 214, 149, 262, 205, 350, 152, 324, 222, 352, 45, 11, 168, 6, 145, 290, 75, 111, 267, 327, 228, 180, 336, 101, 112, 299, 200, 34, 209, 334, 173, 58, 357, 159, 31, 51, 92, 109, 368, 239, 160, 242, 183, 268, 219, 107, 297, 40, 301, 246, 291, 217, 272, 229, 30, 72, 195, 113, 21, 383, 15, 310, 87, 28, 208, 251, 110, 359, 273, 312, 192, 129, 237, 201, 80, 375, 294, 19, 307, 377, 14, 323, 342, 131, 279, 151, 333, 134, 234, 378, 38, 94, 283, 140, 55, 76, 171, 244, 0, 117, 166, 8, 91, 178, 191, 341, 365, 63, 128, 235]","[270, 147, 166, 198, 371, 85, 251, 327, 19, 108, 305, 153, 380, 117, 94, 216, 345, 139, 63, 105, 201, 319, 61, 20, 133, 285, 250, 369, 98, 315, 292, 261, 263, 113, 301, 276, 195, 114, 21, 64, 30, 357, 227, 308, 214, 247, 86, 237, 112, 36, 289, 6, 66, 264, 65, 344, 47, 159, 184, 278, 14, 78, 246, 268, 339, 223, 275, 346, 353, 219, 212, 249, 191, 142, 331, 342, 125, 373, 145, 192, 72, 336, 90, 109, 126, 303, 102, 100, 329, 168, 120, 129, 130, 330, 123, 322, 81, 326, 313, 70, 293, 377, 10, 248, 50, 320, 376, 187, 121, 351, 277, 199, 51, 291, 203, 294, 267, 2, 55, 226, 355, 97, 11, 295, 79, 53, 204, 302, 378, 375, 194, 175, 170, 370, 131, 337, 383, 314, 200, 24, 68, 52, 232, 0, 296, 381, 279, 26, 225, 134, 335, 323, 165, 364, 13, 18, 176, 368, 179, 236, 354, 309, 240, 242, 365, 22, 177, 25, 28, 92, 253, 361, 95, 338, 210, 46, 205, 157, 118, 122, 352, 328, 231, 137, 41, 141, 17, 110, 32, 340, 265, 349]","[0, 2, 6, 10, 11, 14, 17, 18, 19, 21, 24, 25, 28, 30, 32, 36, 51, 53, 55, 63, 66, 72, 90, 92, 94, 97, 100, 109, 110, 112, 113, 117, 120, 126, 129, 130, 131, 133, 134, 142, 145, 159, 166, 168, 176, 184, 191, 192, 195, 198, 200, 201, 204, 205, 210, 214, 216, 219, 237, 242, 246, 249, 250, 251, 263, 265, 267, 268, 275, 279, 289, 291, 294, 301, 322, 323, 327, 329, 336, 338, 339, 342, 344, 345, 351, 352, 357, 365, 368, 370, 375, 376, 377, 378, 380, 383]"
91,"[125, 252, 116, 232, 146, 160, 156, 36, 69, 311, 328, 46, 202, 27, 379, 304, 178, 149, 179, 363, 189, 270, 101, 80, 100, 99, 145, 340, 95, 269, 249, 265, 350, 370, 306, 349, 207, 332, 23, 201, 48, 123, 360, 224, 245, 372, 192, 91, 175, 223, 14, 57, 131, 142, 248, 268, 209, 62, 65, 134, 204, 295, 17, 3, 50, 272, 47, 312, 259, 85, 58, 150, 355, 208, 105, 26, 177, 229, 186, 376, 5, 77, 79, 143, 159, 166, 182, 102, 98, 176, 76, 153, 303, 271, 1, 366, 171, 344, 45, 347, 89, 9, 174, 53, 138, 163, 2, 206, 296, 373, 307, 225, 339, 68, 319, 251, 235, 243, 84, 121, 309, 31, 317, 122, 278, 63, 260, 343, 236, 326, 19, 135, 21, 333, 254, 285, 108, 322, 43, 107, 353, 261, 154, 356, 67, 258, 289, 345, 222, 117, 39, 109, 54, 346, 133, 321, 6, 354, 198, 313, 299, 12, 337, 93, 257, 256, 315, 369, 60, 59, 226, 277, 7, 238, 34, 162, 11, 266, 279, 127, 280, 320, 205, 86, 276, 197, 231, 219, 351, 124, 187, 310]","[254, 195, 346, 37, 13, 35, 104, 123, 122, 276, 9, 319, 297, 326, 138, 358, 352, 57, 61, 372, 277, 142, 46, 378, 24, 20, 295, 28, 228, 252, 21, 343, 234, 200, 210, 214, 383, 174, 91, 256, 34, 166, 43, 149, 308, 223, 161, 245, 71, 132, 168, 53, 79, 188, 285, 337, 89, 29, 52, 76, 275, 85, 143, 217, 90, 69, 312, 130, 42, 345, 114, 332, 342, 180, 368, 330, 95, 241, 189, 377, 4, 238, 163, 84, 45, 51, 38, 15, 284, 156, 229, 12, 3, 171, 197, 105, 313, 118, 155, 225, 206, 101, 19, 182, 117, 205, 65, 294, 44, 63, 359, 259, 283, 7, 131, 310, 311, 367, 274, 235, 323, 164, 158, 66, 329, 339, 193, 196, 18, 70, 54, 134, 271, 380, 202, 381, 355, 97, 305, 360, 220, 148, 14, 32, 64, 167, 215, 351, 246, 331, 48, 291, 172, 124, 47, 60, 92, 183, 244, 340, 353, 239, 237, 226, 16, 162, 8, 242, 81, 153, 40, 341, 261, 154, 309, 152, 100, 190, 80, 75, 25, 116, 27, 247, 282, 279, 107, 348, 243, 371, 280, 307]","[3, 7, 9, 12, 14, 19, 21, 27, 34, 43, 45, 46, 47, 48, 53, 54, 57, 60, 63, 65, 69, 76, 79, 80, 84, 85, 89, 91, 95, 100, 101, 105, 107, 116, 117, 122, 123, 124, 131, 134, 138, 142, 143, 149, 153, 154, 156, 162, 163, 166, 171, 174, 182, 189, 197, 202, 205, 206, 223, 225, 226, 229, 235, 238, 243, 245, 252, 254, 256, 259, 261, 271, 276, 277, 279, 280, 285, 295, 307, 309, 310, 311, 312, 313, 319, 326, 332, 337, 339, 340, 343, 345, 346, 351, 353, 355, 360, 372]"
92,"[106, 378, 225, 80, 180, 294, 139, 85, 188, 112, 45, 33, 299, 185, 66, 288, 223, 240, 320, 52, 77, 104, 239, 258, 194, 167, 136, 30, 8, 153, 170, 307, 351, 263, 218, 56, 260, 130, 173, 321, 81, 84, 165, 186, 140, 371, 353, 134, 212, 209, 327, 325, 76, 300, 6, 118, 343, 282, 358, 350, 43, 253, 192, 344, 293, 123, 251, 86, 162, 346, 317, 82, 360, 226, 50, 151, 22, 154, 256, 110, 102, 340, 26, 364, 382, 31, 210, 164, 44, 323, 219, 12, 246, 176, 19, 46, 15, 190, 132, 21, 334, 267, 306, 61, 280, 23, 36, 98, 92, 257, 171, 119, 125, 216, 289, 242, 286, 27, 279, 161, 202, 235, 41, 298, 380, 1, 292, 29, 174, 227, 305, 91, 71, 332, 138, 142, 291, 189, 198, 287, 348, 313, 141, 177, 199, 127, 339, 131, 213, 310, 319, 208, 157, 254, 34, 244, 341, 163, 367, 309, 354, 68, 187, 169, 129, 274, 311, 37, 181, 203, 38, 352, 49, 362, 369, 328, 304, 107, 377, 326, 261, 156, 51, 336, 277, 60, 97, 249, 228, 204, 373, 69]","[366, 327, 285, 340, 203, 345, 200, 83, 90, 131, 35, 111, 243, 188, 142, 215, 268, 77, 283, 369, 337, 249, 309, 254, 167, 315, 175, 169, 109, 157, 115, 264, 20, 342, 135, 306, 138, 316, 63, 182, 199, 12, 229, 156, 308, 172, 362, 284, 33, 53, 216, 66, 186, 37, 89, 219, 49, 189, 152, 119, 235, 217, 84, 117, 178, 220, 146, 136, 105, 382, 128, 173, 30, 132, 92, 129, 332, 360, 240, 104, 363, 88, 380, 13, 201, 68, 150, 179, 353, 3, 198, 36, 372, 317, 2, 271, 171, 62, 113, 163, 289, 133, 54, 192, 193, 213, 279, 174, 4, 116, 307, 336, 124, 328, 357, 168, 180, 248, 26, 121, 55, 22, 318, 211, 261, 207, 51, 94, 98, 232, 81, 241, 208, 183, 40, 274, 314, 324, 71, 155, 144, 310, 379, 265, 114, 257, 299, 78, 65, 47, 242, 347, 358, 76, 139, 140, 70, 354, 16, 165, 230, 11, 148, 291, 101, 39, 45, 96, 31, 73, 375, 59, 147, 196, 350, 160, 106, 281, 233, 91, 79, 194, 153, 359, 277, 338, 170, 99, 41, 227, 161, 304]","[12, 22, 26, 30, 31, 33, 36, 37, 41, 45, 49, 51, 66, 68, 71, 76, 77, 81, 84, 91, 92, 98, 104, 106, 119, 129, 131, 132, 136, 138, 139, 140, 142, 153, 156, 157, 161, 163, 165, 167, 169, 170, 171, 173, 174, 180, 186, 188, 189, 192, 194, 198, 199, 203, 208, 213, 216, 219, 227, 235, 240, 242, 249, 254, 257, 261, 274, 277, 279, 289, 291, 299, 304, 306, 307, 309, 310, 317, 327, 328, 332, 336, 340, 350, 353, 354, 358, 360, 362, 369, 380, 382]"
93,"[116, 192, 336, 183, 171, 305, 28, 357, 126, 111, 30, 184, 380, 368, 278, 165, 364, 235, 268, 309, 367, 206, 67, 12, 258, 252, 189, 181, 292, 66, 238, 157, 40, 330, 271, 148, 324, 71, 160, 89, 329, 124, 267, 117, 132, 311, 68, 61, 98, 86, 59, 186, 41, 81, 210, 277, 273, 319, 27, 166, 92, 255, 1, 70, 64, 201, 306, 73, 137, 382, 7, 11, 236, 241, 95, 17, 361, 222, 223, 320, 18, 38, 287, 56, 170, 69, 205, 240, 75, 118, 105, 200, 141, 22, 355, 135, 185, 344, 374, 276, 90, 50, 246, 48, 112, 332, 227, 155, 247, 187, 76, 229, 239, 147, 363, 313, 131, 383, 196, 369, 114, 161, 122, 156, 221, 312, 265, 34, 93, 47, 164, 339, 348, 134, 353, 145, 174, 9, 379, 37, 327, 77, 106, 376, 175, 340, 180, 51, 354, 25, 172, 179, 168, 256, 82, 74, 0, 254, 2, 195, 52, 193, 282, 62, 217, 294, 85, 8, 226, 358, 16, 123, 176, 100, 150, 263, 120, 142, 39, 20, 49, 224, 232, 19, 280, 325, 297, 334, 65, 211, 209, 234]","[327, 2, 63, 310, 31, 132, 332, 261, 24, 25, 35, 302, 333, 202, 143, 320, 93, 168, 61, 178, 108, 182, 125, 194, 157, 123, 192, 259, 37, 205, 115, 5, 165, 3, 235, 121, 134, 311, 41, 258, 305, 163, 210, 257, 21, 368, 124, 148, 38, 28, 360, 54, 114, 370, 251, 272, 363, 107, 325, 279, 89, 133, 83, 181, 337, 122, 367, 69, 127, 129, 98, 14, 312, 378, 70, 289, 39, 275, 352, 265, 263, 345, 314, 291, 76, 47, 50, 87, 269, 276, 96, 379, 66, 308, 13, 150, 92, 68, 137, 255, 91, 359, 229, 130, 381, 201, 260, 85, 303, 295, 297, 331, 220, 326, 16, 19, 22, 53, 135, 207, 119, 1, 84, 187, 88, 46, 71, 304, 318, 227, 382, 43, 94, 72, 281, 249, 287, 167, 293, 99, 106, 358, 336, 317, 29, 329, 95, 193, 240, 357, 334, 73, 136, 277, 177, 282, 146, 60, 0, 353, 197, 30, 217, 56, 64, 180, 365, 17, 242, 228, 102, 113, 262, 256, 238, 9, 142, 346, 366, 273, 51, 33, 349, 80, 307, 221, 26, 179, 364, 208, 335, 7]","[0, 1, 2, 7, 9, 16, 17, 19, 22, 25, 28, 30, 37, 38, 39, 41, 47, 50, 51, 56, 61, 64, 66, 68, 69, 70, 71, 73, 76, 85, 89, 92, 93, 95, 98, 106, 114, 122, 123, 124, 132, 134, 135, 137, 142, 148, 150, 157, 165, 168, 179, 180, 181, 187, 192, 193, 201, 205, 210, 217, 221, 227, 229, 235, 238, 240, 255, 256, 258, 263, 265, 273, 276, 277, 282, 287, 297, 305, 311, 312, 320, 325, 327, 329, 332, 334, 336, 353, 357, 358, 363, 364, 367, 368, 379, 382]"
94,"[239, 283, 60, 128, 174, 62, 263, 255, 244, 208, 147, 177, 344, 258, 221, 101, 318, 304, 261, 380, 42, 207, 270, 18, 248, 171, 183, 297, 82, 92, 145, 59, 351, 322, 217, 170, 361, 274, 185, 346, 229, 127, 104, 75, 316, 335, 39, 287, 260, 348, 285, 116, 81, 84, 65, 372, 108, 354, 187, 330, 279, 54, 292, 306, 277, 31, 73, 100, 102, 167, 311, 106, 146, 359, 91, 27, 268, 331, 256, 378, 223, 151, 97, 85, 317, 222, 276, 115, 4, 88, 142, 249, 109, 225, 224, 40, 281, 199, 332, 382, 341, 50, 179, 124, 215, 152, 232, 214, 197, 52, 383, 61, 45, 310, 228, 266, 300, 198, 313, 16, 226, 157, 72, 137, 241, 144, 366, 204, 190, 373, 175, 138, 323, 219, 89, 139, 358, 176, 58, 67, 118, 86, 250, 231, 34, 349, 148, 14, 362, 77, 164, 192, 342, 133, 194, 11, 200, 114, 367, 347, 130, 160, 132, 273, 2, 355, 275, 23, 356, 218, 254, 234, 56, 240, 181, 206, 233, 112, 264, 69, 158, 315, 293, 99, 360, 74, 333, 370, 324, 110, 15, 162]","[271, 111, 135, 302, 357, 263, 369, 148, 10, 130, 123, 44, 222, 292, 207, 304, 39, 70, 109, 87, 28, 11, 169, 94, 238, 131, 189, 283, 157, 231, 255, 9, 246, 290, 237, 64, 33, 198, 3, 232, 330, 310, 141, 153, 124, 91, 75, 150, 114, 159, 356, 216, 46, 82, 110, 341, 67, 32, 215, 7, 258, 293, 351, 370, 353, 288, 319, 197, 166, 6, 41, 98, 90, 133, 35, 74, 132, 31, 306, 14, 281, 317, 230, 143, 377, 278, 12, 274, 320, 355, 212, 381, 325, 190, 209, 297, 324, 155, 47, 50, 273, 116, 4, 285, 184, 296, 276, 23, 334, 72, 316, 145, 338, 214, 176, 228, 359, 45, 26, 261, 250, 89, 112, 282, 152, 315, 335, 275, 204, 298, 203, 69, 49, 171, 17, 16, 68, 241, 168, 286, 76, 107, 345, 179, 138, 210, 240, 105, 295, 327, 239, 322, 164, 249, 272, 13, 208, 340, 363, 80, 95, 307, 201, 34, 15, 374, 149, 118, 347, 2, 244, 162, 280, 8, 332, 383, 183, 165, 104, 19, 38, 260, 235, 134, 339, 331, 156, 342, 305, 256, 127, 136]","[2, 4, 11, 14, 15, 16, 23, 31, 34, 39, 45, 50, 67, 69, 72, 74, 75, 82, 89, 91, 104, 109, 110, 112, 114, 116, 118, 124, 127, 130, 132, 133, 138, 145, 148, 152, 157, 162, 164, 171, 176, 179, 183, 190, 197, 198, 204, 207, 208, 214, 215, 222, 228, 231, 232, 239, 240, 241, 244, 249, 250, 255, 256, 258, 260, 261, 263, 273, 274, 275, 276, 281, 283, 285, 292, 293, 297, 304, 306, 310, 315, 316, 317, 322, 324, 330, 331, 332, 335, 341, 342, 347, 351, 355, 356, 359, 370, 383]"
95,"[183, 231, 352, 330, 359, 292, 6, 169, 264, 377, 152, 288, 299, 241, 50, 314, 162, 33, 291, 235, 380, 225, 82, 195, 159, 236, 114, 381, 89, 7, 135, 106, 96, 217, 102, 213, 168, 356, 30, 113, 39, 221, 134, 177, 15, 266, 269, 3, 259, 18, 368, 14, 109, 258, 43, 34, 373, 345, 343, 268, 280, 207, 44, 237, 0, 21, 151, 160, 278, 16, 202, 125, 286, 52, 311, 240, 360, 230, 136, 357, 120, 232, 229, 365, 203, 72, 338, 45, 348, 101, 271, 276, 60, 110, 375, 141, 163, 36, 91, 87, 245, 93, 41, 206, 10, 1, 249, 46, 315, 273, 290, 129, 209, 372, 73, 361, 325, 194, 145, 215, 131, 132, 296, 97, 58, 295, 167, 79, 196, 108, 71, 279, 337, 56, 124, 250, 366, 181, 370, 146, 88, 166, 307, 176, 107, 340, 12, 90, 334, 190, 178, 126, 358, 28, 47, 277, 24, 281, 161, 300, 318, 115, 336, 354, 261, 323, 197, 204, 179, 62, 66, 48, 262, 8, 2, 80, 55, 275, 105, 328, 320, 140, 255, 116, 378, 38, 156, 186, 81, 99, 13, 94]","[150, 217, 105, 126, 167, 31, 321, 163, 378, 310, 306, 18, 211, 155, 17, 12, 6, 171, 39, 214, 102, 158, 337, 134, 215, 250, 234, 333, 67, 78, 37, 336, 111, 141, 370, 77, 195, 297, 174, 204, 224, 227, 382, 172, 187, 249, 334, 36, 281, 5, 143, 345, 208, 129, 43, 80, 241, 115, 140, 318, 210, 193, 76, 223, 72, 142, 307, 221, 257, 179, 260, 277, 83, 199, 71, 381, 100, 233, 73, 153, 248, 92, 22, 219, 169, 75, 104, 175, 288, 177, 304, 316, 352, 328, 58, 253, 38, 320, 271, 369, 164, 270, 319, 312, 383, 1, 205, 267, 338, 256, 368, 113, 135, 157, 25, 305, 207, 209, 46, 358, 185, 258, 239, 235, 261, 231, 206, 218, 123, 356, 278, 103, 198, 48, 216, 186, 94, 128, 130, 313, 330, 240, 245, 52, 178, 203, 366, 191, 344, 108, 289, 202, 114, 136, 343, 263, 84, 340, 96, 27, 341, 247, 220, 0, 298, 269, 183, 45, 197, 268, 161, 11, 374, 99, 361, 132, 151, 14, 59, 181, 53, 380, 222, 154, 49, 293, 86, 285, 145, 110, 272, 266]","[0, 1, 6, 12, 14, 18, 36, 38, 39, 43, 45, 46, 48, 52, 58, 71, 72, 73, 80, 94, 96, 99, 102, 105, 108, 110, 113, 114, 115, 126, 129, 132, 134, 135, 136, 140, 141, 145, 151, 161, 163, 167, 169, 177, 178, 179, 181, 183, 186, 195, 197, 202, 203, 204, 206, 207, 209, 215, 217, 221, 231, 235, 240, 241, 245, 249, 250, 258, 261, 266, 268, 269, 271, 277, 278, 281, 288, 307, 318, 320, 328, 330, 334, 336, 337, 338, 340, 343, 345, 352, 356, 358, 361, 366, 368, 370, 378, 380, 381]"
96,"[176, 371, 21, 9, 1, 69, 318, 115, 33, 347, 40, 36, 139, 73, 101, 98, 11, 155, 54, 305, 221, 319, 60, 282, 375, 280, 159, 4, 88, 22, 153, 20, 268, 97, 277, 257, 315, 369, 193, 62, 170, 251, 114, 71, 313, 46, 255, 196, 253, 152, 258, 151, 17, 340, 91, 81, 87, 191, 3, 291, 199, 286, 229, 34, 329, 341, 161, 181, 79, 230, 13, 241, 107, 216, 333, 372, 346, 269, 352, 202, 383, 94, 239, 259, 134, 185, 363, 233, 224, 290, 49, 121, 78, 10, 141, 223, 279, 150, 138, 12, 116, 100, 70, 105, 234, 186, 145, 225, 39, 209, 275, 8, 238, 321, 303, 244, 211, 261, 137, 214, 169, 171, 345, 364, 72, 270, 92, 236, 309, 74, 37, 179, 147, 104, 227, 90, 56, 157, 133, 190, 350, 237, 125, 189, 272, 235, 247, 38, 271, 248, 200, 273, 322, 348, 158, 64, 281, 368, 132, 327, 266, 43, 296, 382, 178, 284, 160, 336, 45, 208, 338, 204, 260, 0, 120, 174, 367, 30, 304, 80, 337, 355, 374, 32, 354, 288, 317, 119, 75, 68, 298, 231]","[223, 60, 155, 89, 123, 91, 261, 215, 11, 219, 232, 301, 174, 72, 220, 38, 180, 158, 304, 235, 288, 67, 177, 139, 143, 279, 282, 157, 126, 322, 243, 359, 7, 315, 228, 4, 262, 211, 30, 90, 39, 114, 289, 24, 55, 216, 64, 122, 152, 365, 207, 356, 196, 302, 198, 251, 342, 361, 255, 285, 35, 56, 303, 338, 73, 70, 102, 259, 21, 93, 343, 340, 353, 291, 377, 325, 380, 250, 131, 212, 199, 297, 293, 268, 66, 42, 364, 175, 88, 173, 87, 96, 241, 192, 40, 8, 51, 41, 104, 184, 68, 118, 47, 260, 242, 306, 295, 44, 371, 128, 352, 369, 81, 46, 57, 172, 20, 246, 182, 349, 111, 326, 294, 144, 32, 277, 265, 348, 74, 115, 166, 366, 378, 214, 316, 97, 264, 324, 167, 202, 344, 146, 234, 308, 101, 135, 230, 257, 200, 313, 185, 317, 54, 323, 33, 119, 375, 18, 226, 370, 151, 254, 99, 267, 12, 138, 181, 335, 203, 283, 112, 10, 307, 142, 108, 238, 3, 367, 178, 156, 50, 239, 71, 62, 233, 332, 29, 275, 346, 221, 27, 205]","[3, 4, 8, 10, 11, 12, 20, 21, 30, 32, 33, 38, 39, 40, 46, 54, 56, 60, 62, 64, 68, 70, 71, 72, 73, 74, 81, 87, 88, 90, 91, 97, 101, 104, 114, 115, 119, 138, 139, 151, 152, 155, 157, 158, 174, 178, 181, 185, 196, 199, 200, 202, 211, 214, 216, 221, 223, 230, 233, 234, 235, 238, 239, 241, 251, 255, 257, 259, 260, 261, 268, 275, 277, 279, 282, 288, 291, 303, 304, 313, 315, 317, 322, 338, 340, 346, 348, 352, 364, 367, 369, 371, 375]"
97,"[34, 96, 149, 108, 37, 105, 151, 74, 228, 53, 209, 4, 62, 264, 131, 292, 3, 343, 168, 98, 76, 281, 232, 142, 274, 125, 23, 276, 286, 365, 344, 80, 216, 119, 67, 40, 317, 347, 47, 230, 133, 126, 160, 118, 260, 155, 199, 310, 349, 290, 361, 114, 334, 342, 7, 321, 211, 299, 222, 297, 163, 267, 110, 146, 153, 10, 31, 193, 71, 43, 70, 65, 158, 262, 350, 294, 94, 55, 237, 253, 68, 339, 162, 351, 275, 5, 99, 25, 313, 221, 336, 27, 132, 206, 195, 362, 373, 235, 307, 332, 309, 46, 161, 192, 41, 138, 333, 66, 127, 17, 316, 378, 72, 352, 95, 121, 156, 277, 24, 88, 214, 182, 300, 111, 15, 200, 11, 38, 303, 2, 283, 293, 376, 32, 104, 187, 217, 311, 278, 338, 58, 279, 179, 288, 261, 48, 77, 346, 123, 202, 73, 69, 357, 124, 30, 295, 238, 197, 306, 227, 102, 356, 203, 242, 266, 355, 175, 128, 257, 167, 318, 218, 87, 90, 52, 190, 369, 135, 134, 181, 136, 112, 323, 100, 370, 353, 324, 254, 145, 229, 244, 196]","[273, 194, 303, 3, 168, 359, 152, 349, 166, 269, 167, 263, 108, 240, 61, 378, 125, 43, 23, 161, 326, 115, 14, 183, 58, 302, 322, 278, 365, 12, 321, 301, 112, 15, 272, 165, 371, 54, 334, 82, 185, 341, 150, 329, 182, 304, 324, 138, 225, 30, 255, 308, 31, 5, 94, 27, 372, 34, 237, 9, 172, 44, 299, 101, 242, 201, 131, 306, 178, 56, 330, 339, 129, 113, 319, 300, 67, 366, 135, 223, 286, 78, 274, 49, 11, 229, 154, 188, 211, 380, 77, 63, 250, 360, 6, 233, 81, 343, 260, 97, 277, 243, 369, 16, 287, 364, 291, 212, 20, 64, 118, 187, 210, 53, 156, 226, 316, 68, 159, 224, 127, 288, 239, 22, 342, 98, 351, 48, 51, 173, 248, 181, 315, 238, 356, 357, 348, 373, 62, 368, 335, 332, 285, 367, 259, 47, 220, 84, 353, 345, 245, 276, 57, 126, 119, 355, 10, 191, 254, 55, 120, 282, 271, 52, 80, 309, 42, 41, 289, 142, 379, 71, 207, 193, 362, 189, 124, 358, 200, 40, 192, 26, 114, 179, 153, 100, 111, 104, 141, 261, 232, 350]","[3, 5, 10, 11, 15, 23, 27, 30, 31, 34, 40, 41, 43, 47, 48, 52, 53, 55, 58, 62, 67, 68, 71, 77, 80, 94, 98, 100, 104, 108, 111, 112, 114, 118, 119, 124, 125, 126, 127, 131, 135, 138, 142, 153, 156, 161, 167, 168, 179, 181, 182, 187, 192, 193, 200, 211, 229, 232, 237, 238, 242, 254, 260, 261, 274, 276, 277, 278, 286, 288, 299, 300, 303, 306, 309, 316, 321, 324, 332, 334, 339, 342, 343, 349, 350, 351, 353, 355, 356, 357, 362, 365, 369, 373, 378]"
98,"[312, 303, 0, 57, 248, 55, 323, 286, 67, 49, 132, 190, 367, 276, 139, 291, 121, 100, 29, 212, 319, 177, 42, 179, 219, 94, 110, 330, 1, 232, 90, 260, 224, 261, 191, 33, 361, 92, 382, 152, 221, 174, 371, 231, 289, 240, 349, 335, 21, 156, 370, 252, 321, 277, 122, 35, 175, 97, 140, 39, 268, 159, 77, 288, 230, 74, 20, 113, 242, 178, 223, 373, 332, 119, 59, 357, 161, 101, 200, 354, 292, 123, 316, 27, 43, 202, 86, 379, 120, 311, 245, 46, 160, 51, 263, 58, 171, 322, 348, 26, 290, 254, 87, 38, 66, 345, 107, 214, 201, 64, 103, 381, 45, 233, 353, 24, 93, 259, 270, 352, 53, 34, 297, 203, 298, 9, 305, 157, 258, 98, 205, 304, 162, 206, 62, 249, 293, 80, 158, 54, 215, 300, 340, 285, 111, 239, 16, 347, 170, 114, 377, 181, 368, 48, 383, 216, 44, 167, 235, 10, 264, 47, 96, 372, 313, 324, 339, 343, 154, 108, 61, 295, 172, 187, 144, 376, 196, 188, 307, 134, 315, 138, 217, 41, 325, 145, 25, 193, 338, 359, 68, 226]","[135, 140, 131, 92, 370, 297, 379, 139, 42, 229, 228, 375, 352, 269, 371, 330, 299, 62, 84, 272, 319, 380, 184, 179, 273, 315, 333, 69, 342, 164, 201, 115, 326, 238, 307, 354, 176, 47, 277, 91, 227, 172, 173, 61, 94, 224, 25, 320, 190, 53, 243, 119, 34, 114, 231, 216, 10, 99, 381, 290, 109, 230, 26, 323, 232, 5, 58, 351, 240, 208, 126, 210, 200, 158, 279, 281, 378, 286, 301, 157, 156, 105, 177, 334, 64, 136, 21, 217, 123, 108, 70, 364, 141, 102, 93, 309, 166, 376, 236, 305, 20, 14, 159, 262, 239, 358, 181, 51, 22, 292, 19, 283, 383, 220, 288, 253, 357, 43, 130, 271, 382, 198, 113, 214, 128, 205, 110, 254, 345, 129, 209, 89, 46, 202, 191, 79, 103, 285, 255, 96, 146, 338, 373, 7, 11, 263, 186, 30, 225, 215, 149, 144, 313, 223, 222, 212, 341, 312, 16, 207, 151, 264, 331, 155, 36, 124, 246, 291, 18, 4, 251, 359, 337, 244, 335, 178, 147, 182, 256, 318, 9, 234, 233, 219, 54, 293, 97, 162, 265, 366, 180, 218]","[9, 10, 16, 20, 21, 25, 26, 34, 42, 43, 46, 47, 51, 53, 54, 58, 61, 62, 64, 92, 93, 94, 96, 97, 103, 108, 110, 113, 114, 119, 123, 139, 140, 144, 156, 157, 158, 159, 162, 172, 177, 178, 179, 181, 190, 191, 200, 201, 202, 205, 212, 214, 215, 216, 217, 219, 223, 224, 230, 231, 232, 233, 239, 240, 254, 263, 264, 277, 285, 286, 288, 290, 291, 292, 293, 297, 305, 307, 312, 313, 315, 319, 323, 330, 335, 338, 345, 352, 354, 357, 359, 370, 371, 373, 376, 379, 381, 382, 383]"
99,"[110, 87, 132, 74, 220, 319, 209, 153, 341, 1, 201, 296, 284, 68, 290, 287, 23, 217, 100, 382, 91, 181, 66, 345, 233, 57, 277, 268, 272, 67, 62, 368, 0, 21, 263, 58, 200, 215, 108, 165, 361, 97, 230, 6, 313, 45, 258, 92, 310, 151, 34, 98, 197, 76, 146, 136, 285, 22, 383, 80, 123, 354, 64, 343, 26, 88, 95, 280, 180, 262, 155, 320, 243, 61, 308, 298, 163, 350, 50, 183, 174, 317, 137, 198, 300, 43, 15, 235, 47, 324, 339, 59, 147, 256, 279, 53, 210, 325, 240, 187, 177, 259, 363, 138, 55, 86, 333, 189, 70, 369, 167, 202, 294, 49, 326, 10, 303, 2, 207, 77, 238, 142, 222, 216, 241, 204, 212, 251, 39, 38, 270, 337, 227, 4, 246, 25, 124, 366, 291, 228, 14, 249, 37, 152, 264, 261, 60, 75, 24, 278, 242, 301, 321, 295, 358, 192, 31, 304, 101, 253, 19, 114, 244, 9, 327, 144, 357, 93, 328, 11, 141, 271, 166, 84, 245, 42, 331, 347, 73, 106, 104, 127, 309, 267, 193, 161, 378, 115, 18, 154, 69, 122]","[148, 106, 126, 273, 143, 27, 192, 300, 210, 53, 48, 316, 305, 133, 151, 73, 260, 248, 383, 21, 37, 372, 79, 208, 344, 196, 303, 252, 376, 239, 331, 237, 373, 234, 181, 188, 90, 238, 190, 262, 11, 232, 276, 92, 67, 81, 22, 335, 118, 140, 18, 284, 166, 36, 157, 214, 13, 195, 314, 161, 253, 71, 154, 171, 243, 317, 96, 306, 359, 285, 3, 350, 158, 264, 298, 231, 82, 322, 104, 283, 153, 327, 223, 360, 271, 97, 336, 160, 299, 310, 76, 66, 162, 323, 219, 295, 266, 294, 34, 377, 216, 324, 265, 131, 233, 130, 193, 101, 46, 164, 182, 63, 172, 10, 107, 242, 152, 212, 43, 236, 312, 354, 325, 250, 268, 269, 138, 117, 278, 135, 57, 98, 280, 2, 109, 20, 211, 270, 247, 274, 244, 357, 95, 119, 345, 167, 342, 145, 7, 309, 50, 343, 200, 169, 89, 186, 201, 191, 179, 292, 319, 220, 28, 174, 313, 333, 99, 340, 58, 35, 65, 102, 365, 245, 368, 129, 249, 259, 184, 339, 168, 44, 86, 141, 315, 361, 180, 85, 254, 297, 251, 108]","[2, 10, 11, 18, 21, 22, 34, 37, 43, 50, 53, 57, 58, 66, 67, 73, 76, 86, 92, 95, 97, 98, 101, 104, 106, 108, 138, 141, 151, 152, 153, 154, 161, 166, 167, 174, 180, 181, 192, 193, 200, 201, 210, 212, 216, 220, 233, 238, 242, 243, 244, 245, 249, 251, 253, 259, 262, 264, 268, 270, 271, 278, 280, 284, 285, 294, 295, 298, 300, 303, 309, 310, 313, 317, 319, 324, 325, 327, 331, 333, 339, 343, 345, 350, 354, 357, 361, 368, 383]"
