0,"[507, 365, 356, 436, 123, 145, 293, 313, 174, 136, 70, 190, 369, 244, 170, 309, 370, 189, 202, 52, 282, 50, 329, 63, 51, 361, 415, 8, 107, 272, 49, 112, 67, 167, 262, 234, 124, 92, 11, 288, 429, 335, 77, 211, 179, 159, 79, 108, 194, 24, 390, 133, 236, 281, 401, 406, 268, 210, 147, 510, 104, 128, 125, 354, 343, 481, 226, 492, 472, 296, 493, 322, 327, 479, 209, 103, 9, 349, 117, 424, 129, 261, 216, 7, 467, 34, 146, 130, 435, 33, 381, 20, 339, 30, 27, 116, 419, 256, 184, 121, 83, 316, 302, 295, 225, 110, 502, 132, 328, 122, 342, 212, 371, 193, 1, 471, 486, 149, 276, 54, 201, 178, 357, 315, 47, 483, 56, 197, 258, 468, 252, 428, 69, 163, 109, 363, 242, 138, 374, 144, 75, 99, 347, 434, 304, 257, 350, 314, 208, 139, 183, 266, 97, 72, 358, 407, 332, 168, 452, 378, 301, 367, 87, 143, 273, 297, 423, 207, 482, 485, 333, 15, 182, 169, 414, 114, 477, 323, 449, 126, 173, 422, 251, 387, 180, 204, 166, 98, 12, 265, 249, 245, 437, 181, 185, 377, 13, 450, 247, 260, 432, 283, 285, 308, 206, 457, 187, 459, 389, 410, 199, 131, 318, 271, 248, 290, 498, 19, 113, 380, 440, 426, 384, 106, 78, 439, 278, 386, 394, 326, 491, 228, 150, 220, 277, 22, 391, 317, 458, 250, 382, 37, 470, 402, 413, 487, 232, 336, 71, 511, 135, 45, 156, 346, 284, 196]","[182, 420, 272, 105, 398, 330, 87, 450, 243, 384, 257, 41, 503, 174, 401, 419, 310, 22, 406, 469, 415, 403, 411, 193, 309, 258, 90, 190, 296, 466, 343, 180, 142, 438, 152, 125, 292, 394, 391, 68, 405, 300, 484, 27, 506, 1, 380, 76, 299, 288, 280, 342, 253, 463, 248, 436, 210, 208, 118, 225, 326, 120, 117, 333, 458, 101, 78, 346, 154, 502, 234, 7, 365, 157, 75, 195, 98, 312, 413, 110, 340, 38, 88, 476, 119, 183, 494, 86, 56, 131, 240, 238, 352, 52, 322, 311, 151, 121, 116, 221, 209, 46, 351, 26, 32, 327, 11, 191, 441, 175, 33, 166, 228, 500, 453, 418, 475, 289, 48, 134, 184, 298, 329, 255, 408, 73, 457, 212, 259, 421, 358, 49, 214, 385, 146, 348, 19, 275, 162, 235, 446, 177, 135, 383, 58, 99, 375, 452, 239, 460, 332, 496, 150, 291, 139, 363, 122, 510, 194, 40, 160, 69, 45, 178, 374, 313, 353, 360, 423, 71, 206, 338, 328, 459, 341, 133, 66, 252, 188, 30, 404, 261, 304, 223, 8, 431, 345, 430, 483, 369, 334, 80, 447, 317, 489, 145, 400, 104, 294, 283, 21, 254, 31, 417, 14, 115, 39, 485, 159, 468, 199, 386, 12, 167, 286, 491, 478, 307, 236, 127, 185, 273, 448, 357, 281, 161, 368, 168, 271, 35, 112, 91, 123, 138, 263, 479, 323, 227, 397, 470, 205, 424, 451, 474, 429, 144, 201, 74, 207, 260, 107, 70, 331, 387, 47, 508]","[1, 7, 8, 11, 12, 19, 22, 27, 30, 33, 45, 47, 49, 52, 56, 69, 70, 71, 75, 78, 87, 98, 99, 104, 107, 110, 112, 116, 117, 121, 122, 123, 125, 131, 133, 135, 138, 139, 144, 145, 146, 150, 159, 166, 167, 168, 174, 178, 180, 182, 183, 184, 185, 190, 193, 194, 199, 201, 206, 207, 208, 209, 210, 212, 225, 228, 234, 236, 248, 252, 257, 258, 260, 261, 271, 272, 273, 281, 283, 288, 296, 304, 309, 313, 317, 322, 323, 326, 327, 328, 329, 332, 333, 342, 343, 346, 357, 358, 363, 365, 369, 374, 380, 384, 386, 387, 391, 394, 401, 406, 413, 415, 419, 423, 424, 429, 436, 450, 452, 457, 458, 459, 468, 470, 479, 483, 485, 491, 502, 510]"
1,"[315, 302, 418, 245, 241, 122, 275, 445, 482, 458, 56, 378, 316, 43, 369, 333, 213, 121, 266, 100, 40, 68, 8, 222, 227, 260, 196, 428, 66, 501, 288, 421, 221, 508, 189, 402, 20, 12, 331, 49, 250, 128, 453, 127, 111, 368, 336, 293, 232, 328, 494, 15, 511, 87, 396, 148, 186, 135, 357, 107, 306, 431, 447, 296, 339, 399, 350, 281, 94, 202, 505, 198, 243, 358, 61, 74, 485, 199, 382, 389, 154, 337, 33, 171, 359, 48, 257, 273, 6, 401, 490, 451, 479, 207, 88, 131, 149, 362, 348, 183, 105, 487, 477, 84, 398, 215, 481, 483, 263, 182, 162, 92, 341, 311, 163, 404, 390, 463, 446, 5, 144, 484, 436, 106, 119, 247, 54, 22, 112, 470, 24, 35, 72, 283, 426, 164, 136, 3, 98, 429, 114, 278, 276, 219, 32, 151, 439, 210, 31, 352, 139, 110, 321, 143, 58, 303, 442, 444, 425, 126, 346, 201, 184, 271, 510, 81, 343, 430, 57, 169, 324, 476, 91, 252, 500, 308, 161, 473, 452, 499, 41, 506, 129, 405, 323, 438, 251, 4, 334, 218, 177, 77, 347, 249, 160, 168, 391, 73, 380, 125, 165, 205, 101, 407, 366, 46, 206, 292, 409, 244, 192, 62, 152, 492, 448, 229, 45, 157, 86, 80, 305, 437, 130, 413, 424, 461, 264, 59, 420, 394, 412, 280, 299, 16, 102, 36, 9, 211, 455, 238, 29, 301, 330, 214, 440, 408, 226, 472, 124, 204, 307, 233, 489, 25, 338, 26]","[394, 445, 411, 116, 125, 220, 140, 192, 6, 288, 247, 10, 306, 398, 101, 148, 236, 333, 165, 5, 204, 391, 169, 223, 88, 193, 334, 87, 231, 72, 304, 67, 129, 428, 99, 142, 123, 235, 241, 114, 207, 362, 377, 45, 170, 494, 401, 65, 279, 451, 107, 244, 455, 168, 498, 56, 444, 77, 81, 90, 460, 264, 248, 484, 145, 92, 417, 213, 80, 195, 215, 117, 239, 390, 205, 42, 291, 493, 63, 164, 4, 232, 202, 341, 295, 26, 86, 359, 459, 305, 442, 461, 29, 336, 49, 308, 38, 477, 368, 319, 400, 177, 501, 214, 392, 356, 412, 330, 12, 285, 21, 406, 276, 497, 435, 416, 300, 425, 338, 404, 224, 303, 48, 127, 357, 318, 325, 96, 261, 358, 75, 446, 311, 316, 323, 9, 20, 35, 113, 302, 186, 345, 310, 385, 456, 154, 115, 480, 355, 384, 11, 74, 60, 361, 190, 58, 62, 69, 458, 418, 277, 141, 167, 263, 124, 93, 485, 73, 71, 180, 502, 157, 108, 382, 441, 457, 386, 199, 243, 43, 449, 344, 380, 3, 273, 240, 249, 210, 24, 251, 432, 367, 332, 44, 324, 179, 479, 487, 28, 25, 372, 351, 8, 171, 110, 407, 452, 467, 46, 79, 281, 196, 203, 66, 83, 504, 343, 376, 219, 328, 225, 286, 495, 253, 329, 488, 1, 369, 423, 469, 297, 283, 373, 397, 118, 476, 468, 505, 309, 507, 104, 147, 149, 130, 419, 2, 82, 68, 255, 13, 486, 422, 19, 242, 94, 158]","[3, 4, 5, 6, 8, 9, 12, 20, 24, 25, 26, 29, 35, 43, 45, 46, 48, 49, 56, 58, 62, 66, 68, 72, 73, 74, 77, 80, 81, 86, 87, 88, 92, 94, 101, 107, 110, 114, 124, 125, 127, 129, 130, 148, 149, 154, 157, 164, 165, 168, 169, 171, 177, 186, 192, 196, 199, 202, 204, 205, 207, 210, 213, 214, 215, 219, 232, 241, 243, 244, 247, 249, 251, 263, 264, 273, 276, 281, 283, 288, 302, 303, 305, 306, 308, 311, 316, 323, 324, 328, 330, 333, 334, 336, 338, 341, 343, 357, 358, 359, 362, 368, 369, 380, 382, 390, 391, 394, 398, 401, 404, 407, 412, 418, 425, 428, 442, 444, 445, 446, 451, 452, 455, 458, 461, 476, 477, 479, 484, 485, 487, 494, 501, 505]"
2,"[35, 501, 144, 42, 154, 252, 363, 85, 195, 206, 7, 391, 25, 142, 383, 58, 239, 131, 338, 450, 276, 510, 16, 453, 369, 259, 44, 115, 472, 168, 444, 176, 124, 197, 250, 83, 286, 202, 367, 1, 376, 212, 14, 61, 349, 436, 234, 293, 165, 104, 34, 75, 394, 508, 272, 374, 430, 135, 174, 220, 467, 281, 398, 30, 194, 238, 496, 73, 423, 240, 118, 380, 487, 102, 497, 36, 456, 296, 126, 140, 260, 364, 505, 91, 295, 188, 306, 57, 492, 485, 187, 371, 112, 352, 411, 221, 300, 354, 283, 189, 22, 110, 481, 346, 455, 109, 368, 324, 478, 226, 287, 335, 340, 511, 273, 308, 213, 269, 133, 172, 164, 320, 9, 258, 39, 52, 123, 177, 499, 246, 457, 357, 446, 56, 251, 88, 331, 479, 266, 424, 356, 488, 141, 395, 92, 264, 353, 127, 396, 163, 263, 94, 117, 49, 185, 267, 278, 229, 146, 47, 31, 291, 495, 334, 482, 265, 24, 402, 255, 236, 313, 210, 439, 105, 134, 477, 365, 179, 181, 66, 205, 15, 344, 166, 301, 235, 420, 311, 370, 270, 390, 500, 40, 199, 475, 460, 473, 493, 288, 362, 193, 128, 223, 74, 38, 106, 401, 67, 97, 257, 70, 249, 438, 509, 232, 506, 279, 37, 6, 504, 84, 93, 400, 465, 333, 474, 302, 4, 326, 28, 341, 422, 95, 150, 399, 417, 247, 217, 459, 426, 448, 317, 348, 366, 148, 139, 378, 149, 405, 461, 53, 328, 18, 262, 76, 2]","[288, 419, 13, 393, 285, 9, 74, 133, 146, 493, 351, 23, 501, 458, 194, 206, 432, 350, 273, 36, 383, 348, 107, 169, 276, 196, 119, 341, 316, 106, 246, 195, 44, 271, 122, 396, 323, 391, 314, 104, 332, 117, 300, 475, 154, 390, 395, 357, 478, 262, 321, 402, 392, 101, 175, 283, 297, 308, 217, 90, 420, 65, 115, 149, 439, 156, 181, 68, 508, 263, 400, 116, 509, 166, 251, 369, 322, 343, 440, 272, 25, 238, 232, 446, 89, 126, 342, 491, 125, 367, 485, 215, 492, 449, 203, 372, 442, 363, 274, 358, 162, 176, 201, 229, 24, 284, 293, 399, 240, 473, 226, 330, 54, 502, 61, 15, 290, 388, 411, 455, 510, 143, 494, 431, 188, 261, 187, 338, 150, 495, 377, 499, 365, 470, 19, 83, 278, 403, 10, 268, 429, 98, 461, 205, 110, 233, 209, 374, 114, 334, 86, 477, 76, 344, 428, 208, 66, 504, 42, 484, 67, 266, 410, 333, 497, 479, 27, 486, 189, 144, 382, 197, 438, 112, 224, 244, 324, 327, 434, 385, 243, 250, 295, 202, 426, 199, 424, 130, 298, 123, 235, 170, 38, 445, 352, 20, 349, 375, 498, 100, 302, 265, 306, 401, 58, 460, 471, 45, 465, 292, 416, 227, 137, 448, 141, 1, 60, 127, 430, 4, 152, 29, 454, 230, 7, 413, 12, 69, 41, 140, 35, 43, 366, 153, 248, 50, 34, 412, 191, 55, 242, 319, 311, 124, 380, 286, 225, 376, 259, 364, 340, 336, 96, 474, 97, 299]","[1, 4, 7, 9, 15, 24, 25, 34, 35, 36, 38, 42, 44, 58, 61, 66, 67, 74, 76, 83, 97, 104, 106, 110, 112, 115, 117, 123, 124, 126, 127, 133, 140, 141, 144, 146, 149, 150, 154, 166, 176, 181, 187, 188, 189, 194, 195, 197, 199, 202, 205, 206, 217, 226, 229, 232, 235, 238, 240, 246, 250, 251, 259, 262, 263, 265, 266, 272, 273, 276, 278, 283, 286, 288, 293, 295, 300, 302, 306, 308, 311, 324, 333, 334, 338, 340, 341, 344, 348, 349, 352, 357, 363, 364, 365, 366, 367, 369, 374, 376, 380, 383, 390, 391, 395, 396, 399, 400, 401, 402, 411, 420, 424, 426, 430, 438, 439, 446, 448, 455, 460, 461, 465, 473, 474, 475, 477, 478, 479, 485, 492, 493, 495, 497, 499, 501, 504, 508, 509, 510]"
3,"[93, 131, 309, 136, 332, 108, 96, 134, 80, 510, 431, 341, 148, 218, 418, 325, 219, 472, 22, 278, 170, 263, 371, 462, 420, 380, 11, 185, 305, 196, 79, 173, 216, 324, 104, 30, 97, 29, 311, 435, 243, 464, 303, 379, 315, 42, 74, 161, 313, 128, 269, 62, 229, 198, 55, 67, 439, 387, 124, 491, 508, 230, 78, 39, 335, 71, 328, 443, 486, 98, 445, 259, 3, 399, 188, 142, 385, 504, 465, 402, 121, 503, 61, 409, 8, 159, 35, 339, 271, 195, 506, 31, 194, 301, 438, 155, 307, 45, 103, 319, 10, 113, 117, 238, 463, 405, 204, 253, 65, 448, 72, 51, 330, 116, 241, 509, 432, 292, 440, 361, 388, 331, 483, 33, 28, 47, 492, 257, 297, 40, 37, 350, 390, 174, 7, 58, 289, 343, 112, 27, 254, 304, 283, 454, 132, 168, 176, 190, 398, 57, 449, 375, 150, 114, 247, 451, 475, 363, 213, 484, 141, 424, 75, 415, 70, 166, 323, 118, 400, 461, 433, 158, 178, 91, 145, 137, 367, 444, 139, 396, 17, 12, 232, 489, 73, 212, 358, 467, 452, 496, 171, 143, 393, 245, 294, 187, 458, 494, 281, 473, 233, 267, 100, 32, 497, 351, 417, 186, 381, 162, 327, 54, 217, 479, 25, 164, 466, 265, 295, 282, 378, 214, 115, 101, 423, 43, 403, 199, 441, 368, 391, 19, 474, 261, 481, 362, 123, 133, 172, 302, 317, 392, 314, 192, 429, 427, 140, 348, 208, 372, 413, 459, 1, 165, 306, 334]","[256, 359, 312, 331, 121, 280, 303, 20, 70, 170, 174, 385, 9, 483, 317, 330, 393, 318, 377, 214, 85, 365, 206, 325, 186, 147, 0, 260, 16, 493, 209, 243, 108, 326, 296, 268, 145, 197, 116, 54, 336, 308, 444, 488, 105, 3, 240, 138, 229, 387, 412, 469, 15, 409, 420, 143, 139, 266, 107, 261, 18, 257, 26, 508, 23, 295, 48, 168, 148, 422, 451, 489, 371, 241, 476, 120, 363, 307, 29, 442, 378, 252, 490, 33, 11, 178, 506, 332, 262, 424, 74, 129, 226, 222, 60, 153, 439, 41, 135, 372, 263, 417, 431, 231, 216, 349, 179, 211, 164, 310, 50, 82, 427, 22, 328, 418, 479, 80, 152, 126, 320, 437, 111, 297, 428, 467, 276, 358, 474, 171, 236, 167, 380, 6, 435, 56, 92, 87, 249, 72, 389, 287, 151, 400, 460, 81, 235, 337, 279, 30, 278, 177, 288, 157, 448, 430, 396, 93, 188, 113, 5, 274, 208, 146, 42, 369, 495, 395, 102, 505, 480, 123, 7, 39, 255, 200, 228, 456, 373, 258, 71, 245, 327, 354, 462, 14, 299, 172, 491, 185, 485, 227, 304, 316, 265, 187, 429, 31, 79, 267, 127, 110, 131, 350, 446, 323, 407, 189, 438, 162, 259, 141, 94, 158, 234, 97, 239, 414, 314, 144, 180, 181, 321, 511, 408, 375, 84, 2, 169, 309, 357, 191, 215, 219, 478, 27, 38, 212, 463, 298, 419, 160, 346, 347, 277, 61, 413, 473, 244, 65, 246, 250, 440, 106, 410, 1]","[1, 3, 7, 11, 22, 27, 29, 30, 31, 33, 39, 42, 54, 61, 65, 70, 71, 72, 74, 79, 80, 93, 97, 108, 113, 116, 121, 123, 131, 139, 141, 143, 145, 148, 158, 162, 164, 168, 170, 171, 172, 174, 178, 185, 186, 187, 188, 208, 212, 214, 216, 219, 229, 241, 243, 245, 257, 259, 261, 263, 265, 267, 278, 295, 297, 303, 304, 307, 309, 314, 317, 323, 325, 327, 328, 330, 331, 332, 350, 358, 363, 371, 372, 375, 378, 380, 385, 387, 393, 396, 400, 409, 413, 417, 418, 420, 424, 427, 429, 431, 435, 438, 439, 440, 444, 448, 451, 462, 463, 467, 473, 474, 479, 483, 489, 491, 506, 508]"
4,"[425, 64, 397, 120, 355, 65, 272, 77, 475, 137, 119, 414, 208, 209, 40, 473, 389, 409, 213, 450, 254, 378, 225, 262, 39, 80, 5, 396, 411, 55, 372, 264, 501, 431, 467, 139, 228, 130, 66, 234, 357, 78, 317, 508, 41, 436, 394, 263, 201, 189, 98, 445, 167, 114, 499, 57, 35, 20, 236, 158, 373, 159, 260, 25, 75, 45, 42, 487, 255, 138, 379, 310, 398, 76, 149, 479, 462, 90, 465, 363, 125, 318, 168, 433, 62, 476, 309, 202, 183, 509, 141, 46, 464, 482, 70, 380, 95, 103, 215, 301, 51, 240, 390, 121, 311, 169, 384, 369, 170, 71, 127, 184, 224, 219, 3, 61, 198, 97, 211, 269, 212, 370, 143, 474, 456, 334, 47, 391, 56, 282, 249, 164, 134, 18, 374, 123, 484, 348, 511, 488, 469, 332, 314, 486, 480, 368, 197, 113, 328, 210, 34, 302, 102, 304, 116, 157, 341, 115, 305, 29, 489, 203, 232, 165, 268, 279, 60, 107, 293, 351, 291, 105, 237, 498, 376, 407, 221, 298, 218, 243, 419, 259, 101, 72, 360, 405, 344, 10, 354, 478, 429, 435, 27, 289, 261, 307, 437, 222, 292, 358, 494, 441, 453, 485, 190, 11, 347, 504, 30, 428, 133, 214, 117, 67, 276, 194, 364, 37, 174, 449, 300, 126, 136, 402, 352, 23, 423, 460, 491, 510, 91, 458, 38, 31, 492, 471, 448, 246, 438, 156, 185, 337, 73, 329, 82, 244, 382, 277, 217, 13, 331, 166, 145, 58, 9, 420]","[218, 92, 389, 240, 422, 382, 230, 207, 498, 254, 334, 159, 223, 287, 489, 308, 318, 181, 140, 222, 8, 433, 125, 420, 204, 126, 345, 136, 421, 456, 457, 292, 375, 487, 400, 428, 57, 327, 414, 237, 437, 260, 210, 150, 19, 112, 86, 319, 434, 417, 85, 452, 432, 161, 48, 9, 217, 269, 435, 235, 410, 193, 208, 424, 166, 3, 393, 396, 473, 475, 440, 484, 460, 221, 353, 500, 474, 347, 27, 7, 355, 367, 362, 105, 358, 397, 228, 16, 412, 151, 270, 135, 183, 332, 196, 402, 21, 117, 297, 68, 111, 374, 170, 65, 302, 32, 198, 268, 483, 33, 71, 190, 40, 10, 28, 35, 509, 59, 61, 495, 259, 445, 174, 56, 511, 72, 444, 407, 0, 93, 282, 172, 330, 238, 320, 55, 395, 482, 295, 90, 403, 227, 169, 17, 425, 273, 369, 357, 486, 202, 413, 220, 142, 283, 62, 52, 326, 94, 383, 160, 289, 339, 131, 155, 146, 255, 298, 152, 245, 203, 348, 115, 213, 123, 380, 118, 119, 504, 401, 96, 388, 418, 409, 506, 79, 108, 458, 187, 253, 303, 419, 507, 465, 284, 310, 219, 499, 149, 121, 494, 97, 128, 122, 141, 294, 127, 301, 5, 274, 191, 311, 266, 286, 148, 405, 381, 394, 18, 300, 344, 34, 463, 398, 134, 76, 12, 216, 226, 60, 448, 185, 291, 373, 167, 368, 168, 20, 130, 186, 138, 271, 392, 338, 391, 234, 257, 478, 447, 78, 147, 466, 64, 304, 439, 229, 379]","[3, 5, 9, 10, 18, 20, 27, 34, 35, 40, 55, 56, 57, 60, 61, 62, 64, 65, 71, 72, 76, 78, 90, 97, 105, 115, 117, 119, 121, 123, 125, 126, 127, 130, 134, 136, 138, 141, 149, 159, 166, 167, 168, 169, 170, 174, 183, 185, 190, 198, 202, 203, 208, 210, 213, 217, 218, 219, 221, 222, 228, 234, 237, 240, 254, 255, 259, 260, 268, 269, 282, 289, 291, 292, 298, 300, 301, 302, 304, 310, 311, 318, 332, 334, 344, 347, 348, 355, 357, 358, 368, 369, 373, 374, 379, 380, 382, 389, 391, 394, 396, 397, 398, 402, 405, 407, 409, 414, 419, 420, 425, 428, 433, 435, 437, 445, 448, 456, 458, 460, 465, 473, 474, 475, 478, 482, 484, 486, 487, 489, 494, 498, 499, 504, 509, 511]"
5,"[206, 353, 312, 238, 59, 172, 53, 163, 372, 75, 376, 480, 169, 380, 286, 60, 3, 355, 82, 137, 445, 421, 154, 443, 202, 67, 358, 130, 245, 119, 499, 83, 306, 205, 58, 482, 391, 151, 468, 252, 455, 96, 439, 157, 31, 199, 350, 244, 241, 190, 116, 34, 122, 279, 378, 22, 188, 33, 400, 240, 426, 138, 213, 38, 491, 5, 367, 118, 420, 452, 155, 156, 334, 35, 302, 413, 500, 461, 184, 93, 509, 158, 91, 27, 176, 271, 427, 431, 477, 308, 48, 221, 444, 211, 100, 1, 227, 485, 231, 124, 146, 62, 76, 266, 437, 185, 371, 351, 342, 236, 17, 81, 106, 261, 54, 503, 507, 226, 341, 464, 497, 406, 422, 208, 173, 15, 434, 80, 195, 327, 84, 466, 268, 107, 19, 147, 86, 281, 191, 85, 101, 55, 303, 348, 214, 415, 377, 457, 354, 459, 153, 114, 246, 395, 250, 449, 454, 44, 13, 333, 446, 489, 25, 105, 288, 73, 167, 255, 123, 168, 152, 8, 295, 145, 325, 360, 375, 74, 0, 298, 396, 223, 280, 273, 164, 20, 179, 330, 222, 368, 14, 11, 336, 142, 423, 401, 374, 324, 291, 230, 394, 486, 254, 99, 239, 24, 345, 389, 79, 495, 282, 77, 248, 338, 381, 448, 293, 453, 72, 274, 162, 319, 233, 265, 194, 269, 387, 390, 23, 89, 481, 428, 7, 209, 473, 47, 260, 496, 414, 88, 289, 30, 235, 470, 364, 357, 127, 71, 472, 97, 447, 186, 249, 417, 475, 315]","[464, 85, 52, 355, 138, 463, 32, 205, 425, 70, 276, 364, 206, 202, 315, 216, 316, 257, 432, 74, 26, 310, 288, 279, 446, 332, 181, 101, 372, 351, 249, 176, 384, 76, 165, 423, 125, 478, 8, 187, 248, 45, 80, 362, 510, 272, 476, 282, 13, 241, 509, 353, 482, 115, 345, 235, 211, 104, 190, 291, 180, 60, 213, 426, 171, 1, 170, 275, 197, 255, 83, 347, 183, 0, 427, 108, 331, 226, 145, 453, 136, 328, 358, 208, 410, 284, 504, 31, 103, 396, 191, 298, 79, 341, 452, 407, 413, 461, 219, 382, 278, 265, 155, 261, 225, 189, 285, 92, 467, 465, 268, 293, 164, 342, 322, 502, 5, 454, 233, 3, 495, 300, 173, 73, 344, 238, 303, 488, 455, 50, 468, 175, 237, 184, 51, 105, 68, 318, 420, 442, 439, 239, 360, 493, 41, 338, 470, 329, 289, 270, 481, 368, 296, 356, 93, 501, 277, 475, 378, 18, 346, 169, 236, 222, 59, 448, 433, 447, 348, 43, 499, 198, 81, 91, 459, 154, 168, 376, 129, 449, 221, 22, 143, 134, 117, 445, 160, 127, 54, 61, 86, 223, 443, 49, 324, 87, 462, 497, 327, 469, 69, 399, 99, 48, 350, 77, 387, 253, 53, 269, 246, 140, 28, 30, 98, 371, 503, 383, 274, 142, 472, 230, 110, 47, 245, 340, 506, 40, 166, 174, 430, 375, 203, 474, 363, 126, 373, 388, 267, 7, 367, 486, 419, 218, 124, 394, 326, 6, 157, 250, 286, 146, 484, 151, 141, 333]","[0, 1, 3, 5, 7, 8, 13, 22, 30, 31, 47, 48, 53, 54, 59, 60, 73, 74, 76, 77, 79, 80, 81, 83, 85, 86, 91, 93, 99, 101, 105, 124, 127, 138, 142, 145, 146, 151, 154, 155, 157, 164, 168, 169, 173, 176, 184, 190, 191, 202, 205, 206, 208, 211, 213, 221, 222, 223, 226, 230, 233, 235, 236, 238, 239, 241, 245, 246, 248, 249, 250, 255, 261, 265, 268, 269, 274, 279, 282, 286, 288, 289, 291, 293, 298, 303, 315, 324, 327, 333, 338, 341, 342, 345, 348, 350, 351, 353, 355, 358, 360, 364, 367, 368, 371, 372, 375, 376, 378, 387, 394, 396, 413, 420, 423, 426, 427, 439, 443, 445, 446, 447, 448, 449, 452, 453, 454, 455, 459, 461, 464, 468, 470, 472, 475, 481, 482, 486, 495, 497, 499, 503, 509]"
6,"[372, 106, 167, 277, 386, 340, 140, 34, 65, 179, 374, 348, 496, 433, 273, 482, 409, 237, 428, 371, 457, 263, 15, 282, 463, 356, 10, 148, 343, 161, 421, 134, 223, 366, 146, 144, 182, 350, 407, 265, 312, 451, 136, 246, 302, 280, 79, 94, 60, 305, 338, 248, 324, 66, 466, 168, 160, 402, 432, 64, 494, 41, 245, 297, 228, 219, 50, 240, 503, 172, 32, 185, 358, 71, 68, 281, 188, 473, 231, 360, 327, 319, 211, 78, 5, 341, 349, 28, 229, 300, 224, 123, 492, 389, 157, 216, 200, 499, 70, 127, 474, 455, 178, 362, 462, 116, 411, 317, 381, 104, 220, 47, 388, 23, 500, 328, 397, 16, 42, 103, 201, 49, 382, 242, 56, 364, 26, 192, 268, 299, 259, 461, 437, 212, 459, 24, 416, 442, 197, 93, 453, 316, 315, 44, 318, 19, 215, 295, 75, 85, 169, 289, 508, 164, 25, 480, 221, 486, 236, 152, 294, 142, 98, 96, 67, 88, 346, 22, 504, 135, 344, 189, 296, 292, 113, 258, 69, 303, 394, 493, 1, 425, 355, 20, 45, 158, 256, 392, 489, 48, 511, 472, 278, 124, 379, 86, 29, 55, 468, 232, 208, 483, 186, 415, 214, 412, 330, 399, 502, 177, 507, 306, 187, 365, 21, 345, 309, 191, 119, 139, 54, 497, 210, 6, 313, 460, 95, 92, 196, 90, 276, 156, 404, 391, 419, 369, 162, 51, 310, 35, 133, 361, 351, 74, 3, 427, 102, 255, 0, 298, 181, 339, 121, 444, 154, 506]","[378, 298, 281, 302, 386, 16, 299, 326, 325, 465, 47, 251, 405, 436, 337, 372, 58, 507, 184, 115, 30, 216, 349, 335, 225, 330, 142, 373, 21, 148, 287, 192, 65, 428, 277, 304, 260, 485, 501, 319, 160, 442, 426, 11, 224, 13, 186, 429, 57, 128, 103, 445, 48, 257, 494, 86, 290, 482, 253, 470, 255, 227, 75, 207, 122, 407, 420, 338, 226, 350, 244, 339, 236, 152, 261, 158, 394, 357, 468, 60, 495, 275, 401, 197, 7, 123, 52, 237, 243, 278, 44, 364, 508, 176, 111, 63, 117, 200, 462, 102, 74, 125, 317, 399, 68, 380, 369, 419, 54, 99, 292, 31, 185, 311, 81, 282, 446, 33, 490, 345, 395, 129, 195, 27, 50, 496, 219, 46, 234, 433, 87, 235, 410, 150, 437, 279, 239, 210, 112, 9, 71, 351, 205, 459, 245, 346, 356, 293, 397, 415, 377, 453, 170, 144, 363, 322, 355, 26, 193, 262, 481, 166, 214, 368, 388, 352, 502, 138, 286, 34, 498, 331, 246, 147, 333, 222, 439, 77, 504, 376, 188, 121, 114, 199, 418, 469, 414, 45, 229, 455, 2, 473, 171, 164, 301, 154, 273, 39, 159, 406, 435, 370, 212, 10, 385, 422, 310, 427, 343, 334, 190, 175, 412, 89, 411, 61, 141, 238, 62, 104, 452, 78, 440, 486, 347, 393, 64, 341, 480, 41, 361, 91, 36, 425, 28, 215, 424, 217, 444, 106, 8, 242, 423, 213, 276, 457, 107, 181, 232, 272, 161, 384, 93, 95, 271, 233]","[10, 16, 21, 26, 28, 34, 41, 44, 45, 47, 48, 50, 54, 60, 64, 65, 68, 71, 74, 75, 78, 86, 93, 95, 102, 103, 104, 106, 121, 123, 142, 144, 148, 152, 154, 158, 160, 161, 164, 181, 185, 186, 188, 192, 197, 200, 210, 212, 214, 215, 216, 219, 224, 229, 232, 236, 237, 242, 245, 246, 255, 273, 276, 277, 278, 281, 282, 292, 298, 299, 302, 310, 317, 319, 330, 338, 339, 341, 343, 345, 346, 349, 350, 351, 355, 356, 361, 364, 369, 372, 386, 388, 394, 397, 399, 407, 411, 412, 415, 419, 425, 427, 428, 433, 437, 442, 444, 453, 455, 457, 459, 462, 468, 473, 480, 482, 486, 494, 496, 502, 504, 507, 508]"
7,"[43, 115, 325, 281, 21, 1, 25, 190, 442, 470, 469, 13, 94, 44, 352, 467, 506, 98, 377, 167, 461, 408, 386, 306, 369, 420, 235, 273, 491, 465, 30, 45, 350, 367, 88, 187, 266, 382, 236, 335, 208, 227, 276, 272, 54, 405, 278, 448, 2, 126, 7, 222, 439, 487, 399, 314, 175, 490, 153, 309, 39, 365, 182, 250, 298, 73, 504, 243, 135, 330, 162, 376, 47, 17, 270, 154, 145, 103, 293, 485, 360, 331, 431, 319, 312, 19, 124, 499, 35, 216, 191, 268, 262, 151, 106, 395, 430, 501, 423, 240, 502, 441, 297, 345, 146, 473, 290, 32, 480, 248, 336, 381, 397, 275, 373, 274, 156, 129, 155, 383, 464, 498, 443, 131, 313, 112, 152, 338, 161, 294, 396, 118, 203, 400, 128, 304, 68, 434, 407, 67, 40, 264, 76, 113, 9, 326, 307, 22, 455, 496, 296, 287, 493, 96, 316, 462, 27, 74, 176, 228, 246, 205, 212, 184, 223, 303, 72, 12, 200, 210, 492, 0, 322, 50, 286, 340, 11, 280, 217, 220, 362, 323, 85, 478, 433, 189, 341, 101, 95, 82, 75, 333, 183, 69, 414, 120, 87, 49, 384, 378, 143, 351, 426, 121, 185, 357, 78, 416, 125, 53, 471, 219, 48, 412, 342, 479, 163, 263, 65, 18, 257, 77, 457, 81, 285, 445, 237, 459, 179, 324, 295, 284, 374, 440, 363, 10, 159, 444, 195, 424, 114, 168, 269, 198, 116, 225, 468, 402, 33, 437, 24, 404, 510, 193, 102, 301]","[109, 85, 83, 313, 2, 106, 383, 96, 67, 68, 55, 405, 127, 417, 7, 220, 503, 5, 329, 236, 152, 382, 176, 359, 342, 89, 489, 257, 426, 479, 480, 211, 228, 17, 198, 326, 189, 414, 122, 501, 453, 258, 436, 437, 367, 0, 256, 392, 112, 321, 187, 118, 227, 376, 38, 400, 133, 166, 1, 86, 294, 421, 252, 273, 347, 380, 214, 494, 79, 361, 95, 477, 117, 310, 353, 208, 468, 508, 8, 343, 65, 287, 370, 296, 225, 230, 216, 6, 71, 213, 427, 251, 250, 129, 442, 386, 362, 271, 223, 467, 175, 291, 154, 292, 354, 331, 486, 75, 462, 298, 438, 323, 510, 235, 36, 167, 102, 168, 466, 330, 483, 103, 158, 99, 288, 181, 209, 488, 121, 482, 243, 61, 425, 334, 348, 185, 72, 461, 507, 345, 33, 165, 439, 26, 233, 379, 10, 44, 204, 443, 123, 141, 241, 463, 324, 69, 9, 155, 194, 325, 28, 23, 440, 159, 124, 219, 447, 201, 350, 40, 471, 80, 3, 57, 90, 322, 431, 205, 172, 74, 498, 366, 264, 30, 265, 202, 111, 320, 332, 422, 46, 311, 484, 352, 450, 200, 94, 247, 314, 306, 43, 369, 451, 395, 11, 221, 481, 328, 430, 371, 60, 339, 303, 51, 279, 268, 346, 142, 278, 151, 54, 116, 319, 128, 104, 101, 282, 452, 276, 394, 244, 490, 495, 274, 502, 433, 78, 393, 445, 269, 135, 317, 496, 226, 138, 316, 419, 120, 504, 356, 455, 499, 255, 409, 355, 132]","[0, 1, 2, 7, 9, 10, 11, 17, 30, 33, 40, 43, 44, 54, 65, 67, 68, 69, 72, 74, 75, 78, 85, 94, 95, 96, 101, 102, 103, 106, 112, 116, 118, 120, 121, 124, 128, 129, 135, 151, 152, 154, 155, 159, 167, 168, 175, 176, 185, 187, 189, 198, 200, 205, 208, 216, 219, 220, 223, 225, 227, 228, 235, 236, 243, 250, 257, 264, 268, 269, 273, 274, 276, 278, 287, 294, 296, 298, 303, 306, 313, 314, 316, 319, 322, 323, 324, 325, 326, 330, 331, 342, 345, 350, 352, 362, 367, 369, 376, 382, 383, 386, 395, 400, 405, 414, 426, 430, 431, 433, 437, 439, 440, 442, 443, 445, 455, 461, 462, 467, 468, 471, 479, 480, 490, 496, 498, 499, 501, 502, 504, 510]"
8,"[190, 494, 276, 58, 239, 52, 49, 409, 424, 87, 292, 186, 146, 277, 437, 141, 422, 503, 34, 36, 495, 506, 221, 443, 374, 230, 459, 78, 165, 487, 368, 259, 215, 278, 110, 412, 499, 470, 154, 263, 208, 219, 158, 157, 430, 65, 475, 290, 109, 254, 114, 205, 410, 284, 256, 508, 161, 131, 72, 68, 312, 125, 423, 3, 468, 193, 101, 209, 30, 362, 118, 265, 329, 304, 376, 351, 480, 28, 460, 245, 88, 251, 207, 467, 481, 231, 129, 189, 235, 307, 214, 46, 56, 73, 59, 393, 42, 130, 145, 445, 107, 274, 342, 349, 289, 67, 282, 32, 451, 156, 100, 40, 134, 91, 237, 132, 335, 482, 41, 392, 140, 54, 279, 188, 280, 233, 271, 488, 381, 71, 402, 291, 345, 334, 320, 373, 246, 63, 457, 95, 55, 92, 113, 61, 0, 103, 53, 367, 211, 144, 501, 301, 160, 417, 352, 220, 12, 461, 258, 170, 196, 5, 510, 337, 489, 135, 7, 183, 281, 490, 415, 294, 370, 486, 142, 104, 79, 354, 390, 213, 166, 194, 411, 511, 57, 267, 250, 18, 448, 492, 120, 47, 69, 60, 484, 33, 441, 341, 257, 225, 340, 414, 242, 229, 137, 51, 184, 21, 268, 308, 2, 416, 45, 108, 243, 299, 357, 455, 478, 400, 64, 223, 286, 385, 469, 315, 473, 336, 450, 338, 372, 1, 408, 25, 399, 252, 325, 128, 476, 331, 15, 99, 86, 197, 387, 364, 344, 300, 328, 356, 303, 346, 359, 500, 244, 343]","[140, 69, 410, 243, 83, 427, 118, 366, 276, 27, 302, 472, 214, 150, 317, 98, 159, 90, 224, 389, 93, 340, 402, 232, 197, 100, 502, 33, 169, 15, 132, 201, 308, 384, 3, 463, 288, 396, 174, 190, 26, 61, 12, 426, 78, 418, 110, 70, 374, 468, 261, 312, 40, 103, 34, 301, 18, 453, 45, 10, 206, 346, 204, 52, 163, 371, 19, 393, 345, 191, 179, 335, 489, 281, 123, 333, 372, 506, 220, 390, 1, 435, 248, 341, 511, 404, 399, 509, 503, 208, 424, 2, 447, 212, 43, 131, 46, 64, 30, 207, 355, 278, 134, 250, 324, 373, 452, 35, 482, 416, 475, 11, 231, 265, 498, 31, 401, 180, 310, 351, 311, 497, 364, 299, 466, 116, 56, 438, 111, 460, 104, 21, 448, 464, 483, 117, 6, 264, 353, 68, 437, 210, 282, 84, 49, 17, 476, 286, 320, 66, 500, 28, 485, 184, 321, 156, 230, 415, 149, 382, 508, 36, 153, 37, 198, 166, 344, 258, 295, 459, 99, 9, 229, 305, 133, 395, 63, 48, 349, 381, 430, 412, 200, 342, 130, 256, 4, 267, 228, 444, 89, 160, 332, 275, 127, 262, 95, 432, 461, 495, 218, 92, 423, 188, 496, 71, 360, 171, 413, 211, 165, 108, 91, 292, 50, 172, 450, 263, 226, 225, 189, 441, 96, 128, 5, 102, 314, 387, 193, 209, 67, 356, 280, 494, 47, 41, 315, 254, 370, 65, 142, 154, 285, 327, 13, 88, 155, 257, 490, 164, 298, 152, 22, 241, 507, 195]","[1, 2, 3, 5, 12, 15, 18, 21, 28, 30, 33, 34, 36, 40, 41, 45, 46, 47, 49, 52, 56, 61, 63, 64, 65, 67, 68, 69, 71, 78, 88, 91, 92, 95, 99, 100, 103, 104, 108, 110, 118, 128, 130, 131, 132, 134, 140, 142, 154, 156, 160, 165, 166, 184, 188, 189, 190, 193, 197, 207, 208, 209, 211, 214, 220, 225, 229, 230, 231, 243, 250, 254, 256, 257, 258, 263, 265, 267, 276, 278, 280, 281, 282, 286, 292, 299, 301, 308, 312, 315, 320, 335, 340, 341, 342, 344, 345, 346, 349, 351, 356, 364, 370, 372, 373, 374, 381, 387, 390, 393, 399, 402, 410, 412, 415, 416, 423, 424, 430, 437, 441, 448, 450, 459, 460, 461, 468, 475, 476, 482, 489, 490, 494, 495, 500, 503, 506, 508, 511]"
9,"[57, 209, 103, 422, 172, 115, 428, 174, 34, 65, 476, 368, 265, 349, 492, 272, 377, 482, 101, 267, 325, 17, 55, 361, 221, 19, 268, 350, 39, 86, 271, 240, 416, 316, 296, 318, 489, 475, 262, 281, 388, 76, 278, 506, 352, 433, 206, 253, 460, 88, 279, 435, 47, 294, 324, 473, 185, 415, 179, 405, 396, 187, 319, 311, 442, 138, 122, 226, 387, 151, 33, 113, 210, 369, 257, 339, 280, 466, 478, 441, 54, 282, 90, 205, 60, 208, 285, 343, 284, 429, 132, 157, 92, 458, 171, 189, 302, 228, 184, 255, 64, 40, 219, 427, 251, 420, 236, 67, 446, 53, 5, 1, 409, 417, 309, 230, 69, 511, 180, 68, 290, 397, 173, 11, 52, 501, 261, 166, 73, 218, 277, 177, 234, 246, 386, 155, 445, 308, 406, 94, 509, 393, 292, 175, 190, 214, 237, 153, 454, 332, 464, 423, 320, 479, 481, 367, 431, 380, 124, 307, 439, 182, 203, 312, 419, 83, 249, 341, 362, 178, 99, 14, 16, 496, 384, 43, 300, 451, 371, 304, 244, 44, 46, 150, 287, 3, 238, 195, 305, 254, 183, 344, 331, 472, 149, 100, 63, 321, 114, 232, 323, 188, 399, 264, 468, 336, 488, 495, 348, 392, 48, 490, 358, 105, 27, 202, 334, 436, 335, 181, 6, 487, 127, 201, 390, 224, 32, 338, 266, 0, 146, 248, 408, 497, 28, 169, 231, 462, 35, 2, 106, 259, 421, 247, 342, 192, 273, 200, 176, 400, 80, 20, 49, 463, 144, 207]","[92, 358, 254, 14, 171, 506, 135, 197, 148, 108, 11, 101, 421, 93, 0, 178, 61, 483, 146, 308, 81, 489, 140, 176, 415, 388, 425, 120, 258, 462, 110, 381, 188, 54, 229, 459, 313, 237, 375, 431, 379, 48, 333, 62, 88, 239, 186, 103, 224, 340, 368, 291, 72, 22, 21, 252, 503, 126, 153, 192, 260, 281, 207, 331, 240, 243, 408, 12, 168, 315, 175, 343, 264, 191, 278, 399, 18, 166, 438, 295, 213, 142, 371, 472, 34, 452, 443, 504, 461, 29, 205, 76, 299, 391, 112, 212, 161, 7, 434, 182, 68, 190, 73, 49, 37, 193, 369, 303, 227, 200, 317, 389, 505, 151, 216, 106, 97, 94, 233, 162, 348, 351, 470, 198, 170, 1, 136, 164, 336, 127, 111, 456, 277, 466, 180, 15, 400, 109, 463, 401, 403, 405, 116, 422, 454, 445, 366, 174, 374, 318, 10, 77, 420, 417, 159, 492, 222, 266, 411, 45, 105, 58, 494, 324, 241, 95, 447, 145, 215, 493, 201, 167, 209, 202, 356, 426, 147, 481, 36, 57, 183, 471, 65, 404, 210, 16, 288, 433, 113, 298, 294, 428, 263, 384, 487, 409, 184, 230, 397, 187, 378, 194, 217, 296, 50, 319, 269, 52, 130, 115, 26, 24, 432, 56, 118, 419, 261, 396, 17, 87, 84, 179, 89, 350, 137, 444, 451, 310, 393, 59, 2, 23, 436, 25, 292, 283, 439, 3, 47, 253, 460, 482, 31, 181, 231, 28, 44, 90, 293, 325, 172, 416, 347, 484, 6, 326]","[0, 1, 2, 3, 6, 11, 14, 16, 17, 28, 34, 44, 47, 48, 49, 52, 54, 57, 65, 68, 73, 76, 88, 90, 92, 94, 101, 103, 105, 106, 113, 115, 127, 146, 151, 153, 166, 171, 172, 174, 175, 176, 178, 179, 180, 181, 182, 183, 184, 187, 188, 190, 192, 200, 201, 202, 205, 207, 209, 210, 224, 230, 231, 237, 240, 253, 254, 261, 264, 266, 277, 278, 281, 292, 294, 296, 308, 318, 319, 324, 325, 331, 336, 343, 348, 350, 358, 368, 369, 371, 384, 388, 393, 396, 397, 399, 400, 405, 408, 409, 415, 416, 417, 419, 420, 421, 422, 428, 431, 433, 436, 439, 445, 451, 454, 460, 462, 463, 466, 472, 481, 482, 487, 489, 492, 506]"
10,"[80, 234, 131, 322, 224, 164, 205, 188, 223, 32, 163, 375, 185, 272, 475, 362, 39, 34, 166, 390, 5, 24, 273, 376, 334, 485, 308, 244, 8, 466, 421, 399, 365, 250, 368, 214, 22, 498, 463, 355, 264, 118, 114, 491, 249, 13, 61, 56, 350, 78, 100, 35, 411, 71, 348, 269, 437, 165, 486, 3, 459, 68, 58, 59, 508, 254, 221, 394, 82, 438, 99, 328, 456, 313, 72, 40, 344, 159, 179, 439, 91, 115, 256, 352, 213, 126, 174, 95, 389, 63, 447, 415, 282, 372, 502, 408, 285, 361, 444, 144, 36, 360, 218, 482, 192, 41, 26, 46, 152, 51, 173, 209, 299, 6, 433, 495, 98, 507, 358, 14, 283, 226, 312, 424, 1, 341, 321, 449, 303, 458, 29, 451, 383, 420, 330, 317, 168, 64, 300, 306, 17, 377, 198, 425, 280, 370, 470, 388, 86, 151, 276, 212, 89, 108, 291, 483, 422, 356, 430, 382, 243, 153, 340, 145, 228, 120, 48, 10, 90, 155, 187, 268, 208, 238, 37, 253, 506, 288, 203, 398, 271, 162, 79, 467, 441, 83, 481, 146, 323, 154, 305, 45, 190, 371, 499, 116, 127, 480, 94, 20, 175, 473, 275, 259, 18, 345, 476, 488, 74, 233, 242, 140, 252, 302, 158, 281, 189, 393, 67, 468, 260, 409, 81, 381, 194, 295, 471, 27, 386, 445, 129, 298, 196, 342, 435, 42, 290, 263, 96, 75, 143, 419, 294, 134, 333, 239, 245, 270, 171, 181, 384, 0, 148, 395, 503, 200]","[55, 381, 182, 355, 307, 437, 505, 169, 74, 311, 199, 459, 153, 433, 429, 286, 350, 2, 39, 38, 207, 380, 212, 122, 225, 503, 208, 427, 0, 302, 367, 362, 19, 78, 306, 340, 63, 477, 116, 31, 58, 112, 15, 379, 334, 484, 386, 168, 7, 99, 483, 315, 321, 232, 428, 111, 417, 12, 420, 70, 236, 126, 4, 291, 42, 405, 184, 500, 335, 337, 268, 259, 264, 392, 364, 413, 472, 369, 131, 250, 255, 425, 193, 398, 231, 338, 419, 77, 365, 10, 243, 155, 6, 410, 313, 439, 485, 309, 452, 376, 344, 327, 336, 292, 123, 67, 341, 94, 305, 436, 377, 34, 66, 282, 170, 120, 113, 189, 285, 57, 72, 33, 314, 213, 395, 298, 333, 371, 374, 454, 265, 227, 50, 84, 329, 266, 349, 234, 506, 487, 312, 397, 382, 233, 108, 426, 434, 51, 211, 446, 488, 204, 92, 486, 509, 424, 49, 411, 393, 460, 242, 331, 20, 222, 366, 164, 106, 269, 167, 88, 87, 194, 453, 83, 401, 137, 368, 385, 95, 119, 511, 90, 221, 343, 28, 449, 47, 216, 493, 156, 290, 316, 476, 409, 339, 128, 403, 299, 223, 252, 142, 281, 301, 24, 279, 22, 444, 9, 97, 390, 129, 384, 438, 183, 284, 59, 441, 443, 190, 54, 469, 230, 470, 412, 457, 353, 332, 283, 300, 502, 152, 498, 138, 267, 492, 466, 295, 5, 41, 423, 218, 325, 239, 352, 391, 185, 359, 346, 115, 510, 328, 85, 358, 159, 262, 228]","[0, 5, 6, 10, 20, 22, 24, 34, 39, 41, 42, 51, 58, 59, 63, 67, 72, 74, 78, 83, 90, 94, 95, 99, 108, 115, 116, 120, 126, 129, 131, 152, 153, 155, 159, 164, 168, 185, 189, 190, 194, 208, 212, 213, 218, 221, 223, 228, 233, 234, 239, 242, 243, 250, 252, 259, 264, 268, 269, 281, 282, 283, 285, 290, 291, 295, 298, 299, 300, 302, 305, 306, 312, 313, 321, 328, 333, 334, 340, 341, 344, 350, 352, 355, 358, 362, 365, 368, 371, 376, 377, 381, 382, 384, 386, 390, 393, 395, 398, 409, 411, 419, 420, 424, 425, 433, 437, 438, 439, 441, 444, 449, 459, 466, 470, 476, 483, 485, 486, 488, 498, 502, 503, 506]"
11,"[329, 143, 496, 129, 224, 440, 104, 286, 389, 394, 103, 401, 101, 441, 56, 144, 18, 228, 153, 399, 169, 159, 120, 427, 10, 382, 94, 408, 157, 320, 47, 412, 301, 278, 404, 384, 466, 270, 185, 130, 137, 472, 499, 252, 274, 34, 373, 84, 400, 31, 331, 189, 126, 268, 372, 430, 257, 231, 154, 182, 332, 25, 509, 306, 313, 285, 241, 239, 210, 33, 423, 48, 351, 352, 88, 316, 298, 111, 119, 263, 420, 163, 354, 287, 26, 508, 504, 236, 139, 330, 326, 422, 310, 431, 357, 134, 501, 369, 155, 350, 174, 456, 311, 133, 290, 405, 438, 336, 45, 69, 489, 21, 13, 300, 79, 64, 432, 485, 243, 14, 356, 68, 385, 125, 98, 494, 457, 165, 495, 188, 225, 322, 208, 99, 201, 148, 2, 106, 136, 4, 22, 376, 86, 140, 36, 307, 75, 280, 502, 37, 11, 254, 378, 392, 15, 462, 421, 200, 219, 347, 83, 442, 276, 147, 464, 97, 468, 359, 66, 117, 237, 186, 226, 113, 173, 5, 465, 337, 470, 8, 20, 451, 16, 164, 487, 314, 59, 295, 361, 152, 40, 491, 209, 363, 76, 460, 195, 486, 242, 498, 293, 371, 391, 38, 445, 492, 333, 355, 443, 453, 223, 319, 381, 260, 424, 132, 191, 277, 58, 303, 248, 127, 415, 271, 12, 283, 116, 339, 479, 235, 162, 476, 477, 102, 446, 433, 338, 436, 469, 240, 455, 467, 204, 471, 232, 229, 52, 259, 227, 388, 452, 115, 35, 366, 439, 507]","[444, 363, 169, 220, 202, 376, 2, 271, 450, 357, 367, 13, 432, 96, 358, 144, 167, 336, 80, 369, 380, 166, 418, 258, 386, 387, 111, 368, 247, 420, 482, 235, 356, 62, 177, 383, 475, 329, 501, 230, 215, 228, 474, 306, 401, 319, 173, 128, 265, 457, 194, 27, 37, 304, 327, 114, 485, 222, 123, 411, 270, 507, 223, 136, 16, 322, 54, 22, 308, 238, 117, 70, 291, 109, 130, 43, 440, 299, 68, 34, 20, 156, 158, 435, 239, 53, 23, 259, 400, 484, 491, 446, 1, 237, 236, 409, 101, 332, 159, 377, 293, 121, 323, 50, 438, 17, 204, 31, 155, 419, 481, 486, 15, 439, 212, 94, 97, 71, 183, 168, 115, 488, 362, 64, 261, 333, 248, 59, 79, 455, 313, 343, 510, 307, 347, 105, 118, 162, 496, 399, 317, 157, 200, 431, 160, 219, 326, 477, 186, 65, 73, 214, 63, 174, 42, 405, 3, 392, 84, 351, 146, 132, 208, 133, 429, 110, 188, 340, 321, 445, 153, 456, 391, 342, 302, 406, 388, 41, 10, 0, 348, 458, 240, 310, 468, 83, 292, 225, 483, 449, 108, 180, 164, 195, 141, 134, 447, 324, 466, 264, 417, 504, 233, 172, 218, 460, 281, 425, 139, 499, 21, 428, 378, 448, 246, 316, 148, 231, 370, 184, 355, 116, 129, 250, 437, 286, 205, 505, 75, 69, 11, 500, 495, 430, 359, 360, 268, 441, 442, 287, 422, 122, 52, 197, 426, 454, 494, 55, 414, 24, 45, 38, 102, 106, 201, 415]","[2, 10, 11, 13, 15, 16, 20, 21, 22, 31, 34, 37, 38, 45, 52, 59, 64, 68, 69, 75, 79, 83, 84, 94, 97, 101, 102, 106, 111, 115, 116, 117, 129, 130, 132, 133, 134, 136, 139, 144, 148, 153, 155, 157, 159, 162, 164, 169, 173, 174, 186, 188, 195, 200, 201, 204, 208, 219, 223, 225, 228, 231, 235, 236, 237, 239, 240, 248, 259, 268, 270, 271, 286, 287, 293, 306, 307, 310, 313, 316, 319, 322, 326, 329, 332, 333, 336, 347, 351, 355, 356, 357, 359, 363, 369, 376, 378, 388, 391, 392, 399, 400, 401, 405, 415, 420, 422, 430, 431, 432, 438, 439, 440, 441, 442, 445, 446, 455, 456, 457, 460, 466, 468, 477, 485, 486, 491, 494, 495, 496, 499, 501, 504, 507]"
12,"[381, 284, 130, 270, 65, 429, 142, 304, 94, 54, 272, 238, 12, 164, 422, 479, 102, 505, 90, 466, 423, 220, 9, 67, 72, 482, 129, 213, 60, 209, 246, 316, 66, 506, 314, 266, 202, 20, 324, 388, 82, 63, 329, 257, 428, 161, 452, 312, 404, 394, 319, 91, 99, 269, 405, 424, 343, 276, 409, 110, 443, 414, 498, 225, 476, 73, 103, 86, 278, 126, 295, 455, 477, 10, 285, 101, 92, 200, 144, 51, 335, 127, 210, 450, 108, 348, 198, 351, 145, 120, 175, 471, 490, 416, 52, 174, 153, 279, 247, 442, 425, 119, 179, 7, 155, 0, 488, 252, 386, 208, 420, 3, 114, 382, 447, 59, 345, 415, 325, 215, 260, 134, 310, 15, 232, 13, 475, 457, 504, 294, 369, 19, 191, 387, 485, 219, 358, 487, 435, 355, 391, 79, 64, 444, 80, 43, 115, 105, 222, 62, 344, 411, 470, 342, 372, 336, 401, 503, 489, 154, 192, 426, 402, 445, 375, 57, 139, 418, 286, 377, 301, 434, 38, 96, 328, 396, 117, 190, 283, 478, 271, 306, 223, 131, 229, 97, 502, 88, 380, 240, 254, 31, 353, 454, 309, 280, 23, 70, 77, 298, 392, 431, 189, 214, 323, 226, 413, 406, 492, 203, 166, 135, 449, 275, 509, 187, 133, 346, 50, 363, 159, 181, 400, 393, 170, 376, 83, 138, 398, 440, 158, 360, 81, 362, 36, 205, 472, 495, 245, 340, 171, 248, 463, 389, 230, 290, 350, 302, 186, 28, 147, 41, 194, 448, 69, 146]","[372, 499, 234, 144, 120, 484, 90, 194, 152, 511, 138, 347, 143, 118, 254, 467, 171, 82, 179, 468, 105, 374, 39, 272, 426, 124, 102, 357, 226, 162, 182, 489, 181, 354, 104, 501, 207, 167, 396, 24, 297, 243, 497, 199, 25, 159, 127, 381, 122, 449, 2, 169, 95, 85, 202, 412, 405, 326, 315, 248, 457, 50, 440, 176, 203, 174, 158, 121, 42, 317, 41, 123, 339, 292, 482, 503, 186, 56, 252, 441, 109, 225, 230, 450, 198, 366, 55, 149, 59, 17, 0, 285, 418, 256, 238, 495, 53, 416, 431, 274, 461, 259, 111, 232, 422, 67, 437, 338, 436, 34, 9, 504, 319, 403, 378, 91, 147, 129, 214, 112, 271, 30, 267, 242, 46, 311, 200, 135, 425, 310, 490, 402, 131, 52, 472, 11, 22, 342, 136, 45, 439, 438, 183, 156, 344, 386, 58, 293, 219, 308, 251, 224, 47, 376, 142, 430, 304, 44, 94, 273, 81, 117, 493, 379, 445, 335, 508, 348, 188, 193, 107, 276, 164, 184, 481, 427, 453, 86, 115, 3, 189, 389, 16, 327, 27, 266, 103, 359, 270, 133, 80, 7, 364, 448, 220, 296, 361, 148, 507, 12, 233, 13, 400, 77, 433, 475, 245, 130, 33, 4, 318, 331, 66, 113, 212, 280, 371, 421, 399, 337, 383, 452, 303, 163, 352, 432, 28, 505, 336, 247, 78, 498, 38, 21, 279, 434, 172, 99, 502, 63, 6, 250, 5, 75, 392, 494, 404, 500, 92, 79, 263, 48, 229, 83, 209, 74]","[0, 3, 7, 9, 12, 13, 28, 38, 41, 50, 52, 59, 63, 66, 67, 77, 79, 80, 81, 82, 83, 86, 90, 91, 92, 94, 99, 102, 103, 105, 115, 117, 120, 127, 129, 130, 131, 133, 135, 138, 142, 144, 147, 158, 159, 164, 171, 174, 179, 181, 186, 189, 194, 198, 200, 202, 203, 209, 214, 219, 220, 225, 226, 229, 230, 232, 238, 245, 247, 248, 252, 254, 266, 270, 271, 272, 276, 279, 280, 285, 304, 310, 319, 335, 336, 342, 344, 348, 372, 376, 381, 386, 389, 392, 396, 400, 402, 404, 405, 416, 418, 422, 425, 426, 431, 434, 440, 445, 448, 449, 450, 452, 457, 472, 475, 482, 489, 490, 495, 498, 502, 503, 504, 505]"
13,"[234, 428, 52, 150, 502, 367, 18, 434, 103, 138, 450, 384, 473, 282, 84, 207, 271, 10, 163, 168, 284, 290, 489, 72, 312, 31, 455, 95, 280, 175, 82, 505, 297, 375, 7, 214, 301, 388, 26, 417, 261, 423, 361, 272, 309, 16, 132, 116, 115, 145, 360, 188, 352, 238, 474, 420, 317, 277, 65, 38, 137, 356, 289, 237, 456, 21, 24, 59, 376, 58, 1, 70, 147, 224, 436, 343, 171, 296, 182, 430, 148, 111, 35, 424, 404, 422, 164, 206, 151, 244, 285, 327, 246, 276, 55, 90, 63, 323, 104, 485, 165, 215, 74, 109, 435, 336, 198, 233, 102, 36, 172, 195, 393, 298, 321, 235, 377, 294, 174, 374, 416, 480, 325, 193, 140, 209, 118, 403, 406, 504, 156, 170, 368, 442, 22, 283, 135, 88, 17, 395, 60, 43, 41, 362, 262, 129, 330, 252, 437, 481, 468, 286, 441, 136, 483, 76, 383, 389, 42, 27, 337, 259, 227, 461, 486, 239, 73, 53, 236, 418, 231, 425, 68, 219, 319, 507, 114, 318, 484, 48, 50, 162, 346, 51, 451, 491, 13, 143, 274, 177, 39, 479, 328, 372, 248, 240, 176, 457, 19, 2, 344, 421, 56, 338, 243, 348, 386, 366, 433, 228, 245, 326, 363, 124, 220, 130, 32, 334, 196, 96, 275, 402, 250, 310, 462, 89, 83, 86, 332, 396, 15, 45, 97, 199, 267, 225, 183, 465, 14, 203, 57, 392, 78, 469, 398, 448, 460, 278, 87, 314, 98, 0, 119, 350, 142, 67]","[500, 458, 318, 316, 165, 303, 402, 69, 220, 389, 204, 502, 177, 147, 344, 391, 455, 340, 58, 247, 423, 447, 347, 191, 373, 369, 426, 203, 148, 378, 64, 154, 214, 304, 19, 85, 482, 360, 174, 251, 94, 50, 35, 126, 89, 155, 477, 95, 39, 358, 10, 56, 465, 129, 377, 478, 348, 346, 227, 434, 139, 441, 263, 121, 435, 78, 492, 234, 47, 463, 370, 469, 146, 366, 199, 211, 422, 51, 82, 486, 179, 231, 133, 98, 196, 112, 258, 411, 44, 5, 16, 506, 83, 499, 362, 386, 104, 132, 145, 256, 245, 239, 479, 162, 183, 308, 221, 130, 235, 171, 493, 289, 328, 355, 122, 282, 461, 357, 53, 32, 275, 421, 124, 412, 202, 150, 408, 430, 153, 368, 149, 213, 268, 290, 510, 403, 156, 480, 217, 128, 74, 102, 490, 394, 230, 262, 250, 375, 457, 343, 406, 462, 233, 425, 205, 33, 84, 361, 7, 77, 6, 325, 384, 60, 427, 1, 404, 473, 93, 71, 446, 178, 459, 260, 29, 168, 363, 49, 36, 0, 483, 243, 339, 175, 30, 433, 390, 237, 444, 109, 219, 295, 73, 192, 392, 54, 229, 397, 352, 445, 127, 164, 438, 296, 12, 398, 466, 134, 272, 442, 59, 415, 356, 116, 484, 131, 401, 223, 326, 385, 487, 307, 28, 57, 454, 114, 253, 27, 464, 274, 313, 68, 294, 226, 269, 481, 320, 315, 399, 302, 330, 293, 342, 414, 138, 232, 249, 349, 48, 176, 246, 351, 279, 474, 439, 107]","[0, 1, 7, 10, 16, 19, 27, 32, 35, 36, 39, 48, 50, 51, 53, 56, 57, 58, 59, 60, 68, 73, 74, 78, 82, 83, 84, 89, 95, 98, 102, 104, 109, 114, 116, 124, 129, 130, 132, 138, 145, 147, 148, 150, 156, 162, 164, 165, 168, 171, 174, 175, 176, 177, 183, 196, 199, 203, 214, 219, 220, 227, 231, 233, 234, 235, 237, 239, 243, 245, 246, 250, 262, 272, 274, 275, 282, 289, 290, 294, 296, 318, 325, 326, 328, 330, 343, 344, 346, 348, 352, 356, 360, 361, 362, 363, 366, 368, 375, 377, 384, 386, 389, 392, 398, 402, 403, 404, 406, 421, 422, 423, 425, 430, 433, 434, 435, 441, 442, 455, 457, 461, 462, 465, 469, 473, 474, 479, 480, 481, 483, 484, 486, 502]"
14,"[345, 333, 274, 155, 7, 371, 135, 335, 46, 406, 418, 23, 184, 21, 144, 112, 360, 58, 449, 76, 107, 271, 82, 298, 471, 359, 374, 50, 424, 352, 13, 33, 41, 414, 18, 86, 17, 105, 443, 198, 214, 314, 80, 64, 249, 88, 143, 142, 422, 312, 341, 482, 117, 127, 315, 213, 458, 390, 244, 219, 379, 38, 269, 131, 503, 256, 439, 309, 206, 29, 476, 160, 74, 236, 68, 296, 268, 356, 145, 61, 290, 109, 262, 186, 73, 369, 253, 417, 84, 474, 245, 470, 241, 56, 442, 27, 343, 151, 176, 110, 438, 285, 327, 201, 175, 430, 173, 238, 70, 72, 195, 226, 302, 468, 159, 170, 257, 351, 153, 308, 325, 136, 398, 149, 246, 124, 510, 355, 216, 207, 511, 14, 220, 332, 444, 113, 138, 328, 169, 258, 336, 313, 493, 400, 337, 203, 483, 6, 32, 382, 52, 464, 237, 167, 401, 266, 157, 427, 243, 331, 8, 134, 43, 108, 66, 185, 91, 222, 215, 455, 230, 30, 440, 208, 419, 306, 421, 397, 165, 429, 297, 264, 202, 67, 99, 368, 395, 25, 94, 329, 270, 28, 272, 100, 197, 353, 284, 275, 405, 26, 85, 411, 19, 5, 189, 338, 373, 293, 376, 252, 324, 98, 276, 457, 454, 357, 435, 233, 350, 79, 137, 279, 452, 387, 492, 287, 409, 179, 187, 146, 436, 425, 40, 310, 396, 491, 282, 347, 267, 227, 102, 506, 178, 191, 466, 412, 462, 260, 92, 192, 447, 362, 261, 128, 255, 288]","[99, 196, 127, 220, 207, 363, 105, 436, 331, 490, 35, 464, 59, 391, 357, 173, 362, 427, 246, 386, 419, 21, 484, 197, 392, 158, 1, 319, 135, 103, 193, 465, 454, 150, 244, 146, 292, 409, 162, 208, 167, 67, 261, 159, 119, 259, 302, 247, 149, 472, 315, 242, 449, 380, 455, 78, 199, 372, 24, 108, 153, 390, 100, 493, 385, 481, 507, 439, 254, 394, 291, 280, 243, 494, 57, 222, 182, 248, 126, 459, 140, 240, 324, 160, 50, 41, 49, 155, 124, 406, 347, 114, 214, 263, 421, 447, 351, 142, 438, 323, 61, 69, 290, 305, 483, 186, 169, 487, 433, 457, 191, 399, 346, 116, 148, 285, 349, 215, 172, 345, 423, 17, 313, 47, 175, 198, 428, 209, 206, 405, 176, 237, 495, 192, 28, 333, 45, 31, 338, 374, 344, 456, 485, 202, 316, 60, 431, 478, 366, 26, 359, 53, 296, 424, 303, 58, 404, 94, 239, 437, 401, 133, 161, 104, 249, 201, 4, 97, 506, 6, 234, 179, 117, 387, 435, 361, 101, 112, 82, 203, 256, 80, 491, 448, 181, 89, 308, 37, 395, 355, 328, 56, 44, 156, 411, 341, 369, 12, 83, 48, 384, 432, 413, 367, 412, 450, 224, 2, 382, 25, 70, 287, 317, 19, 166, 470, 54, 221, 106, 174, 13, 136, 187, 218, 171, 238, 393, 321, 250, 55, 225, 354, 257, 388, 251, 505, 205, 297, 460, 322, 269, 170, 62, 498, 277, 281, 98, 184, 325, 144, 168, 0, 375, 71, 373, 440]","[6, 13, 17, 19, 21, 25, 26, 28, 41, 50, 56, 58, 61, 67, 70, 80, 82, 94, 98, 99, 100, 105, 108, 112, 117, 124, 127, 135, 136, 142, 144, 146, 149, 153, 155, 159, 160, 167, 169, 170, 173, 175, 176, 179, 184, 186, 187, 191, 192, 197, 198, 201, 202, 203, 206, 207, 208, 214, 215, 220, 222, 237, 238, 243, 244, 246, 249, 256, 257, 261, 269, 285, 287, 290, 296, 297, 302, 308, 313, 315, 324, 325, 328, 331, 333, 338, 341, 345, 347, 351, 355, 357, 359, 362, 369, 373, 374, 382, 387, 390, 395, 401, 405, 406, 409, 411, 412, 419, 421, 424, 427, 435, 436, 438, 439, 440, 447, 449, 454, 455, 457, 464, 470, 483, 491, 493, 506]"
15,"[230, 250, 155, 252, 301, 1, 384, 367, 176, 336, 32, 324, 125, 5, 456, 255, 348, 406, 326, 199, 293, 34, 269, 504, 352, 418, 491, 423, 425, 108, 333, 22, 3, 137, 410, 10, 128, 106, 400, 26, 109, 23, 345, 13, 454, 433, 343, 97, 388, 455, 48, 156, 262, 56, 268, 292, 422, 306, 377, 197, 90, 4, 444, 335, 484, 201, 115, 225, 328, 171, 28, 93, 412, 86, 337, 173, 144, 229, 153, 61, 288, 89, 212, 185, 286, 332, 52, 11, 179, 184, 215, 320, 465, 63, 411, 464, 154, 119, 2, 381, 424, 150, 393, 490, 439, 442, 134, 147, 429, 414, 387, 305, 315, 83, 214, 380, 42, 416, 217, 498, 130, 146, 430, 389, 447, 9, 191, 183, 403, 458, 489, 407, 435, 294, 479, 369, 386, 33, 257, 451, 373, 204, 370, 178, 94, 313, 296, 307, 254, 448, 354, 246, 266, 383, 57, 81, 203, 227, 253, 126, 285, 50, 449, 279, 186, 51, 474, 280, 233, 459, 390, 509, 247, 221, 299, 469, 67, 275, 462, 251, 70, 494, 121, 426, 16, 41, 385, 19, 300, 202, 248, 368, 487, 398, 431, 477, 6, 501, 131, 316, 445, 478, 17, 339, 472, 488, 276, 168, 374, 198, 297, 267, 190, 76, 102, 213, 441, 62, 436, 189, 68, 45, 360, 157, 206, 123, 319, 210, 149, 408, 453, 193, 460, 80, 139, 187, 71, 192, 84, 232, 124, 235, 291, 222, 151, 195, 421, 240, 60, 65, 148, 342, 357, 271, 510, 117]","[69, 508, 71, 36, 149, 509, 353, 502, 450, 477, 153, 18, 428, 66, 427, 106, 323, 366, 400, 327, 103, 439, 179, 59, 303, 384, 30, 67, 372, 2, 506, 143, 242, 196, 3, 317, 169, 110, 206, 259, 125, 155, 76, 151, 408, 175, 130, 346, 486, 46, 168, 17, 232, 299, 394, 335, 324, 241, 376, 339, 371, 218, 45, 84, 467, 273, 375, 127, 240, 199, 367, 91, 231, 415, 121, 75, 0, 289, 392, 202, 360, 418, 99, 244, 53, 329, 63, 108, 87, 430, 407, 116, 198, 238, 276, 332, 473, 102, 481, 483, 65, 214, 163, 468, 83, 64, 11, 210, 458, 134, 14, 185, 263, 80, 485, 352, 405, 113, 98, 85, 434, 19, 191, 128, 381, 95, 119, 167, 184, 412, 193, 425, 228, 395, 474, 345, 319, 495, 217, 406, 23, 133, 243, 488, 374, 225, 409, 188, 295, 286, 455, 203, 449, 278, 268, 52, 322, 190, 340, 453, 379, 38, 233, 82, 94, 306, 501, 362, 277, 451, 492, 253, 344, 31, 150, 302, 397, 28, 391, 161, 200, 221, 208, 49, 382, 310, 320, 454, 136, 57, 109, 417, 254, 112, 457, 195, 479, 78, 61, 227, 89, 48, 70, 507, 429, 441, 463, 215, 22, 313, 237, 123, 311, 438, 489, 279, 464, 160, 146, 369, 285, 497, 432, 92, 171, 475, 50, 380, 177, 219, 73, 291, 347, 435, 388, 187, 297, 164, 271, 34, 341, 510, 137, 159, 470, 140, 256, 393, 504, 342, 158, 81, 499, 280, 365, 144]","[2, 3, 11, 17, 19, 22, 23, 28, 34, 45, 48, 50, 52, 57, 61, 63, 65, 67, 70, 71, 76, 80, 81, 83, 84, 89, 94, 102, 106, 108, 109, 119, 121, 123, 125, 128, 130, 134, 137, 144, 146, 149, 150, 151, 153, 155, 168, 171, 179, 184, 185, 187, 190, 191, 193, 195, 198, 199, 202, 203, 206, 210, 214, 215, 217, 221, 225, 227, 232, 233, 240, 253, 254, 268, 271, 276, 279, 280, 285, 286, 291, 297, 299, 306, 313, 319, 320, 324, 332, 335, 339, 342, 345, 352, 360, 367, 369, 374, 380, 381, 384, 388, 393, 400, 406, 407, 408, 412, 418, 425, 429, 430, 435, 439, 441, 449, 451, 453, 454, 455, 458, 464, 474, 477, 479, 488, 489, 501, 504, 509, 510]"
16,"[56, 311, 65, 492, 102, 265, 510, 225, 104, 34, 140, 457, 81, 26, 350, 73, 35, 241, 252, 122, 342, 295, 79, 240, 204, 445, 150, 9, 485, 13, 5, 47, 262, 14, 244, 261, 99, 184, 254, 454, 137, 495, 469, 491, 257, 377, 211, 249, 323, 245, 401, 106, 317, 50, 157, 414, 322, 226, 467, 390, 444, 392, 316, 459, 12, 31, 186, 77, 154, 476, 169, 219, 179, 59, 119, 303, 69, 45, 346, 36, 434, 88, 120, 175, 417, 458, 162, 17, 19, 132, 118, 502, 172, 391, 327, 248, 433, 298, 503, 16, 108, 500, 413, 177, 64, 324, 498, 7, 481, 436, 496, 340, 53, 8, 197, 383, 289, 367, 1, 302, 438, 42, 220, 373, 133, 419, 337, 6, 378, 11, 409, 166, 127, 247, 196, 202, 170, 0, 386, 113, 24, 306, 216, 20, 361, 504, 138, 94, 84, 360, 124, 75, 147, 450, 146, 277, 218, 415, 71, 98, 210, 366, 222, 412, 435, 149, 341, 264, 18, 508, 57, 473, 507, 441, 232, 213, 78, 144, 29, 291, 463, 372, 333, 296, 80, 479, 191, 482, 432, 221, 33, 405, 142, 471, 180, 363, 477, 256, 440, 23, 192, 506, 310, 100, 297, 183, 253, 470, 288, 153, 293, 488, 110, 48, 431, 215, 472, 505, 406, 460, 385, 292, 15, 159, 325, 343, 195, 136, 62, 282, 451, 357, 151, 117, 305, 129, 199, 345, 228, 260, 207, 349, 395, 379, 283, 499, 76, 494, 315, 418, 402, 231, 155, 72, 424, 359]","[141, 23, 237, 149, 124, 153, 24, 47, 457, 504, 10, 321, 122, 352, 358, 471, 451, 402, 415, 379, 61, 172, 290, 386, 58, 369, 488, 13, 0, 68, 35, 210, 147, 158, 384, 170, 312, 327, 239, 434, 274, 167, 318, 344, 120, 490, 32, 138, 485, 339, 389, 80, 230, 225, 2, 241, 320, 335, 325, 259, 231, 31, 211, 261, 107, 393, 133, 247, 131, 309, 85, 16, 9, 238, 331, 208, 229, 67, 178, 73, 372, 348, 323, 70, 112, 125, 71, 491, 260, 289, 49, 93, 501, 481, 300, 503, 182, 280, 476, 250, 160, 322, 36, 227, 114, 177, 482, 365, 88, 217, 228, 346, 4, 87, 333, 355, 311, 233, 39, 51, 492, 444, 400, 410, 109, 43, 137, 299, 443, 310, 468, 414, 184, 498, 441, 454, 497, 195, 383, 191, 437, 452, 337, 484, 193, 86, 431, 375, 425, 287, 136, 456, 313, 1, 458, 319, 419, 244, 351, 467, 483, 459, 53, 41, 164, 317, 102, 505, 11, 303, 205, 192, 65, 341, 14, 242, 98, 361, 95, 302, 432, 12, 42, 113, 507, 427, 502, 406, 126, 156, 186, 305, 179, 374, 110, 283, 453, 413, 475, 27, 449, 92, 405, 447, 25, 194, 330, 117, 248, 72, 382, 433, 52, 90, 462, 253, 226, 101, 181, 142, 286, 474, 81, 116, 407, 438, 388, 417, 62, 152, 57, 353, 360, 212, 264, 222, 100, 165, 75, 257, 285, 166, 450, 470, 29, 94, 293, 472, 418, 150, 163, 21, 428, 123, 258, 373]","[0, 1, 9, 11, 12, 13, 14, 16, 23, 24, 29, 31, 35, 36, 42, 47, 53, 57, 62, 65, 71, 72, 73, 75, 80, 81, 88, 94, 98, 100, 102, 110, 113, 117, 120, 122, 124, 133, 136, 137, 138, 142, 147, 149, 150, 153, 166, 170, 172, 177, 179, 184, 186, 191, 192, 195, 210, 211, 222, 225, 226, 228, 231, 241, 244, 247, 248, 253, 257, 260, 261, 264, 283, 289, 293, 302, 303, 305, 310, 311, 317, 322, 323, 325, 327, 333, 337, 341, 346, 360, 361, 372, 373, 379, 383, 386, 402, 405, 406, 413, 414, 415, 417, 418, 419, 431, 432, 433, 434, 438, 441, 444, 450, 451, 454, 457, 458, 459, 467, 470, 471, 472, 476, 481, 482, 485, 488, 491, 492, 498, 502, 503, 504, 505, 507]"
17,"[425, 311, 252, 401, 368, 472, 308, 358, 113, 363, 13, 214, 152, 106, 360, 248, 275, 0, 94, 332, 123, 26, 32, 150, 485, 151, 333, 255, 265, 109, 415, 82, 58, 304, 460, 320, 396, 392, 207, 242, 3, 377, 408, 232, 239, 427, 140, 290, 4, 184, 271, 141, 335, 144, 391, 482, 468, 436, 505, 276, 43, 261, 189, 506, 373, 309, 68, 279, 235, 14, 455, 10, 77, 201, 224, 509, 36, 115, 171, 59, 217, 176, 219, 386, 247, 145, 233, 284, 416, 73, 324, 38, 443, 244, 124, 477, 147, 274, 161, 440, 208, 76, 353, 25, 342, 314, 52, 131, 339, 180, 395, 118, 326, 414, 476, 55, 356, 7, 121, 195, 428, 50, 85, 454, 497, 375, 422, 70, 216, 168, 456, 30, 376, 451, 96, 182, 328, 138, 464, 382, 84, 173, 484, 205, 473, 439, 449, 15, 496, 459, 2, 89, 433, 65, 282, 186, 294, 47, 155, 49, 6, 215, 479, 178, 423, 56, 385, 105, 228, 465, 40, 191, 93, 404, 411, 467, 297, 97, 511, 446, 492, 37, 112, 160, 90, 345, 318, 146, 419, 229, 24, 469, 48, 421, 220, 110, 354, 405, 331, 104, 362, 280, 206, 125, 359, 240, 413, 9, 62, 322, 80, 133, 114, 437, 157, 258, 366, 501, 474, 429, 194, 1, 337, 384, 23, 223, 103, 478, 378, 444, 503, 264, 148, 315, 371, 170, 471, 221, 20, 5, 143, 172, 174, 407, 346, 498, 175, 327, 92, 351, 100, 393, 344, 98, 302, 91]","[421, 192, 510, 407, 50, 31, 471, 163, 93, 108, 90, 44, 439, 8, 148, 507, 133, 343, 222, 122, 483, 235, 244, 276, 33, 455, 367, 281, 486, 355, 417, 28, 481, 197, 424, 95, 27, 410, 429, 142, 35, 111, 4, 335, 94, 402, 172, 181, 240, 334, 299, 57, 287, 474, 80, 346, 447, 56, 69, 251, 225, 217, 291, 236, 292, 307, 508, 187, 248, 308, 232, 170, 98, 430, 504, 412, 422, 266, 137, 228, 126, 32, 378, 340, 175, 463, 485, 158, 34, 209, 271, 186, 123, 459, 119, 136, 103, 53, 121, 448, 277, 242, 237, 381, 446, 480, 382, 224, 78, 366, 75, 473, 218, 320, 38, 286, 434, 231, 132, 259, 414, 385, 230, 166, 169, 451, 202, 269, 501, 82, 247, 339, 330, 113, 350, 118, 313, 96, 43, 294, 377, 256, 9, 405, 371, 452, 437, 359, 106, 426, 112, 66, 40, 393, 134, 349, 329, 293, 5, 87, 364, 198, 257, 425, 72, 258, 249, 419, 216, 194, 238, 453, 420, 475, 315, 168, 261, 375, 7, 213, 85, 162, 52, 203, 128, 10, 427, 441, 62, 86, 274, 409, 188, 312, 214, 74, 11, 147, 297, 220, 317, 464, 42, 352, 469, 250, 357, 71, 176, 285, 219, 37, 509, 116, 365, 336, 323, 368, 360, 401, 239, 408, 24, 443, 268, 428, 180, 104, 48, 379, 245, 97, 495, 440, 263, 311, 398, 284, 211, 59, 100, 403, 193, 436, 498, 491, 476, 141, 191, 376, 489, 337, 384, 15, 157, 125]","[4, 5, 7, 9, 10, 15, 24, 32, 37, 38, 40, 43, 48, 50, 52, 56, 59, 62, 80, 82, 85, 90, 93, 94, 96, 97, 98, 100, 103, 104, 106, 112, 113, 118, 121, 123, 125, 133, 141, 147, 148, 157, 168, 170, 172, 175, 176, 180, 186, 191, 194, 214, 216, 217, 219, 220, 224, 228, 232, 235, 239, 240, 242, 244, 247, 248, 258, 261, 271, 274, 276, 284, 294, 297, 308, 311, 315, 320, 335, 337, 339, 346, 359, 360, 366, 368, 371, 375, 376, 377, 378, 382, 384, 385, 393, 401, 405, 407, 408, 414, 419, 421, 422, 425, 427, 428, 429, 436, 437, 439, 440, 443, 446, 451, 455, 459, 464, 469, 471, 473, 474, 476, 485, 498, 501, 509]"
18,"[279, 478, 139, 485, 345, 496, 34, 491, 380, 310, 263, 135, 434, 352, 124, 115, 479, 500, 0, 340, 15, 61, 499, 108, 238, 226, 207, 473, 95, 114, 403, 222, 37, 145, 423, 357, 414, 144, 481, 160, 420, 99, 71, 150, 336, 305, 4, 269, 295, 404, 27, 79, 1, 324, 3, 179, 264, 20, 505, 406, 92, 360, 174, 474, 443, 454, 197, 236, 376, 162, 111, 299, 482, 442, 502, 131, 278, 41, 103, 419, 378, 338, 75, 105, 163, 298, 273, 178, 136, 64, 363, 12, 262, 477, 281, 250, 125, 59, 123, 476, 280, 429, 54, 221, 391, 506, 349, 83, 16, 211, 19, 200, 104, 35, 318, 329, 187, 26, 261, 175, 314, 228, 509, 51, 373, 267, 471, 212, 194, 351, 302, 171, 97, 56, 17, 385, 337, 315, 85, 196, 87, 253, 58, 86, 430, 81, 418, 283, 495, 291, 154, 367, 427, 486, 272, 223, 458, 68, 276, 109, 106, 167, 181, 432, 116, 402, 388, 344, 332, 468, 208, 480, 426, 447, 325, 8, 494, 444, 235, 169, 369, 399, 389, 448, 287, 435, 252, 339, 296, 472, 249, 218, 216, 206, 366, 215, 383, 168, 397, 32, 246, 132, 166, 463, 256, 180, 341, 277, 493, 319, 239, 313, 78, 451, 441, 184, 7, 147, 229, 358, 470, 57, 292, 460, 118, 438, 437, 503, 28, 84, 270, 77, 331, 176, 170, 146, 88, 227, 300, 48, 347, 107, 484, 455, 242, 294, 396, 172, 335, 453, 62, 100, 483, 333, 201, 306]","[138, 124, 210, 482, 164, 290, 256, 115, 8, 331, 174, 245, 476, 80, 71, 404, 346, 70, 16, 78, 77, 90, 50, 48, 183, 2, 382, 141, 75, 53, 305, 100, 157, 248, 279, 287, 148, 154, 359, 20, 353, 339, 357, 123, 231, 408, 159, 146, 25, 109, 323, 295, 41, 280, 246, 125, 470, 69, 335, 439, 308, 349, 142, 81, 150, 320, 112, 95, 503, 103, 219, 334, 306, 239, 167, 145, 51, 179, 224, 296, 46, 400, 494, 358, 244, 464, 360, 435, 215, 484, 354, 365, 297, 454, 64, 388, 143, 126, 187, 336, 466, 33, 175, 440, 363, 489, 259, 395, 15, 98, 128, 373, 206, 32, 492, 281, 120, 477, 511, 170, 21, 441, 186, 318, 445, 113, 111, 475, 499, 29, 65, 303, 261, 182, 401, 12, 27, 298, 385, 89, 368, 442, 218, 165, 411, 316, 228, 341, 393, 37, 444, 38, 10, 399, 472, 160, 49, 257, 34, 447, 413, 230, 184, 203, 105, 207, 270, 24, 272, 479, 63, 217, 220, 429, 376, 61, 54, 66, 507, 329, 163, 332, 260, 462, 374, 140, 273, 200, 446, 199, 253, 265, 333, 73, 461, 188, 266, 428, 106, 402, 240, 139, 267, 377, 205, 356, 180, 275, 9, 459, 380, 127, 3, 118, 415, 162, 436, 278, 131, 255, 152, 283, 458, 292, 68, 369, 82, 420, 419, 330, 99, 4, 242, 22, 350, 422, 181, 195, 412, 493, 328, 129, 300, 284, 381, 43, 11, 232, 487, 84, 233, 213, 344, 342, 156, 497]","[3, 4, 8, 12, 15, 16, 20, 27, 32, 34, 37, 41, 48, 51, 54, 61, 64, 68, 71, 75, 77, 78, 81, 84, 95, 99, 100, 103, 105, 106, 109, 111, 115, 118, 123, 124, 125, 131, 139, 145, 146, 150, 154, 160, 162, 163, 167, 170, 174, 175, 179, 180, 181, 184, 187, 200, 206, 207, 215, 218, 228, 239, 242, 246, 253, 256, 261, 267, 270, 272, 273, 278, 279, 280, 281, 283, 287, 292, 295, 296, 298, 300, 305, 306, 318, 329, 331, 332, 333, 335, 336, 339, 341, 344, 349, 357, 358, 360, 363, 369, 373, 376, 380, 385, 388, 399, 402, 404, 419, 420, 429, 435, 441, 442, 444, 447, 454, 458, 470, 472, 476, 477, 479, 482, 484, 493, 494, 499, 503]"
19,"[136, 482, 289, 121, 446, 386, 31, 445, 26, 231, 33, 205, 124, 478, 434, 123, 175, 500, 413, 66, 423, 251, 509, 252, 329, 69, 11, 293, 351, 339, 473, 143, 18, 151, 304, 253, 340, 243, 88, 35, 148, 469, 211, 373, 352, 172, 174, 103, 417, 450, 366, 7, 84, 269, 99, 504, 91, 403, 152, 448, 117, 189, 50, 248, 24, 225, 432, 274, 130, 118, 192, 259, 246, 405, 331, 407, 54, 168, 488, 109, 3, 319, 193, 40, 134, 316, 241, 314, 474, 285, 490, 349, 21, 145, 391, 128, 191, 239, 388, 70, 483, 122, 333, 60, 104, 204, 36, 342, 358, 41, 313, 334, 281, 119, 487, 49, 398, 202, 8, 77, 280, 22, 330, 107, 470, 142, 287, 457, 159, 277, 318, 419, 209, 451, 343, 440, 133, 263, 260, 86, 449, 481, 501, 45, 420, 94, 85, 208, 245, 25, 79, 163, 224, 382, 346, 138, 431, 444, 379, 162, 164, 337, 157, 345, 141, 196, 453, 256, 364, 97, 144, 307, 156, 68, 344, 120, 153, 292, 297, 42, 422, 362, 261, 170, 463, 437, 188, 182, 74, 475, 377, 479, 320, 226, 236, 223, 43, 1, 15, 5, 369, 385, 185, 173, 137, 46, 494, 322, 154, 71, 266, 467, 262, 178, 61, 471, 257, 216, 212, 336, 268, 486, 392, 23, 499, 101, 227, 360, 250, 409, 410, 165, 240, 305, 57, 147, 129, 0, 264, 503, 67, 237, 73, 81, 416, 132, 367, 247, 98, 411, 454, 421, 146, 414, 255, 460]","[46, 158, 284, 120, 15, 209, 242, 195, 40, 270, 453, 252, 314, 480, 3, 175, 443, 466, 432, 408, 462, 456, 244, 406, 429, 227, 374, 219, 461, 210, 224, 476, 127, 124, 48, 359, 6, 172, 487, 447, 392, 446, 197, 330, 489, 123, 29, 371, 399, 507, 503, 76, 494, 394, 258, 230, 375, 170, 61, 241, 319, 386, 308, 104, 14, 253, 348, 148, 51, 160, 214, 45, 240, 146, 409, 442, 147, 296, 79, 232, 166, 153, 152, 299, 358, 88, 373, 44, 306, 59, 18, 169, 112, 136, 248, 431, 323, 200, 354, 332, 83, 144, 149, 316, 301, 401, 96, 108, 346, 82, 389, 291, 198, 381, 349, 511, 265, 455, 483, 178, 496, 1, 193, 226, 60, 492, 194, 376, 459, 452, 203, 272, 264, 69, 97, 295, 85, 417, 448, 510, 0, 130, 182, 391, 128, 398, 49, 9, 246, 7, 413, 473, 383, 502, 235, 50, 388, 121, 23, 504, 325, 307, 290, 390, 396, 159, 463, 470, 262, 132, 234, 151, 318, 472, 192, 68, 310, 72, 110, 273, 19, 24, 250, 17, 106, 38, 428, 180, 357, 138, 331, 65, 329, 419, 344, 139, 441, 179, 89, 415, 338, 63, 229, 2, 177, 32, 199, 122, 56, 164, 254, 302, 27, 42, 22, 292, 281, 282, 162, 464, 26, 508, 98, 414, 509, 279, 313, 220, 474, 52, 482, 161, 385, 206, 223, 181, 58, 351, 505, 35, 425, 305, 400, 150, 92, 266, 57, 53, 418, 420, 247, 205, 333, 377, 142, 335]","[0, 1, 3, 7, 15, 18, 22, 23, 24, 26, 35, 40, 42, 45, 46, 49, 50, 57, 60, 61, 68, 69, 79, 85, 88, 97, 98, 104, 120, 121, 122, 123, 124, 128, 130, 132, 136, 138, 142, 144, 146, 147, 148, 151, 152, 153, 159, 162, 164, 170, 172, 175, 178, 182, 192, 193, 205, 209, 223, 224, 226, 227, 240, 241, 246, 247, 248, 250, 252, 253, 262, 264, 266, 281, 292, 305, 307, 313, 314, 316, 318, 319, 329, 330, 331, 333, 344, 346, 349, 351, 358, 373, 377, 385, 386, 388, 391, 392, 398, 409, 413, 414, 417, 419, 420, 431, 432, 446, 448, 453, 463, 470, 473, 474, 482, 483, 487, 494, 503, 504, 509]"
20,"[382, 321, 91, 250, 212, 11, 176, 186, 219, 34, 35, 426, 477, 357, 497, 248, 73, 99, 279, 410, 153, 324, 159, 392, 148, 294, 36, 56, 95, 396, 435, 484, 228, 199, 419, 232, 474, 449, 256, 348, 332, 311, 230, 380, 361, 210, 140, 480, 409, 202, 479, 296, 468, 501, 72, 342, 353, 109, 283, 377, 340, 255, 239, 498, 157, 62, 429, 66, 195, 217, 240, 458, 436, 453, 87, 241, 14, 17, 83, 341, 122, 251, 192, 350, 327, 79, 276, 177, 247, 441, 508, 236, 368, 103, 354, 306, 50, 282, 220, 194, 5, 381, 162, 483, 118, 145, 385, 504, 107, 467, 204, 364, 408, 16, 52, 110, 67, 98, 124, 218, 264, 51, 307, 261, 418, 486, 174, 315, 169, 312, 191, 331, 170, 211, 466, 23, 402, 344, 43, 163, 325, 231, 502, 246, 299, 190, 139, 473, 113, 346, 351, 462, 338, 398, 86, 347, 9, 187, 298, 160, 216, 24, 40, 268, 92, 372, 18, 205, 355, 438, 70, 496, 303, 367, 88, 424, 22, 271, 506, 507, 10, 31, 273, 446, 500, 226, 420, 89, 119, 365, 165, 243, 46, 234, 349, 421, 26, 293, 125, 19, 49, 337, 207, 108, 168, 423, 434, 280, 383, 41, 289, 166, 352, 138, 415, 262, 151, 121, 260, 156, 334, 503, 12, 375, 101, 2, 472, 393, 313, 270, 318, 225, 439, 278, 300, 302, 455, 0, 445, 213, 401, 96, 221, 326, 193, 8, 416, 489, 224, 116, 197, 154, 285, 54, 277, 390]","[131, 147, 223, 89, 379, 86, 40, 353, 441, 371, 289, 394, 118, 329, 242, 291, 28, 317, 399, 45, 432, 328, 492, 281, 82, 378, 506, 430, 356, 78, 332, 307, 327, 65, 159, 103, 282, 311, 465, 250, 347, 368, 189, 436, 298, 161, 335, 423, 220, 70, 106, 122, 154, 238, 385, 1, 433, 448, 135, 196, 299, 157, 257, 443, 213, 263, 216, 504, 24, 505, 72, 183, 340, 174, 218, 392, 355, 331, 12, 338, 272, 88, 422, 411, 380, 373, 26, 32, 179, 60, 346, 231, 266, 274, 87, 3, 18, 0, 208, 143, 365, 172, 429, 222, 440, 168, 381, 107, 17, 129, 284, 437, 308, 34, 389, 255, 199, 414, 451, 245, 450, 128, 357, 200, 360, 113, 265, 233, 114, 476, 313, 267, 374, 482, 362, 350, 188, 462, 167, 173, 163, 36, 315, 11, 324, 503, 488, 442, 33, 252, 42, 9, 180, 480, 93, 61, 181, 296, 407, 178, 62, 53, 204, 364, 496, 277, 164, 318, 101, 345, 141, 401, 117, 150, 104, 293, 507, 300, 201, 51, 59, 221, 83, 57, 256, 111, 398, 232, 81, 305, 219, 428, 404, 359, 369, 149, 457, 14, 109, 249, 343, 287, 102, 134, 80, 19, 454, 435, 67, 243, 511, 151, 309, 121, 405, 50, 372, 75, 330, 351, 169, 85, 195, 15, 235, 316, 205, 427, 165, 55, 339, 44, 463, 475, 341, 290, 43, 402, 397, 214, 166, 240, 502, 170, 403, 321, 98, 10, 97, 386, 426, 91, 251, 92, 144, 230]","[0, 9, 10, 11, 12, 14, 17, 18, 19, 24, 26, 34, 36, 40, 43, 50, 51, 62, 67, 70, 72, 83, 86, 87, 88, 89, 91, 92, 98, 101, 103, 107, 109, 113, 118, 121, 122, 151, 154, 157, 159, 163, 165, 166, 168, 169, 170, 174, 195, 199, 204, 205, 213, 216, 218, 219, 220, 221, 230, 231, 232, 240, 243, 250, 251, 255, 256, 277, 282, 289, 293, 296, 298, 299, 300, 307, 311, 313, 315, 318, 321, 324, 327, 331, 332, 338, 340, 341, 346, 347, 350, 351, 353, 355, 357, 364, 365, 368, 372, 380, 381, 385, 392, 398, 401, 402, 423, 426, 429, 435, 436, 441, 462, 480, 496, 502, 503, 504, 506, 507]"
21,"[335, 146, 153, 122, 292, 342, 18, 102, 261, 510, 278, 10, 200, 328, 244, 127, 149, 473, 392, 181, 289, 116, 391, 50, 79, 137, 163, 458, 77, 359, 351, 364, 100, 107, 179, 106, 237, 143, 83, 211, 94, 209, 330, 436, 353, 494, 207, 304, 219, 358, 73, 108, 332, 331, 348, 285, 310, 169, 345, 98, 506, 407, 225, 68, 475, 165, 450, 187, 87, 340, 419, 352, 325, 479, 175, 204, 498, 59, 238, 478, 294, 118, 287, 496, 182, 130, 445, 138, 92, 404, 120, 195, 306, 223, 286, 427, 487, 171, 318, 504, 338, 126, 216, 233, 46, 113, 145, 295, 27, 416, 370, 503, 382, 76, 255, 437, 239, 5, 242, 183, 212, 140, 20, 39, 258, 268, 72, 507, 198, 454, 346, 28, 470, 276, 252, 418, 38, 49, 218, 70, 208, 422, 114, 403, 274, 44, 196, 63, 434, 81, 164, 25, 283, 194, 315, 29, 228, 356, 273, 406, 290, 389, 307, 280, 344, 484, 235, 24, 245, 128, 384, 373, 101, 401, 58, 471, 319, 467, 485, 45, 483, 429, 249, 317, 343, 95, 387, 148, 254, 400, 365, 155, 61, 501, 383, 256, 313, 423, 185, 420, 131, 505, 224, 327, 84, 60, 357, 334, 56, 232, 441, 105, 432, 151, 34, 456, 368, 214, 263, 162, 447, 201, 221, 300, 117, 511, 320, 291, 355, 31, 9, 459, 157, 176, 32, 415, 428, 472, 350, 439, 19, 21, 26, 57, 75, 226, 329, 333, 508, 248, 362, 481, 375, 266, 374, 23]","[281, 213, 137, 425, 68, 292, 395, 128, 203, 338, 20, 303, 484, 258, 314, 464, 334, 84, 511, 140, 243, 405, 209, 184, 167, 324, 150, 309, 345, 448, 293, 17, 276, 261, 9, 204, 171, 465, 504, 197, 149, 359, 181, 323, 348, 94, 226, 470, 215, 268, 319, 505, 444, 208, 43, 500, 327, 452, 299, 90, 69, 0, 394, 477, 271, 382, 148, 375, 426, 265, 355, 445, 247, 118, 106, 440, 224, 201, 18, 409, 508, 255, 463, 302, 436, 297, 196, 301, 178, 212, 473, 93, 228, 188, 191, 165, 86, 146, 370, 164, 287, 316, 416, 497, 402, 461, 123, 87, 326, 424, 72, 373, 384, 251, 19, 220, 21, 240, 462, 393, 29, 166, 92, 317, 509, 278, 307, 467, 479, 200, 129, 367, 446, 390, 186, 248, 288, 411, 339, 294, 454, 163, 122, 481, 482, 245, 62, 378, 143, 53, 156, 321, 63, 13, 466, 447, 351, 273, 172, 490, 78, 471, 98, 295, 312, 331, 404, 232, 6, 453, 51, 412, 35, 153, 254, 120, 310, 474, 54, 162, 229, 260, 125, 242, 134, 262, 47, 340, 83, 510, 5, 380, 347, 439, 130, 387, 221, 487, 244, 413, 483, 239, 396, 195, 283, 457, 102, 145, 377, 127, 282, 66, 170, 179, 306, 126, 192, 225, 14, 104, 442, 136, 210, 427, 1, 198, 417, 277, 173, 369, 34, 391, 142, 222, 207, 108, 58, 95, 350, 449, 3, 107, 131, 161, 241, 37, 113, 194, 485, 16, 155, 459, 305, 110, 79, 492]","[5, 9, 18, 19, 20, 21, 29, 34, 58, 63, 68, 72, 79, 83, 84, 87, 92, 94, 95, 98, 102, 106, 107, 108, 113, 118, 120, 122, 126, 127, 128, 130, 131, 137, 140, 143, 145, 146, 148, 149, 153, 155, 162, 163, 164, 165, 171, 179, 181, 194, 195, 196, 198, 200, 201, 204, 207, 208, 209, 212, 221, 224, 225, 226, 228, 232, 239, 242, 244, 245, 248, 254, 255, 258, 261, 268, 273, 276, 278, 283, 287, 292, 294, 295, 306, 307, 310, 317, 319, 327, 331, 334, 338, 340, 345, 348, 350, 351, 355, 359, 370, 373, 375, 382, 384, 387, 391, 404, 416, 427, 436, 439, 445, 447, 454, 459, 467, 470, 471, 473, 479, 481, 483, 484, 485, 487, 504, 505, 508, 510, 511]"
22,"[374, 178, 335, 34, 215, 253, 129, 454, 245, 508, 328, 400, 348, 212, 506, 7, 440, 312, 16, 51, 248, 490, 45, 160, 233, 283, 189, 44, 465, 11, 340, 380, 145, 24, 373, 265, 396, 192, 450, 4, 230, 276, 334, 367, 198, 291, 139, 287, 435, 488, 358, 63, 434, 469, 130, 386, 184, 79, 241, 186, 213, 475, 458, 258, 464, 244, 387, 251, 452, 74, 46, 104, 480, 150, 232, 5, 36, 427, 47, 6, 500, 471, 136, 418, 239, 392, 32, 406, 463, 227, 376, 316, 478, 318, 422, 444, 67, 267, 272, 377, 167, 19, 397, 331, 322, 180, 428, 207, 297, 236, 292, 205, 48, 509, 371, 249, 166, 438, 105, 56, 228, 102, 269, 415, 149, 399, 65, 477, 461, 188, 372, 252, 165, 325, 61, 504, 197, 472, 161, 193, 114, 1, 421, 220, 351, 404, 375, 284, 222, 171, 417, 393, 495, 379, 482, 411, 314, 240, 50, 223, 263, 408, 221, 107, 20, 498, 70, 466, 49, 405, 54, 187, 94, 72, 315, 262, 25, 491, 43, 69, 274, 90, 414, 110, 183, 313, 467, 455, 344, 484, 153, 162, 391, 402, 210, 103, 119, 360, 202, 200, 257, 285, 84, 337, 306, 254, 133, 333, 96, 277, 256, 503, 329, 196, 341, 29, 430, 89, 22, 109, 366, 487, 494, 381, 125, 383, 378, 362, 481, 15, 168, 204, 302, 157, 319, 384, 85, 270, 156, 108, 237, 66, 224, 403, 425, 342, 349, 423, 347, 100, 31, 33, 214, 407, 88, 433]","[164, 427, 480, 26, 310, 101, 442, 107, 295, 106, 313, 195, 507, 49, 219, 292, 347, 11, 124, 253, 481, 445, 125, 61, 276, 76, 466, 162, 279, 72, 172, 36, 218, 287, 102, 90, 225, 0, 444, 144, 150, 440, 28, 111, 258, 173, 40, 491, 263, 154, 484, 161, 190, 123, 408, 270, 425, 428, 396, 485, 502, 314, 23, 479, 384, 213, 462, 370, 148, 170, 360, 375, 326, 361, 66, 349, 330, 324, 461, 53, 201, 128, 261, 117, 456, 130, 21, 451, 216, 492, 63, 319, 265, 489, 452, 289, 184, 1, 146, 244, 179, 483, 468, 58, 471, 450, 407, 151, 198, 243, 390, 224, 308, 336, 138, 307, 160, 20, 240, 266, 234, 241, 306, 44, 120, 212, 460, 82, 352, 217, 366, 208, 54, 189, 93, 85, 110, 402, 25, 116, 238, 397, 119, 329, 45, 122, 153, 259, 368, 317, 273, 12, 424, 129, 474, 470, 316, 437, 192, 152, 404, 176, 8, 228, 121, 140, 315, 84, 395, 300, 469, 132, 235, 293, 81, 465, 412, 354, 387, 367, 434, 214, 490, 178, 145, 509, 393, 250, 51, 303, 69, 487, 15, 99, 247, 383, 41, 298, 230, 24, 260, 174, 392, 286, 166, 338, 497, 199, 335, 277, 115, 30, 17, 359, 233, 239, 59, 305, 325, 19, 267, 50, 155, 87, 52, 18, 499, 400, 426, 70, 486, 453, 114, 226, 322, 236, 455, 203, 281, 433, 436, 381, 416, 374, 432, 382, 6, 126, 457, 210, 302, 9, 159, 413, 410, 62]","[1, 6, 11, 15, 19, 20, 24, 25, 36, 44, 45, 49, 50, 51, 54, 61, 63, 66, 69, 70, 72, 84, 85, 90, 102, 107, 110, 114, 119, 125, 129, 130, 145, 150, 153, 160, 161, 162, 166, 178, 184, 189, 192, 198, 210, 212, 213, 214, 224, 228, 230, 233, 236, 239, 240, 241, 244, 253, 258, 263, 265, 267, 270, 276, 277, 287, 292, 302, 306, 313, 314, 315, 316, 319, 322, 325, 329, 335, 347, 349, 360, 366, 367, 374, 375, 381, 383, 384, 387, 392, 393, 396, 397, 400, 402, 404, 407, 408, 425, 427, 428, 433, 434, 440, 444, 450, 452, 455, 461, 465, 466, 469, 471, 480, 481, 484, 487, 490, 491, 509]"
23,"[375, 368, 92, 139, 298, 101, 114, 289, 176, 90, 88, 483, 182, 57, 256, 144, 313, 135, 342, 78, 131, 153, 454, 127, 281, 510, 106, 189, 263, 490, 457, 19, 61, 408, 293, 140, 469, 207, 201, 2, 236, 316, 360, 109, 53, 325, 148, 47, 307, 275, 152, 132, 496, 224, 435, 238, 248, 478, 177, 468, 95, 228, 202, 419, 203, 413, 366, 297, 400, 370, 159, 330, 16, 104, 270, 349, 258, 306, 145, 39, 85, 280, 334, 154, 358, 461, 437, 269, 508, 179, 356, 403, 395, 199, 107, 267, 187, 260, 242, 450, 1, 197, 233, 480, 44, 65, 266, 81, 421, 326, 244, 22, 241, 428, 149, 417, 347, 196, 31, 464, 55, 259, 452, 94, 396, 387, 38, 441, 362, 227, 409, 501, 406, 463, 54, 411, 473, 86, 134, 398, 123, 188, 116, 291, 382, 194, 299, 146, 186, 223, 357, 432, 14, 173, 433, 151, 3, 332, 142, 83, 290, 277, 0, 240, 422, 249, 178, 185, 100, 217, 489, 30, 414, 354, 25, 133, 451, 317, 418, 365, 416, 70, 84, 264, 138, 304, 300, 35, 286, 43, 77, 462, 467, 401, 377, 10, 17, 230, 69, 397, 276, 181, 216, 507, 15, 229, 174, 98, 273, 492, 431, 503, 282, 13, 254, 309, 129, 250, 494, 391, 296, 172, 412, 66, 62, 206, 214, 460, 340, 487, 359, 315, 471, 481, 465, 213, 445, 346, 255, 183, 389, 453, 63, 318, 218, 50, 502, 339, 121, 348, 425, 219, 252, 111, 436, 424]","[305, 134, 317, 457, 57, 73, 46, 166, 459, 223, 273, 369, 75, 120, 168, 342, 321, 191, 292, 163, 179, 24, 495, 228, 63, 67, 13, 86, 156, 502, 132, 162, 197, 80, 454, 217, 59, 148, 100, 116, 211, 323, 420, 40, 289, 275, 103, 301, 222, 240, 399, 355, 127, 488, 188, 33, 316, 497, 319, 498, 287, 28, 91, 34, 381, 411, 51, 269, 177, 478, 76, 462, 390, 18, 109, 151, 504, 234, 365, 145, 410, 114, 9, 303, 216, 14, 207, 200, 37, 386, 185, 372, 314, 445, 286, 49, 332, 99, 244, 510, 236, 385, 389, 274, 439, 428, 225, 324, 233, 143, 105, 23, 417, 508, 302, 60, 407, 429, 414, 101, 15, 298, 54, 253, 375, 288, 397, 17, 431, 279, 472, 124, 150, 64, 364, 268, 460, 218, 265, 308, 284, 4, 210, 159, 352, 404, 446, 158, 509, 486, 36, 475, 401, 492, 327, 421, 81, 444, 45, 348, 246, 140, 447, 362, 68, 190, 119, 489, 38, 26, 95, 264, 379, 403, 318, 164, 12, 3, 297, 358, 258, 345, 83, 245, 6, 96, 476, 138, 8, 187, 113, 395, 483, 423, 48, 47, 494, 449, 41, 335, 78, 360, 0, 464, 213, 108, 131, 30, 58, 376, 152, 256, 209, 52, 50, 205, 371, 351, 129, 115, 272, 477, 198, 178, 409, 170, 281, 465, 391, 394, 7, 507, 500, 157, 16, 53, 62, 458, 71, 149, 167, 280, 251, 125, 368, 195, 434, 479, 338, 235, 180, 74, 176, 291, 22, 490]","[0, 3, 13, 14, 15, 16, 17, 22, 30, 38, 47, 50, 53, 54, 57, 62, 63, 78, 81, 83, 86, 95, 100, 101, 109, 114, 116, 127, 129, 131, 132, 134, 138, 140, 145, 148, 149, 151, 152, 159, 176, 177, 178, 179, 185, 187, 188, 197, 207, 213, 216, 217, 218, 223, 228, 233, 236, 240, 244, 256, 258, 264, 269, 273, 275, 280, 281, 286, 289, 291, 297, 298, 316, 317, 318, 332, 342, 348, 358, 360, 362, 365, 368, 375, 389, 391, 395, 397, 401, 403, 409, 411, 414, 417, 421, 428, 431, 445, 454, 457, 460, 462, 464, 465, 478, 483, 489, 490, 492, 494, 502, 507, 508, 510]"
24,"[347, 490, 237, 158, 189, 487, 310, 171, 334, 319, 451, 302, 341, 464, 12, 366, 242, 496, 93, 369, 120, 260, 250, 257, 264, 389, 27, 256, 148, 378, 66, 149, 411, 276, 25, 484, 89, 402, 8, 431, 316, 196, 173, 19, 446, 23, 63, 75, 78, 330, 10, 430, 212, 407, 153, 101, 111, 243, 475, 274, 214, 61, 434, 247, 236, 167, 166, 57, 421, 376, 314, 145, 44, 392, 268, 244, 122, 213, 16, 495, 146, 168, 281, 180, 221, 492, 165, 152, 360, 147, 447, 339, 499, 204, 298, 222, 118, 452, 419, 199, 377, 337, 50, 105, 317, 297, 140, 269, 460, 241, 255, 412, 453, 22, 342, 201, 54, 18, 62, 193, 415, 309, 390, 386, 399, 170, 382, 169, 416, 79, 262, 1, 469, 220, 454, 465, 443, 228, 379, 448, 455, 60, 46, 186, 191, 45, 3, 198, 159, 230, 506, 473, 56, 381, 277, 362, 329, 263, 467, 439, 254, 96, 493, 206, 231, 293, 287, 267, 286, 135, 400, 185, 121, 224, 450, 349, 477, 346, 290, 92, 47, 470, 509, 332, 150, 355, 348, 428, 30, 208, 364, 278, 331, 420, 356, 301, 108, 491, 404, 65, 97, 127, 240, 11, 328, 194, 136, 374, 151, 115, 39, 175, 59, 472, 207, 478, 162, 176, 192, 312, 34, 391, 489, 456, 498, 353, 182, 4, 432, 42, 354, 43, 246, 292, 457, 107, 227, 187, 81, 177, 296, 24, 280, 406, 100, 253, 504, 52, 141, 157, 373, 371, 125, 129, 14, 507]","[317, 374, 309, 228, 254, 495, 124, 248, 476, 39, 42, 88, 268, 205, 501, 369, 433, 198, 436, 388, 259, 256, 454, 36, 273, 171, 319, 370, 5, 56, 260, 295, 167, 299, 77, 204, 60, 360, 236, 290, 154, 153, 84, 32, 483, 90, 479, 311, 279, 169, 224, 140, 376, 425, 73, 24, 362, 117, 305, 480, 364, 159, 458, 486, 66, 306, 471, 416, 394, 402, 30, 274, 246, 448, 503, 148, 146, 165, 174, 496, 493, 464, 86, 230, 63, 431, 406, 270, 262, 239, 440, 201, 367, 489, 344, 213, 218, 57, 85, 173, 291, 346, 41, 181, 385, 499, 263, 444, 221, 6, 196, 266, 285, 110, 65, 15, 59, 442, 100, 152, 419, 244, 129, 69, 457, 410, 384, 249, 474, 432, 267, 460, 507, 298, 38, 322, 197, 407, 89, 424, 17, 502, 482, 356, 105, 16, 193, 361, 301, 451, 72, 143, 23, 445, 468, 257, 130, 87, 217, 418, 282, 231, 340, 79, 380, 404, 45, 103, 492, 29, 328, 284, 139, 396, 314, 14, 180, 428, 176, 347, 487, 151, 134, 61, 332, 206, 449, 485, 413, 131, 34, 116, 353, 135, 350, 203, 144, 49, 372, 245, 312, 185, 289, 220, 225, 94, 106, 334, 318, 498, 393, 126, 234, 287, 76, 50, 329, 122, 281, 215, 326, 107, 109, 327, 200, 426, 366, 477, 261, 265, 341, 141, 450, 391, 19, 278, 74, 161, 178, 20, 397, 127, 192, 339, 481, 437, 184, 378, 354, 389, 18, 160, 447, 456, 300, 123]","[14, 16, 18, 19, 23, 24, 30, 34, 39, 42, 45, 50, 56, 57, 59, 60, 61, 63, 65, 66, 79, 89, 100, 105, 107, 122, 127, 129, 135, 140, 141, 146, 148, 151, 152, 153, 159, 165, 167, 169, 171, 173, 176, 180, 185, 192, 193, 196, 198, 201, 204, 206, 213, 220, 221, 224, 228, 230, 231, 236, 244, 246, 254, 256, 257, 260, 262, 263, 267, 268, 274, 278, 281, 287, 290, 298, 301, 309, 312, 314, 317, 319, 328, 329, 332, 334, 339, 341, 346, 347, 353, 354, 356, 360, 362, 364, 366, 369, 374, 376, 378, 389, 391, 402, 404, 406, 407, 416, 419, 428, 431, 432, 447, 448, 450, 451, 454, 456, 457, 460, 464, 477, 487, 489, 492, 493, 495, 496, 498, 499, 507]"
25,"[11, 192, 95, 101, 117, 171, 122, 72, 107, 258, 322, 441, 206, 127, 293, 283, 252, 469, 189, 508, 52, 216, 143, 374, 199, 157, 63, 94, 64, 504, 89, 16, 496, 175, 479, 235, 440, 188, 114, 296, 104, 166, 276, 415, 495, 480, 408, 34, 298, 182, 207, 87, 152, 98, 291, 21, 218, 326, 382, 502, 507, 475, 197, 406, 453, 47, 148, 45, 347, 227, 183, 399, 423, 381, 433, 362, 403, 397, 155, 350, 194, 229, 467, 60, 287, 427, 84, 482, 410, 289, 371, 128, 290, 304, 334, 490, 17, 271, 100, 354, 19, 446, 226, 500, 132, 452, 311, 339, 375, 65, 324, 236, 113, 200, 458, 367, 88, 43, 384, 261, 198, 208, 315, 237, 36, 429, 214, 153, 32, 316, 420, 270, 71, 501, 137, 75, 31, 146, 449, 121, 310, 129, 70, 409, 419, 243, 417, 445, 232, 483, 211, 472, 259, 343, 163, 13, 6, 459, 505, 297, 23, 263, 190, 37, 493, 76, 217, 424, 7, 319, 363, 356, 383, 102, 131, 30, 256, 167, 463, 264, 473, 364, 33, 471, 39, 165, 139, 376, 331, 245, 118, 219, 231, 329, 266, 253, 305, 327, 299, 140, 412, 330, 430, 428, 46, 81, 401, 476, 470, 277, 411, 267, 302, 320, 422, 461, 272, 66, 109, 15, 92, 359, 249, 4, 228, 136, 444, 53, 335, 42, 187, 294, 224, 130, 191, 230, 159, 386, 115, 260, 355, 246, 68, 50, 96, 485, 340, 59, 222, 344, 29, 372, 203, 240, 378, 134]","[365, 191, 296, 313, 402, 307, 389, 437, 114, 341, 275, 349, 52, 86, 112, 415, 217, 410, 474, 322, 235, 229, 59, 144, 115, 182, 342, 350, 199, 189, 120, 76, 482, 440, 194, 375, 445, 38, 507, 508, 486, 327, 308, 438, 215, 126, 138, 137, 473, 53, 109, 173, 345, 43, 450, 304, 196, 265, 314, 456, 420, 69, 37, 282, 156, 62, 309, 352, 192, 33, 203, 155, 153, 411, 293, 303, 224, 343, 151, 476, 436, 15, 405, 202, 481, 128, 468, 116, 30, 325, 442, 371, 461, 324, 370, 288, 261, 175, 249, 286, 334, 452, 384, 406, 490, 397, 280, 465, 57, 509, 78, 428, 385, 140, 257, 368, 208, 74, 243, 435, 214, 132, 457, 4, 466, 2, 480, 404, 306, 354, 463, 16, 227, 399, 377, 44, 372, 328, 331, 55, 495, 171, 426, 401, 226, 499, 253, 266, 108, 276, 407, 157, 414, 12, 220, 500, 396, 433, 251, 162, 8, 47, 92, 469, 268, 10, 7, 241, 174, 70, 237, 85, 419, 444, 102, 496, 382, 64, 104, 373, 28, 489, 300, 122, 498, 504, 394, 339, 176, 26, 152, 390, 263, 212, 93, 11, 281, 278, 291, 484, 50, 205, 459, 96, 485, 310, 5, 27, 336, 67, 239, 216, 376, 184, 101, 318, 429, 228, 110, 245, 121, 185, 242, 94, 213, 355, 393, 346, 398, 364, 82, 46, 172, 168, 83, 510, 91, 418, 491, 195, 204, 362, 413, 332, 378, 248, 356, 388, 221, 317, 225, 432, 103, 158, 319, 391]","[4, 7, 11, 15, 16, 30, 33, 37, 43, 46, 47, 50, 52, 53, 59, 64, 70, 76, 92, 94, 96, 101, 102, 104, 109, 114, 115, 121, 122, 128, 132, 137, 140, 152, 153, 155, 157, 171, 175, 182, 189, 191, 192, 194, 199, 203, 208, 214, 216, 217, 224, 226, 227, 228, 229, 235, 237, 243, 245, 249, 253, 261, 263, 266, 276, 291, 293, 296, 304, 310, 319, 322, 324, 327, 331, 334, 339, 343, 350, 354, 355, 356, 362, 364, 371, 372, 375, 376, 378, 382, 384, 397, 399, 401, 406, 410, 411, 415, 419, 420, 428, 429, 433, 440, 444, 445, 452, 459, 461, 463, 469, 473, 476, 480, 482, 485, 490, 495, 496, 500, 504, 507, 508]"
26,"[314, 150, 180, 354, 32, 494, 434, 327, 49, 407, 225, 202, 281, 389, 247, 340, 445, 60, 311, 76, 161, 356, 406, 284, 30, 10, 249, 335, 8, 127, 197, 18, 58, 213, 383, 190, 368, 367, 85, 478, 345, 138, 483, 147, 196, 6, 114, 227, 1, 267, 485, 341, 199, 331, 259, 21, 47, 201, 86, 36, 59, 320, 87, 468, 123, 486, 27, 153, 333, 40, 216, 484, 96, 210, 324, 95, 487, 243, 309, 355, 388, 451, 257, 264, 493, 490, 233, 116, 67, 404, 189, 370, 111, 377, 81, 23, 62, 374, 84, 348, 265, 474, 22, 501, 411, 426, 118, 339, 447, 137, 206, 61, 435, 386, 431, 232, 495, 416, 2, 336, 176, 481, 496, 319, 283, 410, 357, 278, 226, 29, 152, 104, 172, 25, 56, 71, 168, 299, 317, 97, 26, 191, 362, 31, 505, 231, 177, 497, 64, 507, 359, 443, 117, 280, 432, 277, 24, 394, 261, 186, 223, 253, 334, 343, 75, 130, 179, 41, 50, 154, 110, 442, 448, 375, 136, 54, 93, 511, 293, 92, 170, 401, 303, 372, 99, 164, 42, 254, 9, 466, 46, 452, 262, 425, 12, 429, 120, 373, 66, 337, 203, 480, 420, 460, 98, 492, 302, 437, 477, 5, 113, 313, 294, 454, 349, 207, 326, 35, 167, 400, 472, 7, 502, 500, 80, 273, 353, 381, 403, 52, 11, 194, 16, 328, 268, 470, 498, 198, 133, 162, 90, 217, 149, 248, 379, 88, 73, 371, 241, 316, 174, 488, 235, 382, 414, 134]","[370, 143, 31, 498, 291, 62, 342, 433, 288, 77, 429, 248, 110, 232, 328, 14, 330, 66, 357, 88, 3, 263, 239, 269, 80, 68, 242, 359, 389, 48, 176, 482, 487, 347, 374, 483, 236, 475, 298, 188, 155, 81, 1, 293, 453, 196, 39, 61, 442, 421, 199, 412, 441, 346, 461, 455, 490, 234, 303, 89, 125, 63, 21, 220, 38, 181, 127, 172, 355, 58, 119, 285, 82, 15, 146, 472, 43, 177, 443, 53, 41, 102, 60, 476, 116, 49, 156, 437, 108, 231, 100, 459, 70, 79, 67, 385, 259, 400, 136, 340, 99, 121, 331, 405, 314, 131, 390, 180, 308, 159, 431, 262, 10, 295, 322, 200, 55, 373, 267, 449, 294, 396, 425, 392, 224, 368, 192, 169, 111, 420, 245, 214, 85, 367, 450, 253, 467, 384, 401, 90, 436, 163, 158, 454, 488, 280, 319, 238, 268, 218, 171, 69, 230, 266, 361, 493, 419, 351, 403, 462, 211, 377, 145, 345, 395, 465, 56, 299, 350, 364, 212, 250, 360, 186, 452, 16, 33, 42, 283, 86, 190, 255, 434, 13, 213, 470, 113, 440, 337, 460, 26, 201, 305, 484, 292, 300, 508, 87, 286, 309, 341, 4, 290, 369, 439, 150, 109, 338, 478, 206, 64, 256, 124, 101, 112, 494, 321, 22, 414, 279, 222, 491, 133, 154, 409, 157, 233, 510, 193, 71, 296, 486, 387, 252, 114, 274, 430, 458, 391, 489, 187, 65, 210, 219, 402, 363, 168, 418, 84, 500, 50, 59, 464, 215, 306, 105]","[1, 10, 16, 21, 22, 26, 31, 41, 42, 49, 50, 56, 58, 59, 60, 61, 62, 64, 66, 67, 71, 80, 81, 84, 85, 86, 87, 88, 90, 99, 110, 111, 113, 114, 116, 127, 133, 136, 150, 154, 168, 172, 176, 177, 180, 186, 190, 196, 199, 201, 206, 210, 213, 231, 232, 233, 248, 253, 259, 262, 267, 268, 280, 283, 293, 294, 299, 303, 309, 314, 319, 328, 331, 337, 340, 341, 345, 355, 357, 359, 367, 368, 370, 373, 374, 377, 389, 400, 401, 403, 414, 420, 425, 429, 431, 434, 437, 442, 443, 452, 454, 460, 470, 472, 478, 483, 484, 486, 487, 488, 490, 493, 494, 498, 500]"
27,"[486, 272, 404, 366, 325, 61, 194, 152, 126, 412, 2, 466, 493, 417, 502, 336, 293, 99, 498, 432, 500, 31, 141, 218, 435, 397, 276, 246, 279, 389, 197, 460, 401, 449, 121, 224, 233, 50, 438, 92, 456, 128, 165, 326, 110, 390, 198, 260, 487, 202, 490, 255, 163, 463, 361, 262, 57, 81, 455, 352, 296, 346, 428, 238, 358, 459, 85, 473, 168, 245, 254, 65, 511, 491, 142, 496, 510, 4, 467, 84, 42, 235, 474, 113, 413, 484, 271, 420, 381, 210, 209, 107, 242, 394, 67, 289, 11, 373, 199, 230, 433, 76, 379, 176, 179, 472, 6, 102, 288, 323, 143, 73, 444, 422, 129, 508, 324, 178, 34, 447, 398, 72, 344, 369, 367, 446, 86, 116, 234, 482, 439, 275, 108, 135, 23, 265, 193, 132, 248, 90, 410, 302, 200, 285, 55, 58, 106, 423, 495, 166, 144, 9, 87, 95, 292, 308, 385, 256, 181, 206, 24, 96, 356, 315, 115, 35, 66, 177, 78, 20, 471, 26, 364, 396, 191, 83, 374, 437, 348, 63, 98, 251, 504, 249, 383, 333, 503, 183, 360, 480, 329, 74, 157, 278, 105, 476, 214, 60, 478, 378, 391, 354, 485, 127, 41, 427, 216, 196, 283, 119, 321, 175, 82, 79, 319, 25, 269, 75, 280, 483, 8, 340, 53, 112, 111, 314, 424, 368, 161, 215, 232, 229, 169, 227, 243, 263, 5, 264, 370, 118, 19, 158, 123, 219, 479, 159, 241, 371, 192, 189, 138, 335, 274, 339, 136, 114]","[9, 230, 71, 145, 183, 39, 504, 316, 503, 493, 164, 62, 121, 498, 480, 111, 360, 426, 297, 45, 478, 78, 134, 312, 298, 196, 272, 420, 440, 419, 96, 244, 381, 258, 249, 423, 363, 30, 339, 110, 12, 26, 165, 171, 68, 303, 175, 438, 203, 276, 367, 510, 123, 508, 153, 92, 11, 376, 17, 263, 399, 260, 135, 104, 180, 366, 163, 277, 442, 388, 302, 436, 18, 408, 433, 472, 307, 108, 294, 156, 174, 128, 207, 456, 346, 139, 10, 65, 3, 86, 468, 82, 32, 354, 447, 130, 390, 347, 422, 454, 204, 97, 53, 499, 124, 233, 1, 238, 36, 439, 296, 160, 75, 251, 133, 343, 268, 48, 467, 198, 219, 77, 74, 474, 202, 375, 275, 290, 172, 373, 226, 147, 304, 342, 55, 306, 157, 435, 262, 256, 282, 29, 252, 200, 293, 6, 411, 501, 51, 237, 404, 487, 8, 321, 379, 235, 386, 324, 331, 155, 434, 385, 362, 106, 116, 364, 41, 338, 287, 35, 199, 85, 247, 382, 245, 16, 492, 448, 131, 118, 402, 334, 115, 109, 378, 462, 239, 397, 14, 80, 496, 449, 463, 265, 79, 505, 318, 361, 189, 185, 270, 70, 33, 162, 485, 301, 242, 425, 335, 24, 333, 392, 217, 291, 46, 405, 206, 322, 43, 494, 126, 424, 308, 73, 243, 0, 148, 192, 415, 488, 325, 271, 391, 214, 283, 193, 427, 327, 314, 489, 396, 495, 261, 457, 481, 370, 137, 222, 509, 418, 264, 197, 351, 114, 225, 466]","[6, 8, 9, 11, 24, 26, 35, 41, 53, 55, 65, 73, 74, 75, 78, 79, 82, 85, 86, 92, 96, 106, 108, 110, 111, 114, 115, 116, 118, 121, 123, 126, 128, 135, 157, 163, 165, 175, 183, 189, 192, 193, 196, 197, 198, 199, 200, 202, 206, 214, 219, 230, 233, 235, 238, 242, 243, 245, 249, 251, 256, 260, 262, 263, 264, 265, 271, 272, 275, 276, 283, 293, 296, 302, 308, 314, 321, 324, 325, 333, 335, 339, 346, 354, 360, 361, 364, 366, 367, 370, 373, 378, 379, 381, 385, 390, 391, 396, 397, 404, 420, 422, 423, 424, 427, 433, 435, 438, 439, 447, 449, 456, 463, 466, 467, 472, 474, 478, 480, 485, 487, 493, 495, 496, 498, 503, 504, 508, 510]"
28,"[160, 179, 85, 479, 304, 449, 143, 301, 220, 253, 330, 111, 13, 373, 487, 18, 358, 456, 73, 353, 346, 200, 333, 462, 243, 152, 310, 352, 110, 69, 115, 156, 498, 361, 198, 41, 486, 406, 9, 511, 382, 145, 399, 502, 54, 182, 465, 492, 251, 105, 386, 415, 82, 445, 308, 37, 180, 327, 3, 459, 166, 472, 29, 467, 231, 412, 139, 258, 12, 25, 223, 203, 101, 292, 503, 446, 506, 363, 226, 315, 189, 239, 113, 211, 438, 157, 32, 366, 285, 272, 227, 348, 389, 443, 216, 334, 244, 159, 421, 347, 281, 248, 43, 103, 398, 283, 27, 489, 356, 425, 199, 262, 411, 175, 51, 381, 38, 294, 206, 109, 510, 136, 71, 447, 278, 287, 463, 284, 265, 270, 99, 269, 316, 128, 26, 65, 118, 22, 213, 247, 218, 318, 59, 151, 392, 158, 468, 161, 215, 49, 331, 440, 371, 426, 429, 238, 397, 370, 112, 61, 169, 35, 355, 293, 321, 441, 509, 307, 505, 417, 452, 81, 184, 241, 129, 202, 125, 427, 326, 430, 257, 142, 176, 453, 464, 458, 296, 204, 317, 403, 195, 4, 343, 336, 127, 153, 480, 342, 60, 410, 66, 183, 328, 369, 34, 45, 144, 263, 178, 451, 148, 255, 359, 319, 303, 332, 439, 407, 501, 172, 277, 219, 210, 276, 428, 11, 209, 233, 48, 237, 337, 499, 288, 340, 274, 163, 16, 225, 1, 402, 491, 476, 368, 496, 497, 478, 167, 339, 442, 482, 185, 229, 424, 119, 23, 400]","[307, 54, 419, 333, 390, 497, 193, 489, 356, 355, 233, 60, 198, 165, 421, 251, 130, 442, 224, 297, 128, 80, 38, 370, 139, 44, 117, 213, 131, 20, 450, 335, 246, 274, 24, 459, 11, 240, 57, 105, 91, 486, 454, 162, 383, 491, 471, 106, 388, 160, 350, 306, 108, 253, 464, 172, 414, 68, 194, 448, 332, 28, 401, 288, 506, 510, 21, 331, 161, 327, 334, 490, 384, 468, 53, 278, 195, 292, 453, 399, 261, 406, 503, 114, 36, 159, 32, 23, 146, 480, 299, 222, 239, 257, 428, 395, 111, 104, 90, 81, 412, 348, 417, 425, 164, 179, 403, 461, 404, 281, 378, 126, 376, 219, 361, 328, 382, 371, 326, 325, 301, 74, 363, 316, 347, 189, 440, 192, 25, 163, 133, 145, 124, 505, 152, 289, 87, 201, 394, 65, 422, 290, 158, 349, 430, 508, 300, 476, 501, 211, 79, 511, 294, 372, 76, 277, 475, 118, 132, 147, 275, 483, 223, 268, 82, 304, 186, 439, 143, 61, 170, 206, 27, 136, 175, 176, 247, 156, 499, 260, 43, 284, 75, 466, 309, 66, 478, 411, 354, 4, 63, 180, 149, 276, 256, 69, 199, 377, 291, 73, 504, 245, 197, 271, 310, 48, 10, 15, 438, 293, 16, 346, 236, 336, 5, 228, 444, 137, 315, 129, 220, 339, 249, 470, 26, 182, 441, 31, 458, 305, 322, 492, 344, 167, 217, 226, 225, 85, 494, 208, 86, 362, 366, 58, 280, 40, 267, 174, 358, 359, 214, 413, 265, 272, 30, 473]","[4, 11, 16, 23, 25, 26, 27, 32, 38, 43, 48, 54, 60, 61, 65, 66, 69, 73, 81, 82, 85, 105, 111, 118, 128, 129, 136, 139, 143, 145, 152, 156, 158, 159, 160, 161, 163, 167, 172, 175, 176, 179, 180, 182, 189, 195, 198, 199, 206, 211, 213, 219, 220, 223, 225, 226, 233, 239, 247, 251, 253, 257, 265, 272, 274, 276, 277, 278, 281, 284, 288, 292, 293, 294, 301, 304, 307, 310, 315, 316, 326, 327, 328, 331, 332, 333, 334, 336, 339, 346, 347, 348, 355, 356, 358, 359, 361, 363, 366, 370, 371, 382, 399, 403, 406, 411, 412, 417, 421, 425, 428, 430, 438, 439, 440, 441, 442, 453, 458, 459, 464, 468, 476, 478, 480, 486, 489, 491, 492, 497, 499, 501, 503, 505, 506, 510, 511]"
29,"[169, 240, 377, 283, 499, 138, 75, 282, 458, 506, 252, 27, 396, 465, 446, 128, 462, 412, 89, 22, 10, 53, 118, 241, 11, 301, 157, 342, 202, 424, 491, 355, 168, 415, 50, 81, 177, 201, 494, 361, 12, 158, 0, 478, 36, 439, 134, 277, 313, 44, 392, 505, 340, 306, 302, 32, 236, 94, 242, 404, 295, 447, 314, 443, 232, 193, 368, 276, 416, 205, 366, 456, 140, 13, 110, 466, 441, 99, 127, 56, 88, 239, 93, 163, 256, 5, 149, 156, 16, 187, 296, 74, 483, 487, 20, 409, 310, 286, 154, 3, 100, 31, 451, 244, 80, 54, 308, 305, 152, 468, 378, 195, 380, 26, 388, 164, 237, 224, 46, 247, 251, 260, 508, 17, 460, 337, 213, 106, 15, 220, 186, 333, 329, 326, 92, 344, 226, 341, 502, 309, 422, 58, 346, 511, 194, 67, 270, 504, 174, 431, 170, 104, 278, 83, 400, 253, 185, 300, 79, 209, 212, 327, 453, 63, 476, 234, 57, 365, 176, 376, 8, 160, 319, 480, 289, 24, 49, 408, 284, 381, 29, 141, 348, 147, 459, 178, 370, 293, 281, 1, 181, 430, 129, 238, 316, 197, 420, 30, 358, 450, 324, 37, 421, 493, 469, 444, 9, 463, 180, 332, 418, 474, 266, 486, 114, 245, 135, 250, 383, 461, 182, 249, 204, 225, 261, 429, 353, 151, 218, 372, 507, 367, 91, 77, 464, 288, 111, 60, 105, 322, 492, 435, 255, 325, 117, 254, 207, 328, 231, 371, 259, 335, 312, 97, 275, 472]","[126, 416, 290, 454, 169, 223, 503, 302, 372, 438, 298, 238, 103, 443, 13, 305, 208, 210, 147, 17, 87, 68, 69, 43, 171, 196, 410, 404, 430, 124, 354, 83, 391, 24, 296, 128, 19, 324, 207, 246, 378, 309, 29, 248, 260, 200, 152, 401, 157, 500, 317, 172, 293, 363, 197, 316, 497, 216, 184, 455, 7, 267, 217, 386, 79, 107, 110, 34, 343, 109, 338, 489, 510, 322, 451, 84, 292, 120, 177, 271, 52, 340, 257, 318, 303, 9, 214, 182, 399, 146, 55, 274, 130, 166, 387, 337, 150, 299, 187, 361, 295, 136, 45, 408, 461, 490, 26, 148, 115, 50, 341, 258, 262, 242, 46, 183, 312, 415, 76, 419, 367, 92, 90, 22, 82, 492, 400, 65, 507, 20, 133, 362, 61, 185, 433, 385, 268, 464, 453, 429, 301, 412, 123, 47, 320, 413, 180, 2, 333, 294, 21, 220, 491, 239, 388, 472, 460, 396, 156, 459, 446, 218, 437, 307, 426, 176, 370, 364, 427, 227, 64, 421, 211, 393, 111, 495, 487, 58, 219, 473, 470, 56, 233, 450, 297, 202, 431, 330, 63, 193, 371, 406, 153, 270, 38, 37, 59, 374, 209, 369, 250, 326, 167, 345, 81, 321, 331, 356, 389, 144, 428, 280, 62, 379, 149, 12, 488, 329, 479, 190, 344, 494, 27, 285, 88, 508, 311, 375, 310, 448, 402, 256, 213, 288, 272, 493, 381, 113, 78, 266, 230, 158, 198, 282, 117, 16, 98, 263, 145, 394, 173, 486, 241, 11, 74, 8]","[8, 9, 11, 12, 13, 16, 17, 20, 22, 24, 26, 27, 29, 37, 46, 50, 56, 58, 63, 74, 79, 81, 83, 88, 92, 110, 111, 117, 128, 147, 149, 152, 156, 157, 158, 169, 176, 177, 180, 182, 185, 187, 193, 197, 202, 207, 209, 213, 218, 220, 238, 239, 241, 242, 250, 256, 260, 266, 270, 282, 288, 293, 295, 296, 301, 302, 305, 309, 310, 312, 316, 322, 324, 326, 329, 333, 337, 340, 341, 344, 361, 367, 370, 371, 372, 378, 381, 388, 396, 400, 404, 408, 412, 415, 416, 421, 429, 430, 431, 443, 446, 450, 451, 453, 459, 460, 461, 464, 472, 486, 487, 491, 492, 493, 494, 507, 508]"
30,"[502, 28, 17, 332, 153, 209, 159, 343, 475, 115, 284, 38, 223, 282, 22, 330, 173, 249, 291, 120, 210, 437, 236, 421, 340, 480, 278, 490, 213, 496, 214, 413, 259, 33, 436, 212, 307, 16, 465, 373, 333, 161, 314, 378, 486, 355, 62, 203, 235, 95, 325, 239, 511, 19, 196, 243, 190, 275, 37, 308, 69, 184, 374, 418, 394, 66, 270, 365, 3, 304, 447, 229, 347, 56, 98, 329, 227, 225, 375, 189, 264, 162, 358, 417, 453, 71, 462, 364, 461, 15, 216, 391, 431, 187, 443, 478, 18, 448, 507, 197, 356, 166, 449, 380, 157, 5, 131, 208, 148, 410, 257, 132, 258, 182, 468, 440, 287, 42, 217, 82, 45, 244, 361, 292, 47, 101, 458, 403, 369, 165, 54, 349, 482, 140, 88, 77, 372, 474, 13, 348, 435, 262, 371, 170, 86, 50, 260, 337, 303, 68, 232, 125, 497, 75, 509, 175, 43, 276, 87, 263, 79, 454, 379, 234, 57, 133, 31, 110, 362, 220, 74, 274, 116, 51, 8, 188, 423, 494, 242, 500, 306, 73, 271, 20, 23, 60, 24, 9, 163, 408, 302, 228, 117, 368, 119, 48, 382, 150, 339, 26, 265, 238, 300, 11, 126, 72, 176, 433, 21, 387, 430, 471, 192, 312, 484, 230, 137, 460, 178, 320, 233, 397, 155, 370, 305, 457, 78, 152, 81, 181, 142, 112, 0, 501, 331, 102, 313, 422, 174, 143, 428, 12, 351, 506, 40, 444, 459, 59, 114, 147, 508, 171, 145, 168, 7, 499]","[100, 344, 408, 477, 340, 368, 399, 202, 385, 213, 313, 479, 473, 324, 381, 398, 312, 504, 469, 415, 199, 123, 360, 298, 149, 11, 212, 395, 102, 221, 96, 17, 88, 216, 309, 280, 393, 60, 192, 484, 427, 319, 214, 471, 366, 429, 129, 134, 464, 320, 289, 476, 159, 245, 314, 59, 402, 474, 84, 416, 66, 219, 167, 223, 111, 359, 452, 39, 454, 82, 183, 43, 437, 188, 315, 78, 51, 274, 35, 171, 97, 29, 163, 445, 261, 50, 175, 318, 85, 334, 453, 264, 52, 376, 130, 390, 330, 139, 207, 332, 364, 466, 472, 297, 230, 465, 282, 271, 165, 339, 252, 205, 400, 24, 451, 23, 127, 86, 341, 63, 225, 215, 217, 268, 65, 413, 236, 179, 174, 401, 247, 430, 91, 184, 77, 323, 122, 201, 501, 173, 162, 220, 87, 489, 128, 439, 190, 461, 328, 8, 168, 459, 348, 125, 279, 391, 138, 389, 211, 185, 492, 322, 54, 265, 510, 83, 422, 353, 441, 93, 428, 108, 460, 450, 263, 380, 204, 503, 462, 336, 150, 386, 468, 177, 209, 506, 47, 349, 500, 73, 196, 326, 249, 388, 455, 64, 371, 293, 307, 101, 491, 404, 288, 25, 158, 337, 292, 446, 41, 37, 140, 418, 200, 194, 44, 147, 13, 75, 206, 178, 246, 26, 414, 335, 155, 409, 121, 33, 296, 146, 378, 227, 448, 144, 235, 117, 255, 281, 21, 350, 345, 154, 352, 358, 290, 362, 253, 250, 118, 110, 499, 42, 304, 30, 254, 14]","[8, 11, 13, 17, 21, 23, 24, 26, 33, 37, 42, 43, 47, 50, 51, 54, 59, 60, 66, 73, 75, 77, 78, 82, 86, 87, 88, 101, 102, 110, 117, 125, 140, 147, 150, 155, 159, 162, 163, 165, 168, 171, 173, 174, 175, 178, 184, 188, 190, 192, 196, 209, 212, 213, 214, 216, 217, 220, 223, 225, 227, 230, 235, 236, 249, 263, 264, 265, 271, 274, 282, 292, 304, 307, 312, 313, 314, 320, 330, 332, 337, 339, 340, 348, 349, 358, 362, 364, 368, 371, 378, 380, 391, 408, 413, 418, 422, 428, 430, 437, 448, 453, 454, 459, 460, 461, 462, 465, 468, 471, 474, 484, 499, 500, 501, 506]"
31,"[181, 42, 3, 280, 55, 334, 261, 4, 176, 284, 30, 452, 7, 461, 103, 28, 209, 15, 188, 263, 102, 27, 122, 186, 80, 367, 77, 446, 126, 474, 289, 212, 194, 462, 78, 447, 232, 70, 159, 352, 482, 278, 506, 50, 109, 507, 66, 381, 418, 355, 425, 143, 64, 413, 184, 195, 25, 351, 311, 41, 37, 2, 177, 162, 20, 205, 499, 116, 104, 318, 330, 115, 170, 240, 292, 1, 180, 36, 359, 99, 272, 300, 138, 377, 395, 274, 179, 320, 269, 340, 504, 119, 378, 441, 376, 174, 52, 302, 415, 390, 490, 317, 451, 276, 296, 388, 101, 137, 171, 39, 405, 202, 65, 488, 353, 487, 458, 8, 291, 196, 145, 412, 498, 88, 346, 450, 175, 29, 94, 338, 118, 9, 136, 89, 56, 81, 271, 154, 285, 442, 222, 417, 491, 335, 164, 14, 35, 106, 477, 465, 331, 294, 69, 211, 432, 165, 215, 213, 449, 489, 282, 117, 228, 83, 203, 393, 183, 98, 453, 167, 112, 392, 459, 363, 44, 304, 305, 348, 383, 484, 149, 436, 310, 193, 455, 111, 268, 349, 402, 379, 366, 223, 365, 219, 87, 191, 403, 319, 341, 110, 307, 309, 210, 62, 247, 71, 216, 496, 260, 206, 251, 73, 478, 258, 316, 371, 95, 161, 218, 107, 86, 182, 336, 501, 328, 243, 473, 32, 266, 72, 492, 497, 332, 158, 454, 147, 200, 49, 466, 91, 178, 230, 160, 250, 6, 100, 342, 227, 172, 503, 308, 343, 134, 463, 438, 510]","[51, 267, 92, 48, 493, 167, 483, 450, 366, 218, 377, 303, 23, 437, 494, 219, 67, 164, 44, 130, 351, 382, 247, 467, 139, 118, 246, 347, 189, 398, 369, 475, 436, 20, 412, 251, 106, 188, 414, 485, 330, 149, 334, 326, 484, 148, 231, 457, 33, 337, 282, 193, 328, 447, 194, 74, 346, 341, 6, 266, 349, 473, 21, 415, 389, 39, 166, 107, 426, 393, 386, 299, 22, 273, 201, 460, 3, 332, 36, 196, 162, 348, 440, 155, 2, 72, 352, 385, 141, 236, 291, 262, 288, 502, 233, 304, 419, 451, 180, 272, 474, 97, 297, 242, 70, 94, 410, 387, 317, 285, 78, 430, 184, 173, 57, 147, 63, 176, 103, 234, 448, 263, 220, 384, 131, 123, 25, 154, 38, 210, 333, 0, 476, 54, 505, 320, 9, 87, 279, 420, 202, 350, 250, 120, 5, 99, 321, 66, 355, 380, 146, 98, 301, 443, 470, 407, 257, 431, 245, 197, 274, 31, 462, 295, 268, 338, 50, 478, 144, 492, 339, 221, 449, 13, 281, 453, 80, 61, 165, 32, 172, 488, 137, 323, 372, 486, 161, 471, 452, 454, 112, 1, 424, 459, 229, 237, 190, 256, 227, 311, 215, 204, 223, 208, 308, 133, 206, 271, 134, 409, 4, 391, 143, 390, 465, 177, 115, 183, 438, 19, 16, 125, 82, 259, 477, 370, 119, 214, 37, 7, 158, 504, 157, 265, 128, 179, 287, 232, 379, 275, 117, 402, 241, 293, 283, 375, 445, 249, 316, 496, 413, 26, 84, 100, 427, 17]","[1, 2, 3, 4, 6, 7, 9, 20, 25, 32, 36, 37, 39, 44, 50, 66, 70, 72, 78, 80, 87, 94, 98, 99, 100, 103, 106, 107, 112, 115, 117, 118, 119, 134, 137, 143, 147, 149, 154, 158, 161, 162, 164, 165, 167, 172, 176, 177, 179, 180, 183, 184, 188, 193, 194, 196, 202, 206, 210, 215, 218, 219, 223, 227, 232, 247, 250, 251, 263, 266, 268, 271, 272, 274, 282, 285, 291, 304, 308, 311, 316, 317, 320, 328, 330, 332, 334, 338, 341, 346, 348, 349, 351, 352, 355, 366, 377, 379, 390, 393, 402, 412, 413, 415, 436, 438, 447, 449, 450, 451, 452, 453, 454, 459, 462, 465, 473, 474, 477, 478, 484, 488, 492, 496, 504]"
32,"[481, 321, 158, 180, 251, 51, 55, 45, 407, 491, 262, 77, 403, 430, 121, 73, 102, 477, 264, 186, 170, 206, 82, 390, 493, 456, 159, 361, 128, 453, 27, 231, 416, 11, 370, 311, 46, 347, 473, 130, 8, 244, 263, 195, 487, 114, 270, 425, 94, 254, 111, 67, 447, 190, 405, 268, 368, 485, 142, 199, 56, 300, 272, 469, 284, 30, 138, 459, 212, 201, 349, 7, 413, 202, 152, 360, 257, 146, 70, 394, 421, 78, 106, 331, 460, 80, 155, 429, 75, 220, 340, 173, 380, 215, 328, 341, 356, 227, 336, 443, 179, 9, 261, 319, 225, 149, 47, 435, 256, 113, 69, 178, 354, 374, 338, 34, 304, 1, 110, 467, 35, 26, 295, 320, 43, 96, 345, 358, 100, 188, 200, 59, 157, 119, 84, 441, 252, 58, 505, 229, 13, 116, 418, 372, 148, 378, 31, 406, 499, 86, 267, 269, 333, 454, 151, 440, 143, 90, 177, 427, 245, 315, 169, 486, 301, 91, 511, 293, 498, 343, 312, 501, 271, 502, 348, 287, 503, 228, 294, 509, 5, 174, 18, 137, 189, 224, 19, 307, 25, 335, 160, 162, 140, 426, 428, 334, 88, 313, 466, 230, 258, 276, 156, 198, 265, 422, 510, 60, 439, 277, 182, 296, 260, 392, 316, 424, 209, 150, 292, 50, 183, 221, 357, 153, 237, 203, 217, 387, 451, 437, 395, 355, 381, 344, 442, 218, 329, 249, 185, 371, 81, 104, 22, 85, 33, 219, 141, 330, 95, 165, 464, 250, 310, 93, 99, 122]","[40, 349, 323, 246, 311, 426, 210, 490, 347, 461, 227, 401, 510, 121, 187, 74, 504, 296, 396, 193, 285, 170, 260, 49, 400, 155, 275, 462, 128, 144, 436, 391, 431, 368, 315, 297, 272, 506, 376, 75, 172, 188, 253, 419, 385, 463, 164, 283, 89, 57, 13, 414, 255, 42, 257, 380, 137, 445, 99, 470, 453, 383, 30, 393, 427, 398, 201, 354, 432, 145, 366, 6, 294, 104, 8, 318, 428, 224, 38, 509, 101, 136, 261, 37, 302, 189, 500, 308, 150, 16, 146, 231, 444, 497, 192, 496, 322, 259, 61, 452, 473, 248, 122, 132, 367, 209, 52, 81, 278, 133, 406, 317, 407, 312, 469, 280, 124, 206, 178, 109, 472, 333, 241, 177, 151, 184, 245, 79, 162, 343, 298, 491, 73, 485, 19, 25, 138, 495, 200, 237, 175, 286, 14, 421, 284, 300, 92, 126, 262, 425, 423, 223, 314, 202, 471, 93, 20, 130, 158, 91, 160, 348, 505, 0, 405, 424, 344, 1, 232, 475, 392, 131, 216, 182, 67, 458, 328, 508, 329, 326, 378, 361, 97, 55, 82, 290, 215, 339, 238, 27, 345, 357, 420, 218, 51, 478, 44, 448, 153, 205, 15, 464, 64, 43, 465, 449, 327, 142, 47, 11, 62, 123, 301, 386, 388, 362, 415, 350, 404, 511, 247, 439, 147, 355, 263, 2, 399, 167, 492, 353, 249, 66, 446, 364, 41, 105, 236, 48, 85, 337, 143, 295, 230, 480, 498, 106, 23, 435, 112, 289, 71, 174, 479, 281, 325, 455]","[1, 8, 11, 13, 19, 25, 27, 30, 43, 47, 51, 55, 67, 73, 75, 81, 82, 85, 91, 93, 99, 104, 106, 121, 122, 128, 130, 137, 138, 142, 143, 146, 150, 151, 153, 155, 158, 160, 162, 170, 174, 177, 178, 182, 188, 189, 200, 201, 202, 206, 209, 215, 218, 224, 227, 230, 231, 237, 245, 249, 257, 260, 261, 262, 263, 272, 284, 294, 295, 296, 300, 301, 311, 312, 315, 328, 329, 333, 343, 344, 345, 347, 348, 349, 354, 355, 357, 361, 368, 378, 380, 392, 405, 406, 407, 421, 424, 425, 426, 427, 428, 435, 439, 453, 464, 469, 473, 485, 491, 498, 505, 509, 510, 511]"
33,"[1, 192, 327, 409, 122, 7, 5, 461, 219, 65, 480, 340, 463, 99, 89, 396, 426, 278, 52, 4, 42, 164, 258, 132, 444, 74, 57, 261, 13, 249, 367, 492, 139, 458, 203, 273, 469, 220, 146, 224, 222, 304, 448, 207, 497, 353, 18, 98, 255, 217, 482, 246, 26, 93, 51, 235, 236, 433, 388, 230, 454, 459, 417, 131, 410, 418, 440, 267, 449, 202, 502, 60, 44, 504, 50, 303, 435, 485, 260, 506, 6, 67, 358, 19, 398, 510, 476, 331, 507, 317, 167, 355, 198, 301, 269, 148, 104, 228, 182, 64, 123, 153, 342, 215, 24, 362, 321, 242, 395, 275, 495, 505, 241, 214, 32, 170, 204, 295, 421, 124, 356, 315, 501, 223, 95, 141, 245, 322, 272, 190, 451, 286, 91, 80, 48, 38, 165, 298, 68, 281, 196, 213, 349, 49, 128, 391, 134, 106, 346, 185, 108, 257, 399, 151, 437, 407, 227, 107, 478, 394, 73, 308, 499, 460, 193, 422, 283, 415, 432, 381, 21, 496, 12, 336, 323, 387, 405, 357, 363, 462, 251, 371, 471, 360, 157, 423, 474, 277, 34, 210, 328, 365, 173, 14, 53, 140, 509, 3, 156, 117, 300, 189, 503, 150, 83, 145, 221, 248, 408, 420, 113, 110, 481, 389, 400, 120, 412, 307, 17, 384, 361, 306, 319, 116, 500, 55, 69, 511, 428, 445, 63, 229, 147, 84, 114, 253, 425, 455, 310, 39, 85, 498, 40, 392, 20, 364, 62, 330, 305, 175, 378, 27, 195, 186, 188, 105]","[152, 428, 7, 307, 505, 200, 347, 203, 132, 356, 263, 3, 237, 98, 465, 269, 232, 332, 311, 119, 5, 142, 51, 28, 27, 285, 20, 283, 487, 370, 52, 201, 193, 266, 160, 248, 225, 259, 105, 246, 334, 50, 117, 184, 265, 180, 45, 462, 314, 339, 220, 107, 466, 366, 100, 324, 306, 415, 346, 491, 46, 326, 357, 157, 241, 355, 143, 371, 149, 235, 72, 343, 445, 398, 97, 335, 62, 377, 476, 436, 276, 399, 229, 187, 250, 79, 463, 503, 390, 162, 122, 211, 182, 43, 301, 253, 417, 291, 352, 278, 153, 509, 484, 47, 176, 389, 221, 161, 435, 179, 24, 65, 386, 375, 453, 452, 137, 372, 136, 321, 502, 109, 167, 264, 294, 341, 260, 145, 426, 434, 507, 163, 305, 243, 60, 230, 44, 4, 300, 369, 489, 0, 500, 175, 497, 99, 322, 238, 416, 1, 410, 289, 26, 328, 155, 506, 319, 381, 397, 55, 358, 120, 277, 464, 188, 376, 290, 255, 37, 148, 431, 367, 273, 330, 385, 257, 8, 423, 227, 58, 41, 457, 172, 494, 140, 418, 333, 139, 459, 195, 15, 478, 156, 354, 284, 471, 395, 71, 299, 392, 23, 208, 135, 61, 313, 473, 202, 458, 177, 406, 54, 331, 432, 75, 454, 30, 268, 247, 407, 150, 412, 351, 59, 216, 486, 469, 508, 408, 419, 19, 483, 251, 405, 329, 297, 68, 446, 212, 29, 93, 123, 501, 318, 272, 340, 422, 261, 64, 215, 194, 479, 133, 427, 35, 325, 190]","[1, 3, 4, 5, 7, 19, 20, 24, 26, 27, 44, 50, 51, 52, 55, 60, 62, 64, 65, 68, 93, 98, 99, 105, 107, 117, 120, 122, 123, 132, 139, 140, 145, 148, 150, 153, 156, 157, 167, 175, 182, 188, 190, 193, 195, 202, 203, 215, 220, 221, 227, 229, 230, 235, 241, 246, 248, 251, 253, 255, 257, 260, 261, 269, 272, 273, 277, 278, 283, 300, 301, 305, 306, 307, 319, 321, 322, 328, 330, 331, 340, 346, 355, 356, 357, 358, 367, 371, 381, 389, 392, 395, 398, 399, 405, 407, 408, 410, 412, 415, 417, 418, 422, 423, 426, 428, 432, 435, 445, 454, 458, 459, 462, 463, 469, 471, 476, 478, 497, 500, 501, 502, 503, 505, 506, 507, 509]"
34,"[215, 187, 387, 242, 174, 472, 464, 138, 486, 481, 208, 58, 372, 394, 17, 98, 28, 20, 100, 132, 418, 69, 222, 122, 246, 507, 270, 283, 68, 312, 178, 335, 308, 453, 214, 223, 425, 355, 60, 350, 397, 361, 309, 313, 290, 366, 454, 154, 427, 45, 363, 359, 236, 170, 314, 226, 269, 228, 438, 262, 131, 452, 151, 126, 166, 13, 392, 439, 333, 196, 413, 398, 317, 403, 337, 305, 232, 424, 466, 383, 49, 499, 194, 278, 2, 37, 271, 420, 10, 447, 235, 180, 141, 197, 51, 319, 265, 121, 382, 488, 257, 412, 509, 344, 201, 188, 469, 258, 282, 99, 198, 482, 158, 302, 149, 441, 386, 511, 504, 272, 78, 164, 497, 360, 493, 221, 42, 340, 218, 38, 160, 34, 238, 84, 378, 231, 307, 243, 108, 410, 4, 169, 448, 451, 332, 200, 30, 426, 303, 295, 506, 492, 93, 408, 391, 252, 437, 97, 402, 298, 229, 86, 150, 107, 417, 212, 183, 253, 115, 293, 275, 47, 342, 436, 96, 26, 146, 456, 83, 16, 240, 345, 266, 328, 190, 142, 230, 362, 375, 338, 3, 343, 195, 376, 381, 130, 461, 263, 485, 43, 405, 128, 125, 110, 261, 346, 467, 123, 63, 294, 31, 470, 1, 336, 185, 73, 40, 239, 14, 251, 323, 291, 35, 72, 250, 390, 155, 147, 463, 276, 41, 330, 182, 144, 24, 446, 85, 118, 284, 62, 502, 324, 347, 161, 399, 116, 137, 457, 442, 105, 134, 494, 489, 393, 33, 103]","[112, 143, 118, 312, 220, 413, 130, 303, 93, 113, 178, 170, 316, 56, 205, 140, 134, 28, 177, 82, 450, 200, 499, 343, 22, 215, 224, 458, 334, 375, 300, 194, 161, 408, 345, 418, 225, 92, 317, 47, 87, 68, 394, 223, 252, 409, 329, 473, 85, 279, 46, 421, 332, 400, 434, 136, 369, 385, 301, 107, 11, 7, 149, 430, 243, 292, 290, 466, 206, 154, 415, 19, 438, 50, 240, 45, 66, 57, 152, 357, 212, 137, 203, 241, 71, 392, 269, 120, 74, 291, 388, 58, 471, 255, 42, 119, 90, 411, 276, 168, 428, 396, 209, 395, 182, 83, 34, 478, 306, 294, 504, 432, 81, 489, 401, 201, 114, 61, 132, 510, 151, 281, 323, 174, 435, 399, 222, 31, 467, 277, 511, 373, 405, 502, 446, 27, 457, 335, 79, 444, 406, 285, 67, 468, 391, 204, 210, 135, 324, 328, 330, 263, 469, 448, 84, 229, 431, 122, 490, 248, 485, 327, 261, 341, 191, 287, 477, 289, 100, 17, 295, 347, 0, 472, 492, 414, 439, 344, 482, 299, 25, 398, 237, 29, 35, 117, 367, 271, 106, 429, 320, 479, 131, 48, 123, 260, 307, 509, 397, 389, 280, 99, 164, 221, 374, 470, 454, 232, 88, 231, 267, 103, 262, 202, 96, 167, 402, 133, 486, 12, 184, 78, 199, 362, 126, 218, 462, 496, 376, 144, 442, 314, 380, 54, 475, 116, 44, 497, 249, 230, 64, 297, 488, 359, 426, 506, 73, 8, 102, 211, 456, 63, 360, 115, 256, 318]","[17, 28, 31, 34, 35, 42, 45, 47, 58, 63, 68, 73, 78, 83, 84, 85, 93, 96, 99, 100, 103, 107, 115, 116, 118, 122, 123, 126, 130, 131, 132, 134, 137, 144, 149, 151, 154, 161, 164, 170, 174, 178, 182, 194, 200, 201, 212, 215, 218, 221, 222, 223, 229, 230, 231, 232, 240, 243, 252, 261, 262, 263, 269, 271, 276, 290, 291, 294, 295, 303, 307, 312, 314, 317, 323, 324, 328, 330, 332, 335, 343, 344, 345, 347, 359, 360, 362, 375, 376, 391, 392, 394, 397, 398, 399, 402, 405, 408, 413, 418, 426, 438, 439, 442, 446, 448, 454, 456, 457, 466, 467, 469, 470, 472, 482, 485, 486, 488, 489, 492, 497, 499, 502, 504, 506, 509, 511]"
35,"[53, 406, 445, 510, 123, 72, 186, 198, 479, 158, 32, 402, 424, 336, 238, 227, 220, 304, 470, 105, 442, 132, 136, 151, 103, 503, 511, 264, 277, 155, 471, 505, 301, 40, 249, 119, 423, 361, 18, 268, 457, 444, 454, 191, 340, 358, 480, 173, 258, 316, 31, 388, 463, 428, 208, 199, 410, 41, 341, 234, 168, 459, 409, 297, 115, 271, 91, 217, 183, 435, 259, 392, 134, 194, 42, 219, 357, 333, 396, 325, 332, 421, 267, 61, 83, 57, 466, 274, 43, 129, 138, 141, 231, 126, 34, 112, 180, 81, 79, 106, 438, 149, 252, 80, 88, 339, 37, 281, 171, 337, 24, 237, 371, 261, 456, 167, 154, 16, 390, 169, 492, 367, 70, 195, 86, 326, 356, 50, 502, 506, 176, 497, 113, 222, 102, 448, 306, 359, 407, 399, 369, 353, 178, 64, 345, 84, 278, 393, 29, 291, 67, 7, 51, 270, 460, 95, 309, 300, 254, 449, 376, 312, 355, 26, 213, 74, 475, 165, 417, 343, 416, 317, 472, 157, 383, 408, 346, 478, 245, 462, 62, 413, 75, 501, 374, 420, 389, 495, 12, 22, 250, 455, 107, 3, 144, 433, 430, 188, 71, 394, 447, 334, 203, 85, 484, 486, 137, 327, 289, 175, 56, 205, 221, 269, 303, 135, 214, 276, 17, 15, 362, 10, 44, 207, 491, 275, 360, 468, 322, 225, 321, 498, 487, 427, 284, 38, 287, 440, 354, 182, 251, 216, 66, 209, 481, 30, 172, 25, 241, 121, 458, 59, 89, 282, 294, 496]","[140, 282, 241, 487, 509, 365, 413, 410, 45, 53, 340, 368, 39, 243, 270, 473, 492, 206, 196, 258, 488, 424, 191, 211, 437, 265, 315, 171, 376, 202, 113, 163, 172, 451, 335, 500, 480, 504, 324, 116, 134, 366, 242, 48, 444, 77, 491, 467, 223, 494, 463, 363, 323, 110, 333, 417, 342, 60, 235, 129, 291, 475, 428, 1, 354, 474, 169, 346, 47, 429, 431, 271, 17, 119, 299, 304, 225, 432, 443, 16, 362, 288, 126, 371, 11, 349, 295, 441, 46, 447, 219, 159, 51, 406, 400, 478, 194, 0, 124, 427, 213, 195, 237, 356, 246, 328, 383, 389, 481, 260, 203, 381, 476, 314, 186, 23, 182, 486, 240, 93, 180, 66, 353, 137, 19, 479, 99, 440, 58, 251, 320, 61, 65, 43, 503, 384, 234, 164, 404, 394, 87, 218, 80, 150, 228, 188, 377, 231, 69, 132, 62, 297, 199, 224, 372, 350, 298, 416, 35, 501, 12, 174, 244, 264, 506, 361, 341, 374, 458, 407, 395, 292, 267, 178, 293, 327, 348, 50, 208, 75, 54, 252, 197, 338, 167, 274, 459, 84, 275, 15, 347, 283, 89, 236, 462, 198, 138, 334, 114, 158, 24, 181, 357, 4, 207, 367, 205, 477, 255, 263, 32, 296, 109, 266, 442, 57, 68, 183, 430, 507, 457, 272, 165, 433, 67, 85, 147, 434, 185, 221, 369, 153, 192, 388, 411, 104, 226, 484, 276, 8, 262, 446, 115, 392, 468, 13, 97, 390, 301, 448, 286, 289, 148, 250, 27, 151]","[12, 15, 16, 17, 24, 32, 43, 50, 51, 53, 57, 61, 62, 66, 67, 75, 80, 84, 85, 89, 113, 115, 119, 126, 129, 132, 134, 137, 138, 151, 158, 165, 167, 169, 171, 172, 178, 180, 182, 183, 186, 188, 191, 194, 195, 198, 199, 203, 205, 207, 208, 213, 219, 221, 225, 231, 234, 237, 241, 250, 251, 252, 258, 264, 267, 270, 271, 274, 275, 276, 282, 289, 291, 297, 301, 304, 327, 333, 334, 340, 341, 346, 353, 354, 356, 357, 361, 362, 367, 369, 371, 374, 376, 383, 388, 389, 390, 392, 394, 406, 407, 410, 413, 416, 417, 424, 427, 428, 430, 433, 440, 442, 444, 447, 448, 457, 458, 459, 462, 463, 468, 475, 478, 479, 480, 481, 484, 486, 487, 491, 492, 501, 503, 506]"
36,"[397, 259, 475, 283, 351, 188, 482, 37, 5, 440, 359, 464, 66, 91, 138, 117, 172, 109, 99, 33, 489, 42, 178, 113, 357, 158, 89, 35, 176, 202, 140, 385, 254, 157, 261, 480, 445, 285, 478, 19, 407, 384, 231, 394, 69, 511, 171, 393, 444, 159, 146, 253, 21, 154, 9, 456, 329, 133, 256, 250, 168, 387, 31, 400, 244, 59, 148, 163, 498, 191, 143, 303, 373, 203, 233, 375, 16, 325, 316, 151, 237, 38, 83, 477, 362, 85, 481, 496, 175, 204, 392, 156, 258, 342, 125, 142, 399, 60, 238, 380, 443, 293, 241, 43, 429, 186, 45, 77, 321, 507, 268, 61, 229, 411, 401, 213, 470, 29, 302, 149, 131, 446, 121, 346, 431, 74, 76, 219, 32, 52, 221, 408, 493, 298, 506, 415, 508, 389, 225, 331, 313, 44, 279, 94, 58, 469, 88, 495, 167, 65, 353, 391, 130, 339, 196, 63, 330, 420, 123, 174, 434, 271, 55, 23, 381, 64, 98, 405, 62, 155, 106, 417, 310, 195, 301, 160, 361, 406, 47, 170, 367, 4, 314, 41, 194, 230, 503, 291, 248, 326, 424, 124, 360, 2, 364, 190, 286, 152, 466, 10, 116, 87, 200, 71, 48, 416, 377, 208, 352, 70, 289, 332, 239, 182, 3, 379, 409, 216, 419, 350, 226, 187, 501, 465, 307, 177, 92, 344, 14, 288, 505, 78, 273, 369, 147, 49, 102, 46, 269, 272, 68, 490, 234, 275, 228, 290, 107, 499, 306, 476, 504, 11, 262, 73, 472, 111]","[454, 299, 203, 330, 232, 397, 487, 151, 283, 175, 468, 365, 168, 311, 333, 383, 502, 198, 235, 193, 110, 378, 241, 505, 78, 297, 247, 460, 326, 476, 394, 284, 320, 322, 497, 295, 444, 280, 42, 398, 216, 160, 360, 376, 180, 464, 218, 455, 271, 381, 123, 440, 461, 223, 234, 149, 482, 35, 400, 33, 244, 190, 126, 261, 124, 163, 286, 438, 465, 199, 437, 406, 27, 93, 79, 28, 248, 3, 449, 176, 246, 7, 138, 2, 319, 242, 178, 341, 346, 371, 192, 257, 331, 184, 486, 262, 309, 91, 289, 29, 256, 61, 298, 161, 456, 499, 181, 399, 380, 153, 390, 481, 194, 96, 355, 156, 164, 6, 88, 221, 154, 191, 312, 370, 392, 452, 411, 60, 415, 324, 447, 49, 55, 479, 304, 316, 463, 511, 410, 395, 323, 329, 128, 327, 147, 321, 364, 53, 354, 503, 396, 491, 99, 416, 77, 186, 215, 407, 328, 121, 8, 245, 114, 251, 103, 430, 102, 344, 196, 146, 172, 115, 18, 435, 65, 446, 352, 111, 402, 418, 391, 144, 106, 405, 504, 38, 81, 498, 445, 291, 101, 5, 117, 269, 305, 177, 417, 404, 389, 133, 197, 69, 167, 379, 158, 483, 90, 308, 86, 188, 179, 40, 259, 157, 287, 142, 253, 414, 428, 453, 368, 112, 496, 73, 183, 89, 48, 236, 72, 36, 44, 366, 173, 17, 148, 30, 212, 155, 209, 300, 434, 108, 100, 214, 63, 279, 332, 318, 258, 442, 23, 31, 274, 356, 276, 189]","[2, 3, 5, 23, 29, 31, 33, 35, 38, 42, 44, 48, 49, 55, 60, 61, 63, 65, 69, 73, 77, 78, 88, 89, 91, 99, 102, 106, 111, 117, 121, 123, 124, 133, 138, 142, 146, 147, 148, 149, 151, 154, 155, 156, 157, 158, 160, 163, 167, 168, 172, 175, 176, 177, 178, 186, 188, 190, 191, 194, 196, 203, 216, 221, 234, 241, 244, 248, 253, 256, 258, 259, 261, 262, 269, 271, 279, 283, 286, 289, 291, 298, 316, 321, 326, 329, 330, 331, 332, 344, 346, 352, 360, 364, 379, 380, 381, 389, 391, 392, 394, 397, 399, 400, 405, 406, 407, 411, 415, 416, 417, 434, 440, 444, 445, 446, 456, 464, 465, 476, 481, 482, 496, 498, 499, 503, 504, 505, 511]"
37,"[503, 267, 71, 370, 230, 489, 194, 323, 384, 26, 93, 262, 65, 473, 236, 79, 315, 353, 464, 304, 339, 330, 103, 393, 20, 185, 409, 176, 280, 308, 48, 398, 34, 12, 94, 25, 269, 450, 226, 245, 116, 474, 192, 18, 476, 325, 498, 399, 463, 215, 256, 485, 373, 33, 435, 126, 210, 135, 45, 336, 283, 67, 491, 104, 506, 197, 322, 23, 377, 131, 294, 433, 132, 479, 285, 249, 449, 288, 29, 82, 223, 108, 130, 161, 499, 333, 440, 286, 47, 508, 345, 342, 243, 408, 216, 150, 148, 421, 448, 281, 84, 385, 28, 9, 7, 299, 487, 109, 90, 468, 78, 497, 27, 105, 470, 8, 324, 158, 444, 57, 201, 1, 182, 142, 305, 204, 70, 420, 199, 133, 175, 455, 246, 183, 43, 141, 335, 107, 441, 64, 389, 301, 239, 247, 303, 234, 35, 54, 128, 165, 38, 511, 10, 362, 284, 451, 298, 272, 310, 352, 410, 120, 74, 75, 365, 83, 212, 328, 115, 184, 118, 495, 374, 376, 56, 414, 278, 509, 209, 228, 51, 292, 483, 386, 200, 205, 395, 72, 124, 170, 179, 240, 19, 4, 354, 290, 309, 264, 91, 482, 338, 178, 36, 396, 193, 347, 403, 220, 196, 134, 413, 275, 117, 138, 80, 231, 255, 111, 392, 378, 229, 300, 50, 195, 152, 73, 375, 439, 88, 447, 355, 469, 372, 214, 254, 462, 501, 225, 163, 492, 5, 139, 356, 423, 500, 311, 312, 123, 341, 270, 217, 263, 159, 381, 371, 3]","[419, 146, 47, 136, 382, 461, 243, 181, 473, 357, 31, 455, 125, 92, 258, 33, 64, 510, 309, 98, 143, 225, 255, 109, 86, 14, 405, 248, 85, 203, 142, 195, 352, 70, 19, 127, 84, 221, 130, 207, 120, 409, 202, 321, 502, 503, 460, 279, 105, 511, 96, 278, 12, 394, 93, 101, 216, 256, 149, 157, 490, 24, 244, 230, 508, 386, 165, 365, 29, 485, 332, 45, 399, 291, 331, 335, 226, 499, 295, 492, 302, 250, 200, 135, 284, 167, 441, 362, 428, 303, 39, 438, 401, 72, 183, 263, 299, 415, 184, 378, 487, 217, 197, 75, 191, 20, 2, 333, 398, 188, 57, 371, 470, 103, 380, 102, 11, 251, 445, 443, 1, 495, 194, 306, 435, 402, 56, 317, 462, 310, 430, 240, 239, 339, 49, 128, 395, 468, 269, 54, 67, 161, 464, 356, 316, 271, 90, 421, 198, 325, 104, 257, 215, 40, 179, 74, 349, 509, 496, 42, 58, 449, 224, 152, 199, 423, 182, 81, 236, 300, 129, 119, 190, 273, 267, 4, 13, 238, 376, 229, 79, 211, 185, 77, 21, 379, 501, 82, 283, 170, 451, 297, 294, 416, 424, 387, 417, 15, 453, 25, 156, 292, 95, 471, 180, 341, 110, 314, 370, 159, 17, 282, 448, 220, 319, 132, 32, 174, 245, 122, 337, 3, 209, 340, 108, 367, 153, 164, 358, 246, 61, 218, 308, 192, 334, 366, 253, 241, 500, 97, 46, 106, 355, 252, 296, 265, 30, 344, 289, 390, 350, 22, 163, 113, 465, 76]","[1, 3, 4, 12, 19, 20, 25, 29, 33, 45, 47, 54, 56, 57, 64, 67, 70, 72, 74, 75, 79, 82, 84, 90, 93, 103, 104, 105, 108, 109, 120, 128, 130, 132, 135, 142, 152, 159, 161, 163, 165, 170, 179, 182, 183, 184, 185, 192, 194, 195, 197, 199, 200, 209, 215, 216, 217, 220, 225, 226, 229, 230, 236, 239, 240, 243, 245, 246, 255, 256, 263, 267, 269, 278, 283, 284, 292, 294, 299, 300, 303, 308, 309, 310, 325, 333, 335, 339, 341, 352, 355, 356, 362, 365, 370, 371, 376, 378, 386, 395, 398, 399, 409, 421, 423, 435, 441, 448, 449, 451, 455, 462, 464, 468, 470, 473, 485, 487, 492, 495, 499, 500, 501, 503, 508, 509, 511]"
38,"[487, 159, 171, 35, 222, 62, 301, 195, 358, 71, 329, 275, 253, 455, 155, 420, 277, 325, 471, 169, 187, 366, 330, 351, 323, 290, 208, 233, 437, 239, 9, 319, 164, 340, 15, 180, 268, 482, 296, 473, 341, 488, 311, 332, 65, 125, 98, 16, 176, 406, 415, 472, 93, 47, 331, 132, 381, 400, 336, 101, 165, 226, 30, 273, 506, 243, 240, 4, 284, 149, 22, 52, 146, 490, 505, 263, 126, 354, 49, 261, 429, 184, 449, 147, 189, 10, 82, 503, 44, 467, 371, 43, 186, 447, 104, 158, 450, 45, 97, 127, 154, 7, 81, 401, 227, 438, 234, 131, 111, 481, 357, 464, 6, 219, 190, 142, 353, 157, 182, 90, 445, 256, 396, 215, 276, 347, 298, 359, 129, 99, 278, 95, 416, 373, 172, 140, 443, 498, 509, 188, 435, 18, 80, 313, 412, 179, 92, 367, 103, 470, 468, 318, 116, 237, 454, 252, 446, 314, 221, 460, 486, 51, 218, 19, 102, 25, 53, 288, 193, 309, 78, 89, 21, 408, 109, 241, 499, 310, 345, 183, 75, 342, 136, 405, 209, 292, 333, 394, 304, 141, 393, 414, 119, 485, 57, 511, 114, 307, 339, 236, 33, 137, 55, 42, 433, 245, 382, 418, 350, 115, 153, 316, 108, 88, 46, 360, 395, 249, 238, 287, 282, 308, 17, 510, 3, 384, 390, 200, 439, 225, 410, 444, 422, 404, 117, 428, 265, 494, 322, 229, 5, 475, 504, 399, 442, 207, 185, 100, 364, 462, 128, 124, 34, 85, 466, 300]","[494, 482, 360, 88, 369, 258, 488, 454, 22, 431, 293, 481, 187, 194, 449, 262, 400, 309, 367, 200, 220, 137, 505, 387, 148, 452, 344, 191, 306, 154, 139, 124, 399, 37, 331, 295, 171, 458, 45, 93, 163, 109, 179, 402, 105, 19, 128, 446, 393, 500, 271, 297, 385, 484, 144, 129, 176, 264, 413, 324, 214, 175, 428, 350, 78, 228, 75, 496, 229, 49, 359, 348, 64, 279, 459, 276, 376, 170, 278, 434, 104, 151, 221, 493, 415, 394, 326, 83, 335, 79, 330, 52, 4, 198, 0, 9, 283, 231, 96, 55, 310, 34, 11, 427, 332, 162, 312, 193, 408, 188, 58, 207, 365, 289, 77, 497, 315, 59, 217, 441, 451, 8, 461, 299, 410, 190, 127, 304, 164, 133, 222, 71, 334, 100, 421, 182, 201, 241, 252, 491, 314, 181, 158, 38, 103, 361, 174, 80, 353, 447, 453, 463, 143, 1, 401, 121, 161, 409, 249, 501, 132, 506, 86, 233, 29, 277, 440, 76, 467, 435, 443, 227, 20, 110, 405, 383, 120, 101, 141, 389, 74, 472, 46, 152, 456, 208, 475, 212, 156, 445, 244, 406, 328, 422, 290, 432, 242, 263, 116, 281, 119, 296, 510, 323, 455, 7, 107, 321, 61, 425, 339, 246, 352, 192, 56, 136, 444, 265, 460, 32, 254, 308, 442, 108, 245, 483, 223, 14, 236, 131, 68, 391, 479, 329, 53, 438, 347, 82, 272, 225, 301, 247, 238, 26, 155, 256, 450, 94, 345, 298, 464, 316, 378, 73, 336, 477]","[4, 7, 9, 19, 22, 34, 45, 46, 49, 52, 53, 55, 71, 75, 78, 80, 82, 88, 93, 100, 101, 103, 104, 108, 109, 116, 119, 124, 127, 128, 129, 131, 132, 136, 137, 141, 154, 155, 158, 164, 171, 176, 179, 182, 187, 188, 190, 193, 200, 207, 208, 221, 222, 225, 227, 229, 233, 236, 238, 241, 245, 249, 252, 256, 263, 265, 276, 277, 278, 290, 296, 298, 301, 304, 308, 309, 310, 314, 316, 323, 329, 330, 331, 332, 336, 339, 345, 347, 350, 353, 359, 360, 367, 393, 394, 399, 400, 401, 405, 406, 408, 410, 415, 422, 428, 435, 438, 442, 443, 444, 445, 446, 447, 449, 450, 454, 455, 460, 464, 467, 472, 475, 481, 482, 488, 494, 505, 506, 510]"
39,"[220, 306, 201, 76, 19, 168, 288, 382, 261, 71, 352, 367, 411, 223, 474, 186, 18, 226, 32, 145, 387, 247, 135, 343, 470, 166, 164, 432, 425, 250, 216, 31, 468, 374, 175, 362, 341, 476, 52, 125, 188, 501, 276, 35, 66, 184, 174, 310, 190, 119, 315, 405, 292, 1, 193, 381, 90, 73, 378, 286, 487, 377, 502, 16, 83, 317, 275, 426, 294, 132, 484, 92, 89, 384, 181, 508, 319, 6, 318, 499, 491, 303, 25, 127, 139, 178, 199, 64, 154, 101, 465, 253, 49, 314, 42, 380, 497, 126, 182, 308, 289, 404, 266, 151, 396, 54, 170, 156, 70, 171, 94, 251, 370, 339, 114, 504, 116, 430, 466, 349, 277, 345, 60, 185, 218, 297, 334, 368, 372, 320, 355, 359, 3, 448, 140, 217, 233, 409, 395, 121, 323, 241, 272, 316, 424, 417, 483, 301, 365, 88, 376, 269, 0, 51, 464, 131, 304, 461, 274, 340, 331, 346, 98, 335, 133, 350, 237, 507, 4, 442, 418, 438, 479, 138, 29, 200, 34, 195, 503, 268, 103, 348, 390, 302, 110, 486, 80, 213, 221, 285, 197, 366, 227, 293, 68, 299, 454, 56, 5, 428, 282, 437, 450, 23, 63, 326, 77, 69, 423, 219, 141, 222, 136, 364, 44, 455, 225, 494, 7, 210, 111, 500, 72, 443, 467, 457, 407, 176, 228, 406, 33, 212, 28, 198, 313, 337, 469, 447, 105, 48, 322, 480, 84, 403, 214, 161, 173, 386, 490, 95, 22, 123, 36, 371, 57, 281]","[463, 162, 373, 353, 371, 340, 223, 29, 369, 375, 152, 273, 471, 74, 51, 496, 28, 247, 301, 296, 133, 432, 472, 372, 31, 478, 450, 419, 317, 42, 7, 404, 490, 395, 464, 431, 186, 390, 24, 402, 305, 103, 236, 461, 405, 92, 163, 263, 510, 53, 322, 63, 251, 493, 387, 277, 491, 135, 385, 254, 233, 298, 96, 468, 55, 81, 79, 399, 177, 66, 289, 355, 47, 212, 252, 489, 85, 441, 23, 356, 14, 321, 267, 215, 452, 118, 205, 40, 388, 112, 460, 497, 241, 16, 76, 1, 411, 291, 420, 328, 139, 4, 368, 124, 154, 75, 61, 127, 260, 195, 90, 107, 434, 287, 88, 279, 115, 136, 227, 32, 165, 168, 455, 505, 202, 376, 350, 43, 210, 343, 80, 410, 114, 169, 191, 337, 11, 297, 216, 225, 253, 121, 365, 194, 116, 19, 358, 25, 71, 286, 142, 462, 469, 219, 443, 508, 231, 44, 50, 477, 62, 332, 423, 217, 59, 173, 414, 65, 98, 357, 203, 214, 341, 416, 446, 451, 303, 148, 207, 73, 3, 199, 153, 349, 248, 272, 456, 406, 391, 437, 389, 360, 149, 89, 243, 143, 146, 257, 351, 308, 5, 367, 476, 470, 483, 283, 445, 209, 412, 311, 104, 444, 229, 34, 280, 306, 394, 479, 239, 201, 181, 158, 354, 488, 70, 398, 440, 299, 397, 140, 503, 2, 363, 117, 417, 157, 485, 242, 448, 500, 72, 58, 13, 275, 234, 429, 196, 237, 314, 256, 222, 20, 380, 329, 413, 467]","[1, 3, 4, 5, 7, 16, 19, 23, 25, 28, 29, 31, 32, 34, 42, 44, 51, 63, 66, 70, 71, 72, 73, 76, 80, 88, 89, 90, 92, 98, 103, 114, 116, 121, 127, 133, 135, 136, 139, 140, 154, 168, 173, 181, 186, 195, 199, 201, 210, 212, 214, 216, 217, 219, 222, 223, 225, 227, 233, 237, 241, 247, 251, 253, 272, 275, 277, 286, 289, 297, 299, 301, 303, 306, 308, 314, 317, 322, 337, 340, 341, 343, 349, 350, 355, 365, 367, 368, 371, 372, 376, 380, 387, 390, 395, 404, 405, 406, 411, 417, 423, 432, 437, 443, 448, 450, 455, 461, 464, 467, 468, 469, 470, 476, 479, 483, 490, 491, 497, 500, 503, 508]"
40,"[449, 126, 141, 461, 339, 80, 252, 272, 323, 59, 351, 164, 392, 316, 358, 507, 3, 410, 466, 189, 166, 379, 137, 8, 193, 314, 81, 89, 120, 362, 87, 191, 37, 468, 75, 125, 387, 139, 256, 408, 140, 269, 458, 275, 480, 40, 108, 348, 44, 482, 138, 165, 288, 282, 438, 184, 495, 497, 486, 247, 99, 330, 154, 266, 210, 198, 42, 299, 356, 98, 360, 47, 496, 129, 467, 255, 433, 79, 50, 394, 242, 434, 251, 131, 11, 311, 104, 168, 424, 296, 25, 487, 310, 94, 492, 383, 500, 457, 185, 451, 54, 60, 503, 39, 369, 321, 407, 430, 286, 501, 72, 115, 422, 84, 173, 20, 414, 227, 319, 56, 425, 376, 388, 460, 361, 456, 214, 106, 9, 367, 161, 197, 510, 45, 83, 284, 187, 432, 281, 232, 285, 212, 490, 51, 417, 475, 202, 136, 236, 318, 372, 315, 218, 96, 258, 225, 13, 373, 355, 464, 353, 320, 107, 469, 19, 18, 38, 498, 347, 493, 346, 309, 1, 12, 391, 77, 148, 324, 264, 343, 443, 167, 34, 188, 463, 350, 53, 170, 290, 142, 345, 97, 384, 337, 62, 404, 267, 254, 21, 41, 364, 429, 150, 306, 155, 156, 246, 48, 273, 16, 374, 92, 332, 91, 17, 312, 177, 213, 234, 471, 229, 437, 297, 419, 403, 146, 454, 123, 145, 248, 397, 481, 413, 342, 418, 357, 0, 506, 109, 277, 381, 158, 121, 235, 52, 186, 196, 511, 95, 64, 435, 386, 445, 78, 55, 398]","[344, 290, 68, 241, 283, 127, 445, 188, 506, 262, 341, 472, 292, 500, 371, 66, 473, 482, 272, 434, 274, 35, 52, 101, 296, 113, 474, 273, 186, 16, 285, 305, 377, 448, 415, 496, 351, 201, 418, 456, 332, 70, 503, 435, 358, 449, 347, 353, 77, 396, 161, 99, 41, 313, 263, 256, 98, 165, 511, 254, 455, 291, 27, 189, 350, 129, 152, 160, 219, 155, 146, 209, 251, 145, 180, 115, 420, 490, 54, 385, 309, 414, 338, 58, 90, 387, 483, 194, 133, 390, 451, 94, 100, 114, 348, 2, 419, 301, 108, 368, 78, 366, 187, 47, 321, 475, 345, 105, 44, 84, 485, 111, 477, 399, 212, 320, 200, 493, 67, 488, 337, 10, 86, 156, 287, 168, 109, 424, 150, 26, 46, 50, 299, 62, 421, 120, 454, 32, 373, 330, 69, 331, 270, 220, 411, 185, 140, 441, 281, 431, 336, 79, 428, 426, 258, 208, 433, 381, 157, 204, 264, 438, 240, 178, 363, 378, 491, 45, 293, 300, 232, 8, 372, 175, 268, 453, 297, 110, 174, 93, 259, 216, 198, 393, 142, 223, 425, 151, 213, 416, 85, 430, 139, 23, 261, 255, 294, 73, 407, 406, 392, 461, 72, 308, 246, 436, 322, 452, 386, 222, 192, 444, 370, 383, 457, 450, 11, 153, 173, 236, 439, 417, 247, 499, 464, 340, 65, 334, 423, 217, 252, 469, 183, 63, 495, 380, 403, 163, 447, 253, 166, 245, 158, 271, 119, 391, 389, 398, 492, 478, 43, 74, 205, 349, 31, 282]","[8, 11, 16, 41, 44, 45, 47, 50, 52, 54, 62, 72, 77, 78, 79, 84, 94, 98, 99, 108, 109, 115, 120, 129, 139, 140, 142, 145, 146, 150, 155, 156, 158, 161, 165, 166, 168, 173, 185, 186, 187, 188, 189, 198, 212, 213, 232, 236, 246, 247, 251, 252, 254, 255, 256, 258, 264, 272, 273, 281, 282, 285, 290, 296, 297, 299, 309, 320, 321, 330, 332, 337, 345, 347, 348, 350, 351, 353, 358, 372, 373, 381, 383, 386, 387, 391, 392, 398, 403, 407, 414, 417, 418, 419, 424, 425, 430, 433, 434, 435, 438, 445, 449, 451, 454, 456, 457, 461, 464, 469, 475, 482, 490, 492, 493, 495, 496, 500, 503, 506, 511]"
41,"[472, 132, 365, 3, 260, 0, 187, 273, 184, 506, 358, 354, 75, 304, 212, 428, 364, 315, 63, 281, 454, 398, 265, 195, 403, 405, 373, 410, 359, 374, 85, 307, 477, 391, 259, 434, 230, 310, 58, 329, 62, 366, 301, 386, 105, 37, 317, 243, 313, 78, 214, 4, 170, 470, 370, 223, 394, 314, 270, 284, 41, 396, 48, 497, 43, 139, 407, 416, 79, 279, 481, 256, 306, 245, 237, 392, 356, 108, 471, 88, 272, 107, 49, 68, 91, 269, 253, 267, 337, 28, 250, 162, 199, 179, 249, 309, 172, 144, 327, 10, 390, 6, 334, 323, 299, 181, 111, 499, 294, 87, 254, 326, 342, 417, 202, 7, 467, 1, 449, 114, 367, 189, 188, 462, 169, 96, 192, 468, 186, 274, 338, 101, 263, 98, 113, 380, 252, 165, 122, 460, 92, 503, 100, 312, 164, 109, 38, 240, 412, 440, 450, 389, 502, 134, 226, 142, 383, 257, 138, 432, 435, 104, 242, 153, 395, 167, 511, 125, 319, 418, 291, 268, 23, 76, 185, 65, 343, 21, 2, 266, 452, 425, 379, 461, 32, 401, 141, 155, 93, 72, 103, 255, 297, 193, 17, 437, 295, 296, 448, 352, 194, 498, 77, 438, 136, 371, 44, 95, 232, 285, 180, 110, 15, 409, 423, 89, 207, 469, 12, 347, 56, 341, 222, 26, 115, 31, 210, 419, 305, 414, 339, 229, 271, 127, 363, 478, 140, 67, 86, 173, 233, 485, 145, 494, 66, 490, 348, 135, 355, 247, 324, 74, 5, 215, 177, 126]","[11, 97, 365, 7, 437, 460, 477, 287, 135, 380, 164, 63, 330, 458, 190, 350, 53, 450, 259, 500, 186, 499, 120, 171, 154, 92, 22, 177, 396, 21, 17, 207, 3, 402, 495, 99, 254, 490, 501, 476, 264, 441, 148, 222, 427, 127, 247, 4, 215, 132, 191, 336, 483, 255, 346, 68, 502, 323, 119, 507, 434, 454, 134, 216, 268, 52, 236, 417, 121, 459, 245, 463, 371, 78, 123, 256, 140, 309, 232, 110, 481, 128, 146, 315, 38, 482, 474, 39, 286, 378, 325, 468, 235, 224, 242, 377, 203, 44, 30, 369, 475, 395, 404, 220, 86, 41, 407, 223, 488, 493, 438, 159, 310, 358, 218, 60, 426, 348, 317, 196, 469, 230, 40, 326, 394, 353, 467, 503, 71, 83, 118, 444, 413, 169, 302, 31, 33, 111, 290, 182, 155, 34, 161, 217, 319, 321, 278, 243, 96, 29, 168, 244, 506, 276, 163, 337, 142, 390, 82, 492, 335, 219, 344, 234, 421, 279, 297, 273, 280, 188, 491, 185, 470, 55, 410, 104, 360, 357, 451, 193, 292, 453, 160, 249, 42, 152, 67, 166, 176, 231, 181, 248, 89, 391, 486, 87, 320, 156, 420, 117, 387, 351, 76, 352, 448, 59, 77, 57, 47, 85, 414, 281, 342, 397, 9, 170, 239, 422, 10, 428, 103, 471, 94, 442, 504, 405, 201, 54, 115, 484, 266, 285, 295, 138, 250, 374, 200, 46, 241, 363, 25, 81, 400, 311, 373, 56, 80, 130, 212, 19, 43, 298, 293, 109, 49, 274]","[3, 4, 7, 10, 17, 21, 31, 38, 41, 43, 44, 49, 56, 63, 67, 68, 76, 77, 78, 85, 86, 87, 89, 92, 96, 103, 104, 109, 110, 111, 115, 127, 132, 134, 135, 138, 140, 142, 155, 164, 169, 170, 177, 181, 185, 186, 188, 193, 207, 212, 215, 222, 223, 230, 232, 242, 243, 245, 247, 249, 250, 254, 255, 256, 259, 266, 268, 273, 274, 279, 281, 285, 295, 297, 309, 310, 315, 317, 319, 323, 326, 337, 342, 348, 352, 358, 363, 365, 371, 373, 374, 380, 390, 391, 394, 395, 396, 405, 407, 410, 414, 417, 428, 434, 437, 438, 448, 450, 454, 460, 467, 468, 469, 470, 471, 477, 481, 490, 499, 502, 503, 506]"
42,"[457, 272, 281, 287, 100, 221, 169, 502, 280, 381, 277, 241, 284, 384, 431, 311, 354, 131, 214, 441, 460, 195, 443, 334, 333, 340, 440, 361, 298, 466, 391, 472, 429, 96, 29, 190, 407, 401, 400, 55, 128, 499, 383, 320, 62, 212, 223, 324, 271, 36, 90, 99, 364, 347, 233, 213, 279, 77, 45, 240, 175, 257, 230, 163, 225, 247, 5, 123, 276, 229, 503, 15, 156, 452, 398, 468, 179, 356, 171, 133, 323, 321, 346, 331, 24, 144, 458, 322, 314, 481, 295, 145, 367, 290, 274, 455, 126, 265, 108, 309, 172, 492, 2, 52, 421, 350, 211, 47, 337, 98, 220, 289, 39, 425, 369, 34, 75, 370, 232, 167, 366, 252, 488, 84, 142, 482, 140, 471, 293, 269, 173, 117, 222, 85, 461, 65, 250, 351, 505, 112, 71, 341, 196, 60, 469, 27, 300, 495, 106, 335, 116, 69, 184, 92, 379, 95, 463, 291, 180, 496, 197, 182, 87, 215, 30, 270, 94, 174, 44, 511, 359, 64, 31, 508, 56, 219, 205, 414, 244, 404, 97, 151, 446, 462, 101, 433, 188, 473, 327, 504, 377, 382, 93, 152, 43, 342, 480, 339, 109, 218, 275, 122, 16, 63, 389, 427, 283, 202, 318, 413, 410, 299, 139, 415, 345, 264, 21, 476, 405, 399, 157, 231, 509, 465, 107, 76, 204, 209, 239, 83, 50, 194, 445, 432, 6, 510, 137, 303, 419, 41, 8, 357, 451, 7, 26, 70, 245, 141, 313, 493, 490, 73, 54, 78, 453, 181]","[128, 331, 407, 323, 405, 257, 486, 281, 360, 47, 387, 482, 264, 166, 226, 58, 143, 42, 288, 15, 170, 368, 403, 180, 17, 75, 383, 502, 133, 298, 485, 448, 371, 156, 484, 353, 498, 101, 194, 146, 366, 480, 479, 424, 436, 271, 364, 125, 395, 142, 152, 79, 347, 184, 336, 148, 463, 293, 218, 22, 385, 20, 444, 252, 85, 370, 311, 208, 398, 219, 135, 43, 175, 287, 100, 250, 126, 457, 185, 504, 349, 64, 428, 397, 139, 68, 376, 367, 488, 164, 186, 438, 433, 163, 391, 443, 452, 151, 259, 278, 86, 477, 454, 410, 394, 419, 7, 3, 4, 511, 494, 149, 168, 358, 190, 217, 418, 342, 289, 109, 508, 99, 442, 458, 292, 343, 413, 470, 476, 228, 420, 445, 375, 459, 320, 40, 373, 9, 357, 455, 379, 144, 14, 263, 200, 277, 193, 265, 104, 1, 447, 56, 62, 272, 401, 493, 33, 29, 98, 192, 147, 495, 247, 53, 181, 167, 36, 169, 231, 276, 235, 121, 423, 310, 473, 251, 229, 205, 471, 506, 110, 372, 16, 44, 406, 105, 328, 404, 225, 441, 207, 284, 106, 253, 296, 150, 351, 92, 107, 481, 154, 61, 308, 440, 5, 399, 213, 119, 314, 306, 67, 363, 12, 102, 165, 81, 48, 474, 414, 204, 291, 362, 178, 305, 23, 309, 322, 37, 500, 209, 57, 503, 382, 469, 483, 97, 239, 206, 262, 337, 71, 77, 286, 118, 198, 384, 51, 301, 426, 242, 439, 430, 130, 21, 187, 173]","[5, 7, 15, 16, 21, 29, 36, 43, 44, 47, 56, 62, 64, 71, 75, 77, 85, 92, 97, 98, 99, 100, 101, 106, 107, 109, 126, 128, 133, 139, 142, 144, 151, 152, 156, 163, 167, 169, 173, 175, 180, 181, 184, 190, 194, 204, 205, 209, 213, 218, 219, 225, 229, 231, 239, 247, 250, 252, 257, 264, 265, 271, 272, 276, 277, 281, 284, 287, 289, 291, 293, 298, 309, 311, 314, 320, 322, 323, 331, 337, 342, 347, 351, 357, 364, 366, 367, 370, 379, 382, 383, 384, 391, 398, 399, 401, 404, 405, 407, 410, 413, 414, 419, 433, 440, 441, 443, 445, 452, 455, 457, 458, 463, 469, 471, 473, 476, 480, 481, 482, 488, 493, 495, 502, 503, 504, 508, 511]"
43,"[152, 437, 511, 133, 301, 270, 3, 29, 316, 291, 468, 478, 32, 430, 367, 259, 486, 347, 407, 211, 293, 113, 194, 107, 480, 387, 83, 90, 187, 71, 114, 173, 73, 466, 285, 190, 225, 327, 95, 128, 215, 80, 165, 178, 213, 25, 28, 218, 98, 488, 74, 159, 4, 52, 20, 465, 192, 314, 230, 349, 378, 317, 23, 255, 151, 168, 331, 391, 506, 231, 214, 139, 351, 278, 86, 9, 413, 507, 445, 188, 329, 370, 137, 444, 8, 332, 399, 112, 350, 21, 282, 94, 489, 123, 302, 118, 502, 115, 125, 184, 418, 10, 358, 108, 421, 161, 344, 383, 432, 434, 241, 341, 44, 0, 460, 240, 276, 436, 440, 497, 303, 453, 428, 373, 53, 209, 154, 417, 438, 382, 297, 361, 326, 267, 359, 397, 100, 47, 244, 464, 1, 219, 412, 275, 42, 40, 12, 312, 77, 129, 131, 306, 321, 386, 189, 227, 395, 59, 400, 263, 337, 79, 238, 475, 427, 320, 41, 2, 102, 271, 14, 234, 334, 266, 56, 446, 157, 167, 146, 403, 410, 221, 158, 369, 422, 119, 398, 352, 363, 85, 148, 7, 24, 286, 75, 467, 147, 261, 180, 197, 374, 343, 124, 311, 62, 258, 212, 355, 5, 229, 249, 299, 357, 174, 339, 18, 88, 289, 476, 138, 414, 201, 46, 340, 65, 385, 254, 76, 371, 38, 477, 473, 51, 441, 155, 260, 499, 82, 469, 126, 342, 150, 280, 134, 34, 307, 423, 235, 176, 429, 484, 50, 183, 198, 179, 84]","[1, 257, 366, 97, 42, 173, 38, 399, 83, 456, 81, 430, 382, 17, 197, 124, 463, 100, 316, 421, 401, 190, 276, 54, 377, 235, 221, 384, 395, 315, 243, 216, 297, 284, 494, 392, 14, 157, 500, 342, 333, 464, 398, 385, 45, 94, 432, 15, 279, 476, 137, 362, 403, 104, 389, 87, 19, 165, 455, 225, 258, 178, 380, 418, 31, 490, 507, 439, 293, 286, 160, 291, 168, 413, 344, 176, 12, 118, 429, 236, 358, 208, 28, 314, 79, 410, 41, 56, 30, 374, 371, 131, 65, 142, 365, 47, 64, 119, 67, 205, 121, 271, 191, 351, 305, 86, 11, 213, 101, 248, 337, 127, 220, 446, 426, 273, 152, 55, 223, 282, 88, 233, 323, 229, 196, 298, 35, 32, 272, 75, 485, 275, 80, 498, 52, 406, 320, 259, 10, 409, 102, 435, 332, 138, 231, 198, 53, 18, 313, 493, 186, 322, 44, 134, 460, 21, 214, 224, 159, 281, 59, 66, 110, 477, 262, 2, 175, 57, 294, 194, 363, 40, 339, 388, 436, 269, 61, 475, 372, 153, 501, 167, 424, 20, 25, 195, 261, 324, 483, 453, 394, 62, 300, 396, 433, 98, 72, 451, 23, 60, 473, 3, 486, 209, 462, 445, 240, 211, 107, 478, 226, 73, 218, 122, 452, 161, 400, 84, 411, 296, 183, 48, 172, 263, 144, 482, 114, 397, 143, 437, 4, 387, 502, 239, 50, 69, 497, 90, 136, 290, 22, 70, 74, 27, 49, 181, 341, 139, 58, 307, 289, 202, 308, 349, 268, 354]","[1, 2, 3, 4, 10, 12, 14, 18, 20, 21, 23, 25, 28, 32, 38, 40, 41, 42, 44, 47, 50, 52, 53, 56, 59, 62, 65, 73, 74, 75, 79, 80, 83, 84, 86, 88, 90, 94, 98, 100, 102, 107, 114, 118, 119, 124, 131, 134, 137, 138, 139, 152, 157, 159, 161, 165, 167, 168, 173, 176, 178, 183, 190, 194, 197, 198, 209, 211, 213, 214, 218, 221, 225, 229, 231, 235, 240, 258, 259, 261, 263, 271, 275, 276, 282, 286, 289, 291, 293, 297, 307, 314, 316, 320, 332, 337, 339, 341, 342, 344, 349, 351, 358, 363, 371, 374, 382, 385, 387, 395, 397, 398, 399, 400, 403, 410, 413, 418, 421, 429, 430, 432, 436, 437, 445, 446, 453, 460, 464, 473, 475, 476, 477, 478, 486, 497, 502, 507]"
44,"[438, 500, 156, 243, 326, 295, 254, 11, 301, 488, 71, 299, 140, 278, 63, 377, 89, 123, 454, 459, 365, 246, 419, 220, 57, 13, 413, 122, 331, 445, 328, 130, 373, 61, 163, 259, 19, 333, 487, 144, 296, 64, 306, 382, 138, 482, 87, 6, 508, 3, 358, 221, 450, 96, 334, 201, 194, 399, 446, 189, 7, 468, 261, 50, 481, 493, 344, 354, 288, 364, 282, 169, 270, 461, 267, 501, 49, 410, 202, 349, 401, 78, 32, 217, 492, 100, 36, 106, 162, 173, 167, 186, 441, 368, 135, 258, 388, 247, 269, 302, 62, 182, 252, 338, 74, 21, 506, 251, 503, 12, 420, 17, 495, 346, 416, 300, 190, 16, 225, 143, 276, 51, 185, 378, 463, 211, 260, 238, 199, 39, 469, 114, 408, 214, 316, 387, 85, 385, 455, 312, 403, 389, 287, 244, 30, 131, 511, 465, 81, 275, 305, 95, 392, 121, 339, 477, 75, 411, 397, 471, 207, 136, 79, 249, 324, 376, 104, 235, 343, 129, 44, 462, 474, 283, 298, 279, 467, 341, 447, 193, 329, 422, 90, 494, 484, 406, 26, 418, 362, 472, 48, 198, 375, 232, 224, 204, 42, 452, 491, 126, 386, 99, 448, 348, 496, 43, 294, 457, 151, 82, 141, 146, 213, 223, 8, 155, 273, 262, 222, 160, 265, 245, 390, 436, 272, 428, 152, 229, 215, 335, 91, 291, 330, 241, 181, 192, 504, 105, 196, 159, 379, 183, 470, 398, 307, 84, 37, 479, 139, 443, 370, 54, 175, 148, 18, 442]","[33, 189, 494, 511, 133, 286, 18, 406, 236, 117, 207, 324, 49, 64, 304, 96, 281, 390, 141, 289, 48, 169, 79, 90, 151, 434, 6, 140, 454, 474, 180, 7, 489, 229, 345, 30, 427, 276, 271, 303, 477, 8, 268, 493, 482, 252, 62, 55, 476, 490, 181, 86, 217, 392, 12, 457, 219, 125, 72, 428, 198, 101, 291, 378, 420, 361, 29, 78, 143, 331, 142, 301, 260, 278, 144, 451, 308, 211, 9, 61, 167, 121, 245, 356, 197, 307, 312, 419, 213, 316, 63, 461, 191, 16, 266, 104, 42, 463, 302, 391, 74, 481, 235, 383, 161, 31, 372, 351, 450, 87, 466, 126, 473, 45, 358, 343, 329, 403, 263, 398, 488, 475, 447, 394, 348, 238, 492, 507, 341, 446, 26, 269, 38, 321, 179, 246, 464, 432, 223, 39, 317, 300, 485, 155, 69, 228, 368, 344, 501, 23, 137, 239, 237, 82, 209, 73, 230, 508, 203, 330, 496, 53, 325, 265, 326, 467, 60, 122, 214, 375, 417, 152, 21, 22, 396, 400, 500, 248, 254, 298, 243, 379, 43, 384, 387, 75, 192, 264, 225, 146, 353, 226, 52, 273, 415, 253, 208, 159, 411, 135, 50, 294, 123, 459, 113, 424, 435, 510, 27, 499, 479, 413, 70, 131, 184, 377, 118, 13, 472, 111, 0, 337, 469, 480, 288, 242, 81, 483, 484, 150, 10, 376, 28, 102, 452, 355, 305, 160, 89, 285, 14, 205, 85, 498, 256, 465, 382, 116, 453, 365, 284, 212, 292, 173, 448, 255]","[6, 7, 8, 12, 13, 16, 18, 21, 26, 30, 39, 42, 43, 48, 49, 50, 61, 62, 63, 64, 74, 75, 78, 79, 81, 82, 85, 87, 89, 90, 96, 104, 121, 122, 123, 126, 131, 135, 140, 141, 143, 144, 146, 151, 152, 155, 159, 160, 167, 169, 173, 181, 189, 192, 198, 207, 211, 213, 214, 217, 223, 225, 229, 235, 238, 243, 245, 246, 252, 254, 260, 265, 269, 273, 276, 278, 288, 291, 294, 298, 300, 301, 302, 305, 307, 312, 316, 324, 326, 329, 330, 331, 341, 343, 344, 348, 358, 365, 368, 375, 376, 377, 378, 379, 382, 387, 390, 392, 398, 403, 406, 411, 413, 419, 420, 428, 446, 447, 448, 450, 452, 454, 457, 459, 461, 463, 465, 467, 469, 472, 474, 477, 479, 481, 482, 484, 488, 492, 493, 494, 496, 500, 501, 508, 511]"
45,"[215, 90, 347, 159, 485, 305, 293, 422, 509, 374, 146, 333, 356, 60, 239, 316, 504, 410, 7, 129, 234, 468, 324, 344, 438, 489, 414, 142, 81, 286, 133, 236, 156, 119, 62, 186, 56, 418, 383, 510, 205, 279, 263, 490, 214, 191, 89, 92, 296, 87, 499, 68, 150, 36, 72, 329, 506, 167, 20, 212, 363, 400, 195, 29, 113, 206, 291, 255, 358, 271, 48, 372, 439, 378, 163, 179, 441, 488, 508, 223, 53, 210, 502, 253, 449, 370, 51, 456, 18, 284, 443, 277, 464, 407, 121, 450, 50, 480, 332, 448, 318, 251, 204, 423, 64, 308, 202, 174, 120, 397, 130, 109, 377, 74, 433, 160, 116, 309, 258, 268, 124, 451, 47, 375, 200, 419, 398, 409, 460, 2, 310, 411, 135, 331, 396, 351, 427, 483, 388, 281, 361, 470, 28, 37, 220, 77, 21, 91, 299, 301, 199, 369, 24, 498, 217, 100, 262, 11, 424, 15, 507, 241, 221, 274, 246, 430, 169, 65, 84, 177, 474, 182, 459, 14, 473, 297, 283, 10, 341, 428, 413, 211, 227, 273, 275, 42, 99, 338, 461, 67, 75, 198, 350, 500, 453, 326, 447, 33, 178, 94, 353, 237, 171, 313, 403, 185, 290, 73, 462, 335, 475, 35, 229, 385, 276, 437, 476, 511, 244, 368, 117, 151, 225, 472, 482, 105, 59, 219, 322, 285, 213, 34, 312, 112, 444, 487, 79, 292, 140, 382, 242, 248, 494, 45, 152, 39, 337, 321, 339, 503, 147, 328, 336, 148, 405, 107]","[16, 284, 345, 231, 384, 471, 145, 97, 338, 273, 38, 157, 35, 22, 430, 21, 73, 286, 267, 236, 253, 107, 6, 48, 161, 259, 486, 427, 443, 330, 27, 211, 356, 106, 336, 484, 279, 326, 132, 11, 380, 377, 404, 210, 324, 438, 99, 387, 274, 507, 385, 358, 466, 175, 480, 439, 240, 302, 425, 138, 17, 83, 194, 397, 34, 90, 202, 86, 435, 483, 158, 271, 423, 463, 481, 477, 245, 122, 505, 174, 399, 396, 61, 362, 306, 283, 51, 243, 94, 376, 64, 241, 499, 381, 452, 91, 111, 361, 52, 258, 155, 123, 232, 411, 386, 247, 49, 431, 462, 489, 85, 318, 164, 18, 304, 142, 333, 212, 456, 28, 235, 370, 23, 238, 252, 410, 341, 403, 496, 374, 413, 222, 95, 262, 409, 394, 327, 314, 71, 102, 501, 432, 440, 70, 418, 208, 233, 400, 269, 408, 187, 127, 149, 474, 170, 415, 277, 445, 46, 58, 316, 368, 44, 313, 347, 467, 319, 171, 116, 348, 317, 417, 216, 510, 398, 29, 168, 344, 359, 300, 37, 192, 219, 203, 369, 207, 392, 223, 53, 482, 465, 500, 131, 476, 342, 249, 257, 5, 139, 2, 224, 508, 36, 305, 337, 190, 159, 335, 60, 57, 447, 254, 503, 421, 20, 426, 473, 322, 50, 201, 227, 147, 43, 172, 181, 205, 441, 448, 459, 80, 270, 220, 285, 414, 72, 143, 109, 295, 296, 215, 453, 63, 41, 461, 490, 292, 188, 56, 464, 349, 47, 511, 19, 455, 307, 110]","[2, 11, 18, 20, 21, 28, 29, 34, 35, 36, 37, 47, 48, 50, 51, 53, 56, 60, 64, 72, 73, 90, 91, 94, 99, 107, 109, 116, 142, 147, 159, 171, 174, 202, 205, 210, 211, 212, 215, 219, 220, 223, 227, 236, 241, 253, 258, 262, 271, 273, 274, 277, 279, 283, 284, 285, 286, 292, 296, 305, 313, 316, 318, 322, 324, 326, 333, 335, 336, 337, 338, 341, 344, 347, 356, 358, 361, 368, 369, 370, 374, 377, 385, 396, 397, 398, 400, 403, 409, 410, 411, 413, 414, 418, 423, 427, 430, 438, 439, 441, 443, 447, 448, 453, 456, 459, 461, 462, 464, 473, 474, 476, 480, 482, 483, 489, 490, 499, 500, 503, 507, 508, 510, 511]"
46,"[8, 324, 511, 184, 424, 115, 326, 207, 104, 64, 261, 446, 35, 114, 121, 406, 38, 99, 453, 265, 308, 321, 432, 462, 254, 403, 267, 82, 486, 246, 284, 2, 66, 433, 49, 69, 4, 185, 333, 134, 303, 73, 209, 345, 381, 385, 372, 90, 323, 116, 481, 216, 375, 81, 275, 390, 337, 34, 309, 407, 491, 187, 136, 490, 10, 497, 76, 243, 205, 296, 468, 313, 382, 463, 181, 506, 349, 443, 281, 110, 186, 188, 168, 471, 331, 148, 367, 268, 190, 63, 33, 492, 477, 255, 369, 352, 461, 347, 167, 283, 165, 460, 450, 137, 27, 98, 263, 145, 163, 488, 307, 260, 499, 363, 224, 86, 386, 338, 84, 60, 107, 25, 232, 270, 213, 208, 32, 1, 412, 299, 43, 93, 479, 317, 475, 269, 419, 133, 457, 46, 388, 376, 294, 241, 365, 442, 152, 312, 97, 279, 394, 160, 118, 117, 498, 138, 395, 24, 252, 362, 169, 437, 233, 206, 95, 176, 178, 493, 377, 469, 316, 16, 85, 42, 415, 358, 502, 217, 189, 435, 237, 23, 278, 240, 277, 89, 505, 127, 348, 391, 302, 282, 29, 295, 353, 410, 285, 301, 276, 510, 343, 171, 238, 111, 292, 414, 249, 157, 54, 161, 420, 258, 105, 389, 454, 65, 28, 0, 47, 315, 416, 342, 311, 173, 83, 374, 335, 55, 251, 159, 140, 244, 325, 242, 402, 332, 39, 257, 329, 6, 350, 266, 355, 5, 472, 336, 455, 197, 147, 449, 466, 417, 290, 135, 36, 146]","[270, 506, 118, 237, 379, 446, 271, 428, 442, 26, 289, 275, 195, 121, 164, 212, 95, 265, 312, 81, 340, 320, 68, 69, 174, 342, 303, 331, 136, 443, 319, 167, 301, 179, 395, 283, 153, 231, 182, 438, 366, 91, 394, 420, 183, 156, 298, 322, 219, 392, 278, 433, 343, 177, 414, 143, 225, 159, 103, 185, 229, 292, 21, 117, 22, 140, 253, 457, 170, 318, 266, 111, 503, 168, 411, 508, 479, 502, 99, 198, 142, 63, 354, 226, 422, 338, 204, 321, 510, 44, 152, 447, 347, 386, 304, 390, 299, 19, 453, 119, 410, 272, 284, 154, 193, 12, 375, 208, 51, 180, 384, 40, 369, 130, 476, 267, 493, 190, 466, 135, 54, 192, 82, 0, 362, 465, 238, 435, 397, 504, 102, 416, 89, 157, 129, 372, 407, 499, 351, 223, 363, 50, 417, 305, 293, 36, 31, 17, 344, 145, 87, 400, 155, 184, 211, 323, 11, 224, 482, 234, 258, 472, 196, 23, 432, 218, 58, 202, 100, 291, 79, 463, 374, 56, 39, 28, 439, 235, 18, 415, 409, 455, 286, 84, 45, 405, 254, 423, 14, 306, 295, 116, 353, 429, 158, 337, 262, 110, 210, 511, 122, 285, 38, 165, 105, 15, 335, 217, 3, 328, 42, 200, 314, 368, 421, 175, 221, 7, 65, 120, 141, 205, 356, 496, 162, 46, 339, 178, 492, 401, 427, 396, 413, 456, 216, 459, 287, 276, 296, 483, 222, 309, 317, 52, 35, 259, 505, 113, 163, 261, 227, 138, 297, 8, 425, 194]","[0, 8, 23, 28, 35, 36, 38, 39, 42, 46, 54, 63, 65, 69, 81, 82, 84, 89, 95, 99, 105, 110, 111, 116, 117, 118, 121, 135, 136, 138, 140, 145, 152, 157, 159, 163, 165, 167, 168, 178, 184, 185, 190, 205, 208, 216, 217, 224, 237, 238, 254, 258, 261, 265, 266, 267, 270, 275, 276, 278, 283, 284, 285, 292, 295, 296, 299, 301, 303, 309, 312, 317, 321, 323, 331, 335, 337, 338, 342, 343, 347, 353, 362, 363, 369, 372, 374, 375, 386, 390, 394, 395, 407, 410, 414, 415, 416, 417, 420, 432, 433, 435, 442, 443, 446, 453, 455, 457, 463, 466, 472, 479, 492, 493, 499, 502, 505, 506, 510, 511]"
47,"[307, 106, 478, 137, 204, 509, 330, 198, 196, 237, 57, 355, 93, 400, 142, 480, 132, 394, 21, 413, 405, 94, 203, 325, 146, 101, 473, 491, 281, 2, 448, 173, 233, 286, 292, 28, 423, 59, 474, 159, 271, 218, 107, 226, 127, 221, 331, 48, 109, 225, 266, 76, 363, 310, 468, 63, 79, 283, 287, 388, 454, 133, 3, 414, 51, 412, 0, 258, 323, 321, 356, 372, 437, 484, 501, 499, 135, 490, 284, 228, 373, 88, 381, 354, 84, 302, 293, 347, 108, 23, 171, 278, 432, 420, 343, 503, 409, 208, 505, 290, 114, 500, 180, 119, 341, 326, 418, 253, 235, 404, 344, 324, 329, 86, 415, 483, 223, 494, 300, 78, 176, 305, 336, 160, 234, 169, 375, 277, 243, 350, 167, 172, 419, 303, 141, 175, 166, 219, 247, 125, 80, 449, 510, 231, 421, 365, 244, 429, 425, 361, 245, 295, 462, 276, 5, 9, 156, 259, 121, 69, 426, 495, 31, 316, 470, 498, 227, 332, 155, 129, 411, 280, 465, 139, 472, 55, 14, 464, 456, 128, 312, 145, 254, 136, 507, 333, 370, 205, 214, 272, 251, 446, 399, 158, 392, 402, 193, 25, 384, 489, 440, 450, 41, 52, 408, 240, 90, 239, 65, 29, 319, 110, 238, 282, 433, 289, 308, 317, 152, 463, 103, 15, 460, 362, 385, 431, 393, 442, 75, 111, 273, 194, 430, 262, 177, 382, 89, 447, 248, 427, 434, 487, 87, 96, 269, 47, 163, 224, 380, 81, 192, 37, 511, 212, 11, 215]","[448, 90, 444, 329, 204, 158, 287, 106, 240, 315, 413, 411, 161, 306, 276, 205, 62, 453, 155, 193, 279, 465, 494, 117, 196, 332, 210, 283, 264, 116, 480, 349, 54, 15, 464, 113, 356, 20, 476, 34, 133, 380, 99, 206, 80, 207, 236, 227, 372, 197, 171, 92, 111, 124, 302, 104, 398, 127, 37, 468, 195, 441, 281, 375, 486, 385, 391, 249, 458, 490, 462, 426, 36, 184, 447, 88, 272, 122, 96, 83, 374, 442, 59, 327, 314, 334, 109, 297, 511, 97, 320, 257, 163, 189, 151, 234, 149, 220, 51, 294, 128, 187, 87, 471, 226, 38, 89, 61, 350, 275, 330, 173, 358, 212, 324, 473, 123, 412, 406, 126, 100, 331, 504, 389, 415, 230, 424, 144, 27, 316, 357, 416, 318, 142, 1, 241, 492, 177, 500, 68, 469, 269, 481, 32, 289, 259, 178, 477, 223, 91, 219, 86, 49, 172, 339, 393, 325, 436, 267, 270, 322, 40, 353, 340, 336, 423, 313, 181, 211, 338, 28, 373, 139, 474, 483, 81, 243, 263, 101, 502, 199, 472, 345, 397, 456, 35, 317, 168, 188, 242, 63, 31, 65, 119, 7, 229, 370, 217, 253, 239, 293, 208, 4, 152, 362, 425, 180, 360, 368, 470, 364, 93, 390, 262, 508, 369, 386, 45, 379, 55, 363, 244, 53, 132, 505, 489, 42, 13, 209, 499, 98, 451, 365, 435, 23, 439, 145, 248, 461, 5, 185, 437, 215, 431, 120, 387, 392, 265, 24, 395, 460, 450, 118, 75, 507, 190]","[5, 15, 23, 28, 31, 37, 51, 55, 59, 63, 65, 75, 80, 81, 86, 87, 88, 89, 90, 93, 96, 101, 106, 109, 111, 119, 127, 128, 132, 133, 139, 142, 145, 152, 155, 158, 163, 171, 172, 173, 177, 180, 193, 196, 204, 205, 208, 212, 215, 219, 223, 226, 227, 234, 239, 240, 243, 244, 248, 253, 259, 262, 269, 272, 276, 281, 283, 287, 289, 293, 302, 316, 317, 324, 325, 329, 330, 331, 332, 336, 350, 356, 362, 363, 365, 370, 372, 373, 375, 380, 385, 392, 393, 411, 412, 413, 415, 423, 425, 426, 431, 437, 442, 447, 448, 450, 456, 460, 462, 464, 465, 468, 470, 472, 473, 474, 480, 483, 489, 490, 494, 499, 500, 505, 507, 511]"
48,"[312, 489, 265, 67, 417, 480, 75, 107, 303, 497, 151, 112, 93, 469, 88, 44, 161, 268, 159, 266, 187, 510, 491, 413, 144, 103, 230, 252, 330, 62, 85, 320, 97, 437, 68, 134, 190, 227, 442, 21, 42, 368, 404, 16, 81, 287, 290, 39, 421, 59, 356, 182, 331, 346, 214, 433, 205, 238, 450, 78, 438, 202, 412, 355, 92, 508, 461, 19, 119, 264, 492, 206, 367, 177, 506, 436, 270, 121, 135, 305, 379, 434, 200, 137, 505, 336, 146, 263, 284, 340, 322, 383, 29, 195, 486, 3, 335, 219, 337, 414, 246, 11, 211, 389, 462, 373, 419, 400, 31, 358, 381, 237, 180, 458, 34, 201, 7, 487, 301, 388, 82, 490, 481, 387, 90, 428, 197, 294, 364, 122, 298, 258, 35, 203, 251, 333, 255, 423, 143, 110, 124, 443, 102, 420, 321, 52, 357, 416, 341, 409, 84, 372, 384, 325, 5, 310, 213, 464, 453, 6, 314, 140, 23, 396, 74, 139, 229, 57, 4, 507, 472, 183, 307, 315, 475, 226, 191, 361, 399, 26, 391, 463, 152, 456, 347, 95, 276, 279, 136, 18, 374, 397, 105, 186, 477, 394, 376, 113, 141, 114, 289, 56, 106, 8, 363, 449, 297, 116, 158, 138, 96, 156, 83, 339, 454, 392, 406, 155, 328, 24, 69, 217, 70, 452, 20, 215, 79, 501, 174, 40, 36, 468, 216, 439, 401, 184, 41, 232, 163, 318, 283, 126, 402, 181, 375, 150, 130, 2, 496, 33, 127, 185, 48, 278, 54, 198]","[241, 391, 275, 168, 286, 294, 51, 79, 352, 507, 409, 41, 314, 456, 176, 469, 141, 440, 177, 238, 366, 501, 295, 27, 269, 117, 435, 291, 473, 476, 503, 387, 50, 119, 341, 302, 200, 208, 458, 322, 88, 149, 418, 138, 30, 24, 482, 398, 364, 245, 311, 461, 13, 178, 357, 276, 363, 136, 122, 48, 160, 232, 345, 39, 320, 502, 103, 413, 374, 189, 301, 206, 145, 472, 64, 466, 143, 315, 285, 249, 42, 236, 373, 121, 185, 163, 170, 146, 329, 257, 375, 225, 229, 233, 481, 182, 328, 331, 230, 71, 199, 0, 196, 480, 131, 95, 333, 460, 89, 198, 93, 255, 148, 425, 52, 426, 2, 70, 431, 485, 139, 8, 72, 355, 74, 33, 283, 346, 251, 172, 217, 99, 49, 35, 313, 334, 55, 272, 125, 118, 308, 282, 445, 140, 207, 173, 201, 464, 338, 87, 337, 340, 184, 105, 169, 477, 509, 330, 292, 226, 44, 73, 100, 474, 144, 405, 90, 222, 107, 304, 349, 424, 133, 347, 108, 84, 134, 288, 180, 246, 38, 395, 220, 192, 419, 432, 423, 497, 114, 358, 264, 203, 34, 408, 317, 434, 490, 40, 214, 181, 401, 10, 307, 151, 414, 385, 475, 132, 26, 190, 92, 106, 287, 506, 76, 22, 96, 221, 127, 16, 68, 444, 402, 437, 60, 28, 428, 274, 455, 459, 493, 316, 452, 400, 224, 191, 104, 488, 467, 416, 14, 281, 487, 5, 83, 361, 218, 297, 453, 479, 209, 354, 483, 23, 128, 155]","[2, 5, 8, 16, 23, 24, 26, 33, 34, 35, 39, 40, 41, 42, 44, 48, 52, 68, 70, 74, 79, 83, 84, 88, 90, 92, 93, 95, 96, 103, 105, 106, 107, 114, 119, 121, 122, 127, 134, 136, 138, 139, 140, 141, 143, 144, 146, 151, 155, 163, 177, 180, 181, 182, 184, 185, 190, 191, 198, 200, 201, 203, 206, 214, 217, 226, 229, 230, 232, 238, 246, 251, 255, 264, 276, 283, 287, 294, 297, 301, 307, 314, 315, 320, 322, 328, 330, 331, 333, 337, 340, 341, 346, 347, 355, 357, 358, 361, 363, 364, 373, 374, 375, 387, 391, 400, 401, 402, 409, 413, 414, 416, 419, 423, 428, 434, 437, 452, 453, 456, 458, 461, 464, 469, 472, 475, 477, 480, 481, 487, 490, 497, 501, 506, 507]"
49,"[42, 179, 357, 458, 24, 93, 474, 491, 111, 125, 84, 506, 302, 122, 290, 132, 196, 62, 253, 178, 31, 351, 360, 353, 500, 320, 99, 383, 250, 505, 48, 188, 217, 82, 390, 405, 292, 280, 477, 326, 344, 313, 164, 148, 449, 396, 40, 128, 10, 238, 138, 333, 53, 350, 361, 158, 343, 213, 218, 258, 206, 446, 100, 445, 407, 3, 239, 334, 47, 34, 412, 332, 322, 63, 507, 97, 163, 46, 124, 295, 103, 373, 386, 508, 113, 329, 230, 442, 36, 398, 202, 482, 177, 142, 242, 212, 72, 143, 497, 123, 286, 147, 324, 293, 98, 288, 315, 184, 150, 308, 303, 504, 51, 450, 32, 14, 342, 345, 363, 338, 391, 347, 94, 245, 211, 358, 9, 18, 228, 75, 181, 49, 480, 135, 186, 13, 317, 243, 460, 314, 106, 409, 366, 413, 277, 364, 161, 297, 104, 429, 509, 37, 149, 335, 221, 378, 435, 263, 141, 131, 382, 29, 167, 294, 319, 306, 8, 201, 154, 136, 367, 159, 2, 209, 273, 207, 185, 200, 198, 226, 88, 162, 299, 380, 453, 25, 6, 224, 41, 498, 401, 492, 421, 155, 78, 11, 272, 283, 172, 489, 102, 254, 215, 17, 487, 1, 490, 510, 384, 348, 511, 182, 77, 67, 244, 484, 377, 370, 65, 64, 282, 410, 120, 451, 448, 87, 175, 256, 371, 463, 298, 0, 5, 259, 139, 381, 193, 271, 493, 20, 119, 71, 501, 160, 279, 115, 312, 372, 362, 436, 301, 220, 267, 495, 248, 404]","[19, 480, 65, 305, 288, 78, 100, 126, 465, 290, 495, 7, 365, 91, 85, 254, 60, 477, 413, 175, 249, 67, 18, 354, 394, 446, 374, 104, 358, 498, 6, 173, 436, 296, 380, 430, 28, 197, 321, 64, 402, 487, 98, 86, 260, 76, 204, 258, 150, 271, 441, 20, 318, 433, 36, 347, 312, 8, 15, 306, 284, 278, 113, 323, 176, 142, 183, 250, 191, 251, 268, 492, 287, 105, 5, 223, 132, 359, 322, 409, 491, 292, 387, 198, 385, 346, 352, 218, 53, 236, 470, 124, 242, 257, 360, 390, 417, 57, 13, 42, 460, 54, 327, 371, 331, 309, 215, 158, 140, 328, 282, 414, 505, 199, 213, 510, 497, 139, 94, 295, 420, 243, 220, 152, 37, 262, 349, 419, 277, 165, 160, 381, 88, 311, 425, 350, 154, 416, 442, 408, 169, 12, 237, 333, 370, 130, 82, 509, 388, 72, 47, 234, 334, 200, 399, 355, 89, 10, 166, 225, 107, 398, 43, 87, 217, 400, 485, 48, 434, 180, 281, 77, 164, 147, 137, 506, 134, 467, 168, 205, 30, 194, 499, 361, 120, 68, 329, 233, 111, 241, 452, 226, 193, 14, 63, 136, 256, 405, 240, 340, 410, 473, 264, 211, 118, 149, 326, 294, 144, 500, 503, 102, 427, 337, 0, 341, 279, 307, 81, 145, 493, 101, 432, 266, 382, 172, 448, 418, 201, 74, 502, 439, 253, 148, 179, 203, 71, 391, 412, 41, 192, 55, 424, 468, 267, 79, 303, 123, 316, 84, 186, 379, 263, 216, 507, 369]","[0, 5, 6, 8, 10, 13, 14, 18, 20, 36, 37, 41, 42, 47, 48, 53, 63, 64, 65, 67, 71, 72, 77, 78, 82, 84, 87, 88, 94, 98, 100, 102, 104, 111, 113, 120, 123, 124, 132, 136, 139, 142, 147, 148, 149, 150, 154, 158, 160, 164, 172, 175, 179, 186, 193, 198, 200, 201, 211, 213, 215, 217, 218, 220, 226, 242, 243, 250, 253, 254, 256, 258, 263, 267, 271, 277, 279, 282, 288, 290, 292, 294, 295, 303, 306, 312, 322, 326, 329, 333, 334, 347, 350, 358, 360, 361, 370, 371, 380, 381, 382, 390, 391, 398, 405, 409, 410, 412, 413, 436, 442, 446, 448, 460, 477, 480, 487, 491, 492, 493, 495, 497, 498, 500, 505, 506, 507, 509, 510]"
50,"[375, 495, 16, 252, 450, 162, 157, 40, 237, 400, 154, 421, 152, 499, 304, 261, 67, 15, 32, 52, 181, 470, 175, 119, 207, 199, 37, 340, 65, 160, 508, 306, 28, 438, 243, 383, 173, 61, 447, 465, 366, 256, 291, 492, 288, 249, 206, 48, 298, 235, 90, 481, 209, 363, 348, 242, 467, 180, 107, 278, 416, 49, 318, 402, 78, 81, 337, 145, 60, 111, 466, 384, 205, 191, 0, 474, 4, 224, 504, 215, 149, 50, 328, 476, 233, 121, 186, 101, 193, 44, 13, 137, 493, 178, 238, 333, 314, 425, 74, 77, 381, 117, 255, 469, 437, 302, 483, 179, 418, 22, 47, 8, 185, 70, 93, 228, 2, 401, 53, 485, 148, 277, 386, 220, 397, 31, 496, 9, 430, 115, 92, 253, 240, 136, 373, 170, 268, 140, 395, 182, 158, 371, 377, 365, 382, 345, 100, 341, 134, 146, 135, 212, 301, 404, 260, 500, 63, 405, 289, 168, 498, 17, 143, 188, 350, 454, 241, 393, 449, 282, 394, 372, 245, 246, 172, 309, 264, 141, 131, 360, 95, 217, 272, 441, 189, 359, 127, 165, 316, 5, 497, 218, 315, 46, 83, 280, 94, 34, 507, 258, 435, 132, 151, 124, 263, 155, 114, 458, 110, 167, 389, 169, 411, 7, 71, 448, 214, 122, 342, 183, 292, 283, 79, 305, 313, 443, 357, 482, 494, 208, 368, 346, 510, 102, 129, 442, 126, 347, 97, 204, 273, 321, 223, 325, 257, 364, 108, 391, 225, 293, 69, 85, 403, 142, 236, 125]","[401, 152, 360, 130, 68, 385, 194, 148, 349, 95, 195, 500, 509, 483, 225, 335, 137, 449, 209, 115, 309, 4, 489, 8, 293, 372, 498, 110, 281, 270, 295, 368, 262, 341, 311, 470, 72, 18, 188, 304, 324, 426, 207, 136, 245, 113, 403, 3, 443, 36, 471, 50, 280, 287, 78, 229, 313, 146, 224, 252, 506, 319, 2, 34, 278, 71, 45, 133, 337, 234, 328, 164, 264, 476, 232, 153, 415, 184, 260, 142, 286, 88, 191, 211, 255, 472, 189, 244, 274, 317, 432, 376, 466, 168, 361, 10, 101, 380, 502, 114, 511, 312, 75, 83, 220, 396, 411, 179, 347, 139, 227, 218, 356, 378, 326, 186, 197, 91, 105, 375, 494, 387, 222, 16, 237, 423, 122, 416, 316, 228, 505, 332, 479, 63, 289, 65, 43, 181, 301, 125, 382, 135, 261, 62, 97, 126, 37, 39, 491, 154, 160, 475, 323, 352, 193, 275, 292, 358, 173, 310, 459, 268, 384, 454, 345, 156, 351, 442, 175, 450, 406, 451, 473, 81, 367, 336, 60, 285, 389, 41, 366, 404, 177, 201, 106, 240, 421, 253, 48, 178, 213, 249, 120, 342, 231, 29, 420, 402, 497, 410, 53, 119, 69, 100, 35, 487, 374, 496, 86, 447, 314, 327, 435, 233, 362, 322, 486, 27, 28, 98, 431, 405, 288, 377, 308, 273, 355, 59, 217, 11, 208, 203, 30, 223, 22, 44, 379, 246, 484, 121, 61, 226, 6, 124, 163, 20, 417, 478, 157, 400, 398, 79, 436, 180, 460, 51]","[2, 4, 8, 16, 22, 28, 34, 37, 44, 48, 50, 53, 60, 61, 63, 65, 69, 71, 78, 79, 81, 83, 95, 97, 100, 101, 110, 114, 115, 119, 121, 122, 124, 125, 126, 135, 136, 137, 142, 146, 148, 152, 154, 157, 160, 168, 173, 175, 178, 179, 180, 181, 186, 188, 189, 191, 193, 207, 208, 209, 217, 218, 220, 223, 224, 225, 228, 233, 237, 240, 245, 246, 249, 252, 253, 255, 260, 261, 264, 268, 273, 278, 280, 288, 289, 292, 293, 301, 304, 309, 313, 314, 316, 328, 337, 341, 342, 345, 347, 360, 366, 368, 372, 375, 377, 382, 384, 389, 400, 401, 402, 403, 404, 405, 411, 416, 421, 435, 442, 443, 447, 449, 450, 454, 466, 470, 476, 483, 494, 496, 497, 498, 500]"
51,"[5, 297, 457, 391, 439, 94, 241, 346, 206, 274, 425, 506, 429, 371, 395, 244, 126, 333, 326, 114, 483, 41, 93, 2, 406, 323, 383, 374, 216, 128, 27, 0, 6, 319, 36, 272, 238, 420, 446, 39, 277, 298, 471, 372, 174, 349, 498, 389, 84, 176, 308, 489, 144, 91, 160, 495, 10, 502, 122, 44, 352, 187, 296, 208, 24, 437, 416, 169, 265, 482, 421, 410, 481, 123, 108, 331, 76, 43, 402, 412, 310, 279, 172, 503, 424, 312, 181, 127, 98, 300, 284, 469, 511, 168, 452, 276, 329, 47, 378, 377, 111, 137, 213, 380, 29, 270, 324, 479, 64, 307, 214, 464, 304, 404, 195, 81, 245, 58, 99, 423, 397, 386, 390, 221, 364, 20, 491, 505, 53, 100, 344, 358, 266, 138, 318, 392, 219, 22, 211, 212, 178, 280, 490, 294, 409, 243, 79, 461, 152, 496, 83, 197, 263, 19, 282, 90, 130, 434, 233, 362, 278, 67, 69, 454, 366, 445, 102, 161, 86, 52, 485, 139, 422, 427, 396, 7, 182, 66, 441, 192, 179, 240, 268, 339, 155, 38, 82, 89, 271, 488, 413, 355, 354, 159, 328, 13, 109, 309, 474, 418, 35, 163, 301, 287, 478, 25, 57, 40, 55, 433, 288, 463, 234, 250, 334, 368, 360, 227, 145, 408, 341, 246, 436, 112, 315, 48, 451, 202, 11, 336, 63, 431, 150, 430, 207, 72, 465, 320, 504, 340, 500, 283, 286, 348, 142, 92, 251, 191, 189, 74, 143, 235, 325, 210, 156, 385]","[279, 453, 40, 223, 416, 121, 186, 293, 372, 188, 347, 501, 208, 497, 222, 388, 483, 270, 507, 250, 165, 300, 456, 329, 172, 299, 65, 190, 102, 68, 345, 184, 384, 25, 227, 390, 217, 124, 180, 43, 321, 39, 475, 97, 79, 61, 396, 362, 181, 380, 417, 175, 476, 98, 151, 348, 113, 256, 487, 430, 441, 115, 333, 103, 320, 378, 218, 200, 403, 130, 274, 133, 446, 158, 162, 356, 214, 275, 253, 169, 505, 239, 125, 488, 364, 100, 26, 139, 215, 339, 398, 182, 138, 213, 74, 420, 500, 153, 183, 376, 176, 397, 327, 62, 202, 315, 90, 342, 84, 6, 290, 118, 128, 23, 170, 17, 140, 20, 257, 393, 307, 261, 154, 67, 66, 0, 242, 69, 178, 210, 502, 5, 349, 386, 296, 326, 29, 120, 205, 498, 445, 245, 122, 382, 490, 463, 278, 443, 419, 285, 480, 457, 247, 286, 281, 83, 365, 64, 508, 447, 383, 110, 486, 87, 197, 259, 134, 379, 231, 452, 226, 280, 367, 292, 304, 461, 101, 298, 251, 341, 493, 423, 104, 3, 81, 408, 174, 96, 144, 11, 359, 401, 19, 374, 412, 509, 425, 31, 191, 260, 179, 187, 269, 78, 196, 414, 438, 199, 216, 132, 77, 495, 343, 264, 167, 323, 291, 92, 249, 1, 467, 52, 15, 317, 272, 316, 136, 314, 331, 254, 312, 276, 38, 21, 243, 71, 301, 219, 385, 411, 95, 228, 234, 410, 415, 252, 168, 105, 2, 48, 55, 224, 351, 340, 424, 145]","[0, 2, 5, 6, 11, 19, 20, 25, 29, 38, 39, 40, 43, 48, 52, 55, 64, 66, 67, 69, 74, 79, 81, 83, 84, 90, 92, 98, 100, 102, 122, 128, 130, 138, 139, 144, 145, 168, 169, 172, 174, 176, 178, 179, 181, 182, 187, 191, 197, 202, 208, 210, 213, 214, 216, 219, 227, 234, 243, 245, 250, 251, 270, 272, 274, 276, 278, 279, 280, 286, 296, 298, 300, 301, 304, 307, 312, 315, 320, 323, 326, 329, 331, 333, 339, 340, 341, 348, 349, 362, 364, 372, 374, 378, 380, 383, 385, 386, 390, 396, 397, 408, 410, 412, 416, 420, 423, 424, 425, 430, 441, 445, 446, 452, 457, 461, 463, 483, 488, 490, 495, 498, 500, 502, 505]"
52,"[226, 345, 455, 109, 374, 478, 381, 414, 202, 86, 4, 347, 234, 390, 195, 437, 60, 83, 465, 98, 350, 227, 380, 277, 159, 204, 314, 294, 129, 416, 23, 441, 3, 40, 113, 430, 339, 230, 107, 145, 117, 5, 507, 493, 150, 33, 389, 96, 154, 482, 393, 425, 394, 165, 198, 494, 458, 477, 144, 88, 119, 0, 267, 175, 481, 225, 265, 58, 62, 158, 420, 424, 137, 483, 34, 450, 232, 418, 128, 361, 92, 133, 358, 44, 456, 498, 45, 56, 403, 436, 257, 404, 433, 304, 190, 41, 503, 72, 73, 207, 123, 254, 245, 300, 78, 90, 106, 13, 152, 51, 84, 274, 28, 501, 186, 405, 406, 216, 299, 222, 301, 357, 7, 415, 2, 372, 443, 457, 188, 484, 27, 342, 130, 475, 108, 192, 176, 474, 285, 52, 459, 326, 184, 223, 392, 46, 434, 235, 11, 171, 284, 224, 486, 26, 371, 125, 316, 266, 368, 476, 59, 315, 136, 321, 366, 480, 467, 324, 189, 296, 271, 48, 276, 170, 15, 140, 233, 508, 337, 29, 122, 283, 149, 499, 247, 452, 346, 303, 215, 255, 32, 99, 116, 181, 341, 141, 268, 435, 70, 36, 71, 453, 249, 360, 211, 298, 485, 55, 18, 440, 95, 256, 491, 312, 327, 218, 278, 252, 497, 287, 317, 246, 74, 214, 487, 242, 378, 151, 238, 479, 302, 22, 157, 248, 53, 177, 438, 332, 305, 87, 291, 31, 511, 460, 496, 344, 463, 221, 199, 244, 180, 323, 288, 489, 12, 69]","[192, 79, 115, 19, 24, 132, 83, 146, 198, 145, 237, 155, 86, 283, 41, 417, 82, 241, 388, 309, 323, 297, 232, 27, 203, 183, 98, 38, 207, 320, 108, 230, 264, 490, 123, 3, 99, 308, 34, 284, 300, 26, 306, 384, 337, 158, 46, 80, 472, 16, 127, 268, 40, 195, 270, 89, 121, 474, 106, 498, 372, 315, 236, 266, 419, 84, 304, 473, 318, 103, 413, 322, 420, 1, 215, 167, 430, 196, 139, 479, 48, 31, 166, 481, 509, 362, 423, 91, 488, 90, 425, 131, 296, 134, 114, 107, 161, 224, 102, 402, 18, 345, 350, 272, 414, 254, 53, 506, 154, 357, 356, 403, 507, 385, 485, 65, 386, 81, 442, 231, 85, 153, 454, 176, 368, 382, 275, 351, 313, 216, 400, 156, 73, 429, 411, 302, 332, 147, 471, 21, 406, 194, 466, 457, 130, 344, 68, 223, 492, 221, 491, 446, 119, 11, 369, 333, 179, 265, 298, 393, 0, 9, 394, 122, 445, 170, 263, 253, 189, 434, 43, 129, 217, 278, 22, 282, 5, 281, 255, 138, 110, 340, 339, 159, 109, 408, 392, 74, 293, 378, 287, 6, 101, 440, 14, 128, 29, 467, 447, 32, 58, 222, 326, 405, 397, 244, 412, 428, 208, 148, 54, 401, 482, 168, 504, 338, 301, 290, 88, 449, 64, 499, 456, 331, 63, 188, 246, 501, 227, 95, 193, 462, 269, 75, 137, 295, 252, 380, 169, 220, 204, 335, 25, 7, 238, 71, 294, 410, 312, 334, 141, 381, 374, 328, 399, 104]","[0, 3, 5, 7, 11, 18, 22, 26, 27, 29, 31, 32, 34, 40, 41, 46, 48, 53, 58, 71, 73, 74, 83, 84, 86, 88, 90, 95, 98, 99, 106, 107, 108, 109, 119, 122, 123, 128, 129, 130, 137, 141, 145, 154, 158, 159, 170, 176, 188, 189, 192, 195, 198, 204, 207, 215, 216, 221, 222, 223, 224, 227, 230, 232, 238, 244, 246, 252, 254, 255, 265, 266, 268, 278, 283, 284, 287, 294, 296, 298, 300, 301, 302, 304, 312, 315, 323, 326, 332, 337, 339, 344, 345, 350, 357, 368, 372, 374, 378, 380, 381, 392, 393, 394, 403, 405, 406, 414, 420, 425, 430, 434, 440, 456, 457, 467, 474, 479, 481, 482, 485, 491, 498, 499, 501, 507]"
53,"[112, 298, 264, 54, 429, 304, 195, 276, 211, 312, 41, 280, 296, 84, 412, 391, 210, 50, 489, 488, 133, 447, 364, 504, 182, 396, 449, 46, 228, 430, 0, 250, 173, 217, 326, 310, 261, 299, 18, 233, 442, 172, 175, 80, 355, 162, 301, 43, 349, 29, 119, 306, 428, 115, 102, 260, 241, 85, 441, 247, 201, 335, 91, 387, 274, 176, 311, 240, 501, 104, 490, 372, 507, 63, 356, 369, 215, 498, 36, 440, 487, 365, 360, 433, 212, 149, 410, 450, 69, 259, 348, 464, 134, 389, 191, 88, 275, 367, 89, 292, 286, 70, 139, 344, 209, 493, 420, 65, 116, 144, 177, 10, 483, 408, 205, 71, 140, 381, 384, 185, 271, 136, 426, 120, 499, 39, 469, 393, 147, 279, 478, 48, 417, 47, 152, 251, 242, 482, 153, 164, 27, 338, 366, 198, 12, 457, 474, 238, 16, 434, 11, 459, 453, 437, 156, 509, 288, 127, 158, 117, 252, 405, 37, 341, 278, 503, 24, 322, 427, 98, 392, 30, 45, 287, 33, 486, 445, 416, 79, 181, 42, 290, 213, 319, 314, 423, 328, 403, 22, 508, 129, 57, 49, 309, 315, 460, 246, 26, 463, 229, 44, 481, 122, 456, 72, 465, 23, 59, 358, 343, 178, 431, 262, 313, 273, 52, 231, 333, 317, 466, 141, 382, 62, 188, 131, 190, 395, 291, 96, 336, 92, 399, 106, 184, 239, 345, 308, 128, 7, 163, 77, 68, 204, 378, 285, 206, 170, 436, 1, 492, 235, 404, 101, 169, 248, 95]","[511, 241, 285, 220, 117, 263, 379, 414, 298, 496, 101, 435, 439, 310, 85, 311, 225, 254, 415, 333, 459, 12, 122, 422, 197, 436, 342, 173, 282, 81, 301, 316, 150, 55, 98, 189, 503, 384, 37, 295, 87, 411, 456, 8, 247, 274, 421, 112, 222, 481, 293, 464, 83, 16, 56, 495, 127, 52, 191, 237, 355, 386, 184, 406, 63, 332, 303, 431, 420, 271, 144, 165, 216, 281, 111, 108, 300, 154, 240, 96, 221, 457, 94, 142, 168, 152, 278, 325, 368, 385, 25, 469, 177, 215, 231, 5, 67, 180, 230, 15, 92, 193, 468, 24, 51, 321, 244, 6, 79, 472, 99, 403, 195, 387, 353, 450, 162, 267, 269, 268, 396, 45, 113, 229, 348, 426, 207, 203, 50, 66, 72, 352, 465, 89, 140, 115, 391, 441, 306, 359, 319, 192, 155, 492, 430, 172, 186, 206, 103, 323, 380, 139, 453, 28, 0, 362, 116, 338, 233, 143, 418, 132, 166, 488, 41, 499, 266, 374, 366, 163, 350, 265, 106, 187, 114, 466, 365, 497, 201, 86, 252, 194, 100, 250, 146, 176, 218, 70, 145, 273, 123, 423, 404, 125, 71, 105, 341, 329, 38, 164, 334, 367, 320, 84, 11, 93, 288, 141, 7, 110, 149, 390, 183, 318, 410, 280, 413, 226, 157, 1, 80, 214, 20, 507, 437, 120, 490, 277, 409, 433, 358, 505, 275, 190, 21, 291, 346, 378, 126, 427, 272, 49, 297, 452, 68, 478, 395, 462, 232, 448, 202, 408, 389, 29, 82, 292]","[0, 1, 7, 11, 12, 16, 24, 29, 37, 41, 45, 49, 50, 52, 63, 68, 70, 71, 72, 79, 80, 84, 85, 89, 92, 96, 98, 101, 106, 112, 115, 116, 117, 120, 122, 127, 139, 140, 141, 144, 149, 152, 162, 163, 164, 172, 173, 176, 177, 184, 190, 191, 195, 201, 206, 215, 229, 231, 233, 240, 241, 247, 250, 252, 271, 273, 274, 275, 278, 280, 285, 288, 291, 292, 298, 301, 306, 310, 311, 319, 333, 338, 341, 348, 355, 358, 365, 366, 367, 378, 384, 387, 389, 391, 395, 396, 403, 404, 408, 410, 420, 423, 426, 427, 430, 431, 433, 436, 437, 441, 450, 453, 456, 457, 459, 464, 465, 466, 469, 478, 481, 488, 490, 492, 499, 503, 507]"
54,"[182, 106, 118, 163, 28, 115, 297, 55, 53, 374, 463, 85, 9, 361, 503, 30, 155, 70, 58, 271, 62, 358, 301, 233, 353, 87, 61, 119, 81, 211, 476, 35, 46, 111, 240, 216, 254, 51, 191, 48, 300, 410, 36, 162, 417, 176, 287, 252, 4, 139, 371, 8, 190, 308, 246, 242, 180, 368, 222, 161, 259, 437, 166, 489, 320, 126, 480, 145, 175, 411, 415, 421, 151, 183, 360, 110, 467, 203, 365, 497, 288, 77, 504, 188, 376, 25, 384, 349, 350, 237, 502, 134, 123, 447, 260, 185, 430, 56, 407, 328, 280, 433, 33, 396, 408, 453, 405, 496, 75, 167, 20, 32, 214, 314, 404, 425, 249, 387, 369, 311, 179, 508, 276, 209, 448, 286, 213, 67, 160, 261, 266, 128, 149, 205, 354, 395, 181, 399, 232, 146, 279, 29, 0, 363, 65, 10, 468, 381, 68, 221, 364, 450, 156, 117, 465, 220, 344, 500, 378, 193, 138, 345, 16, 485, 491, 141, 379, 499, 478, 322, 153, 109, 416, 212, 338, 331, 98, 140, 306, 455, 456, 444, 446, 116, 442, 227, 501, 295, 250, 199, 406, 50, 274, 481, 488, 290, 215, 135, 113, 487, 461, 26, 449, 334, 346, 89, 189, 112, 285, 462, 204, 414, 93, 418, 92, 125, 136, 73, 490, 114, 454, 39, 380, 402, 255, 340, 177, 424, 307, 386, 441, 268, 251, 391, 69, 60, 127, 302, 12, 86, 464, 359, 272, 76, 428, 316, 164, 206, 45, 101, 131, 475, 394, 47, 367, 194]","[21, 424, 89, 86, 345, 155, 408, 11, 351, 68, 502, 67, 389, 100, 140, 197, 428, 238, 280, 452, 427, 17, 204, 292, 429, 245, 442, 334, 476, 53, 219, 63, 243, 58, 29, 160, 417, 497, 177, 261, 85, 496, 106, 45, 223, 401, 183, 490, 230, 145, 99, 184, 76, 220, 307, 170, 394, 386, 28, 358, 203, 397, 259, 504, 510, 300, 354, 15, 384, 340, 240, 123, 361, 247, 249, 57, 470, 333, 56, 422, 440, 174, 493, 326, 393, 402, 62, 156, 328, 468, 104, 478, 412, 65, 377, 406, 285, 305, 398, 229, 94, 158, 224, 450, 441, 395, 296, 487, 277, 75, 201, 505, 162, 25, 294, 313, 82, 144, 40, 165, 436, 176, 72, 494, 5, 194, 451, 134, 127, 371, 343, 18, 35, 434, 488, 113, 195, 227, 339, 289, 463, 48, 316, 189, 288, 91, 357, 448, 90, 83, 182, 96, 380, 480, 31, 485, 70, 251, 303, 122, 455, 383, 193, 23, 101, 125, 33, 447, 6, 12, 115, 225, 335, 121, 489, 114, 465, 355, 132, 299, 268, 34, 265, 506, 425, 379, 347, 118, 46, 293, 163, 14, 149, 458, 0, 185, 378, 295, 164, 338, 181, 97, 151, 486, 483, 359, 59, 367, 228, 126, 301, 54, 167, 471, 175, 281, 449, 47, 166, 331, 148, 237, 363, 246, 475, 439, 278, 271, 9, 186, 437, 2, 273, 105, 404, 242, 32, 356, 482, 492, 315, 396, 107, 208, 198, 98, 215, 433, 187, 20, 430, 337, 308, 274, 360, 13]","[0, 9, 12, 20, 25, 28, 29, 32, 33, 35, 45, 46, 47, 48, 53, 56, 58, 62, 65, 67, 68, 70, 75, 76, 85, 86, 89, 98, 101, 106, 113, 114, 115, 118, 123, 125, 126, 127, 134, 140, 145, 149, 151, 155, 156, 160, 162, 163, 164, 166, 167, 175, 176, 177, 181, 182, 183, 185, 189, 193, 194, 203, 204, 215, 220, 227, 237, 240, 242, 246, 249, 251, 259, 261, 268, 271, 274, 280, 285, 288, 295, 300, 301, 307, 308, 316, 328, 331, 334, 338, 340, 345, 354, 358, 359, 360, 361, 363, 367, 371, 378, 379, 380, 384, 386, 394, 395, 396, 402, 404, 406, 408, 417, 424, 425, 428, 430, 433, 437, 441, 442, 447, 448, 449, 450, 455, 463, 465, 468, 475, 476, 478, 480, 485, 487, 488, 489, 490, 496, 497, 502, 504]"
55,"[406, 469, 189, 68, 203, 183, 334, 346, 452, 224, 149, 54, 109, 323, 466, 463, 167, 180, 118, 50, 108, 148, 400, 337, 251, 214, 273, 212, 308, 173, 125, 56, 455, 86, 425, 159, 287, 284, 61, 1, 170, 177, 239, 141, 275, 246, 256, 227, 496, 111, 213, 352, 240, 76, 279, 73, 430, 375, 405, 102, 96, 45, 312, 106, 157, 299, 261, 315, 348, 0, 207, 305, 412, 38, 229, 244, 276, 485, 232, 146, 417, 205, 181, 74, 36, 403, 277, 158, 289, 461, 338, 250, 280, 427, 304, 414, 123, 437, 404, 164, 320, 160, 441, 134, 269, 91, 300, 112, 72, 90, 228, 438, 24, 263, 206, 329, 194, 252, 355, 175, 71, 392, 498, 191, 393, 190, 176, 432, 303, 503, 372, 82, 97, 150, 169, 265, 220, 360, 487, 288, 272, 381, 46, 103, 495, 249, 419, 476, 222, 379, 424, 137, 270, 364, 356, 460, 154, 508, 307, 291, 295, 163, 139, 490, 363, 35, 75, 133, 316, 135, 95, 59, 182, 57, 200, 230, 241, 388, 117, 467, 480, 477, 484, 450, 267, 361, 166, 129, 389, 199, 5, 396, 283, 155, 235, 384, 391, 507, 104, 456, 99, 311, 211, 89, 429, 186, 297, 85, 245, 64, 376, 387, 16, 294, 331, 92, 257, 402, 130, 411, 145, 210, 28, 398, 33, 42, 394, 353, 339, 365, 504, 431, 29, 328, 174, 119, 354, 260, 223, 462, 262, 439, 81, 60, 500, 113, 510, 468, 322, 79, 330, 494, 248, 471, 401, 193]","[53, 14, 181, 469, 467, 163, 224, 243, 390, 214, 65, 381, 13, 355, 399, 193, 311, 488, 220, 86, 54, 247, 493, 143, 236, 67, 323, 416, 138, 150, 63, 206, 433, 45, 94, 12, 391, 330, 79, 180, 87, 194, 44, 404, 274, 66, 420, 191, 85, 256, 219, 312, 309, 107, 478, 298, 464, 164, 468, 31, 175, 100, 47, 192, 78, 325, 186, 200, 250, 182, 338, 237, 453, 278, 476, 59, 348, 190, 154, 461, 470, 119, 456, 169, 128, 405, 179, 260, 286, 76, 432, 327, 162, 64, 139, 283, 361, 387, 451, 5, 363, 296, 151, 110, 398, 168, 9, 324, 352, 68, 349, 251, 46, 299, 152, 285, 506, 106, 231, 354, 334, 34, 218, 2, 450, 98, 501, 320, 386, 410, 426, 294, 494, 111, 43, 417, 411, 497, 56, 400, 292, 408, 3, 340, 50, 153, 11, 346, 101, 241, 413, 146, 434, 252, 81, 129, 267, 253, 91, 372, 108, 174, 333, 48, 18, 321, 273, 89, 37, 24, 60, 376, 0, 208, 375, 155, 84, 318, 167, 257, 507, 211, 441, 49, 377, 366, 62, 304, 201, 1, 281, 189, 185, 40, 444, 196, 459, 115, 173, 291, 103, 487, 396, 258, 498, 371, 457, 113, 133, 424, 351, 300, 198, 491, 345, 365, 176, 265, 341, 112, 6, 393, 212, 310, 380, 314, 407, 114, 25, 248, 157, 342, 130, 204, 213, 511, 335, 406, 32, 227, 293, 508, 263, 502, 277, 452, 183, 472, 135, 295, 496, 374, 395, 202, 446, 42]","[0, 1, 5, 24, 42, 45, 46, 50, 54, 56, 59, 60, 64, 68, 76, 79, 81, 85, 86, 89, 91, 103, 106, 108, 111, 112, 113, 119, 129, 130, 133, 135, 139, 146, 150, 154, 155, 157, 163, 164, 167, 169, 173, 174, 175, 176, 180, 181, 182, 183, 186, 189, 190, 191, 193, 194, 200, 206, 211, 212, 213, 214, 220, 224, 227, 241, 248, 250, 251, 252, 256, 257, 260, 263, 265, 267, 273, 277, 283, 291, 294, 295, 299, 300, 304, 311, 312, 320, 323, 330, 334, 338, 346, 348, 352, 354, 355, 361, 363, 365, 372, 375, 376, 381, 387, 391, 393, 396, 398, 400, 404, 405, 406, 411, 417, 424, 432, 441, 450, 452, 456, 461, 467, 468, 469, 476, 487, 494, 496, 498, 507, 508]"
56,"[355, 209, 289, 123, 343, 226, 485, 367, 134, 346, 350, 169, 124, 172, 228, 418, 70, 429, 198, 40, 199, 111, 138, 452, 411, 393, 170, 255, 100, 303, 497, 26, 380, 279, 256, 453, 254, 214, 6, 394, 23, 108, 390, 125, 430, 463, 79, 94, 229, 509, 0, 376, 433, 467, 195, 206, 208, 80, 217, 75, 422, 65, 322, 149, 168, 492, 277, 33, 446, 221, 81, 385, 426, 241, 259, 167, 47, 507, 17, 408, 348, 297, 298, 386, 440, 247, 495, 51, 218, 413, 240, 120, 342, 363, 315, 454, 410, 118, 205, 126, 77, 317, 364, 69, 358, 302, 161, 399, 351, 283, 3, 381, 501, 313, 249, 345, 210, 158, 464, 238, 98, 133, 465, 71, 117, 10, 222, 416, 46, 285, 353, 82, 336, 90, 183, 63, 396, 185, 113, 1, 360, 494, 252, 264, 349, 502, 136, 439, 122, 420, 202, 457, 193, 293, 188, 189, 482, 197, 321, 13, 268, 166, 387, 275, 215, 338, 459, 236, 290, 201, 102, 235, 476, 253, 286, 337, 180, 53, 178, 320, 92, 87, 469, 417, 24, 436, 211, 250, 339, 407, 154, 36, 174, 152, 230, 388, 157, 392, 41, 224, 468, 270, 265, 31, 142, 212, 7, 52, 88, 484, 456, 455, 273, 480, 361, 131, 427, 78, 282, 242, 237, 445, 112, 398, 223, 511, 266, 73, 362, 225, 107, 443, 4, 176, 181, 292, 97, 383, 304, 29, 479, 280, 328, 438, 284, 472, 421, 93, 305, 28, 352, 340, 42, 204, 19, 203]","[378, 285, 390, 169, 309, 13, 313, 253, 5, 442, 88, 252, 157, 305, 409, 134, 42, 67, 223, 347, 176, 148, 211, 89, 346, 371, 109, 32, 151, 122, 52, 240, 447, 367, 359, 307, 503, 317, 41, 414, 79, 418, 360, 338, 264, 433, 468, 449, 328, 331, 411, 167, 440, 394, 234, 315, 33, 510, 120, 38, 439, 203, 200, 179, 170, 476, 143, 185, 430, 46, 279, 175, 459, 36, 470, 473, 19, 162, 288, 184, 144, 466, 497, 213, 374, 340, 221, 74, 25, 277, 422, 426, 128, 401, 116, 480, 287, 405, 295, 3, 133, 444, 26, 402, 76, 492, 311, 312, 31, 164, 168, 208, 111, 23, 256, 478, 472, 78, 463, 266, 161, 498, 101, 362, 246, 97, 4, 56, 490, 458, 413, 84, 135, 125, 206, 428, 142, 239, 392, 90, 353, 241, 361, 193, 417, 327, 350, 29, 443, 228, 299, 254, 351, 460, 363, 384, 265, 121, 494, 60, 9, 186, 2, 249, 40, 319, 54, 71, 255, 212, 242, 205, 333, 335, 453, 190, 462, 457, 427, 10, 209, 475, 14, 207, 70, 107, 461, 385, 487, 232, 130, 132, 296, 372, 50, 431, 195, 57, 28, 261, 488, 146, 85, 136, 81, 316, 356, 137, 348, 320, 48, 173, 11, 158, 94, 68, 237, 17, 198, 129, 75, 245, 398, 194, 55, 500, 330, 505, 219, 224, 238, 386, 222, 438, 377, 352, 446, 123, 357, 80, 355, 202, 6, 247, 37, 477, 450, 437, 188, 364, 103, 435, 236, 34, 344, 415]","[3, 4, 6, 10, 13, 17, 19, 23, 26, 28, 29, 31, 33, 36, 40, 41, 42, 46, 52, 70, 71, 75, 78, 79, 80, 81, 88, 90, 94, 97, 107, 111, 120, 122, 123, 125, 133, 134, 136, 142, 157, 158, 161, 167, 168, 169, 170, 176, 185, 188, 193, 195, 198, 202, 203, 205, 206, 208, 209, 211, 212, 221, 222, 223, 224, 228, 236, 237, 238, 240, 241, 242, 247, 249, 252, 253, 254, 255, 256, 264, 265, 266, 277, 279, 285, 305, 313, 315, 317, 320, 328, 338, 340, 346, 348, 350, 351, 352, 353, 355, 360, 361, 362, 363, 364, 367, 385, 386, 390, 392, 394, 398, 411, 413, 417, 418, 422, 426, 427, 430, 433, 438, 439, 440, 443, 446, 453, 457, 459, 463, 468, 472, 476, 480, 492, 494, 497]"
57,"[165, 97, 363, 338, 63, 246, 288, 447, 427, 6, 390, 212, 59, 250, 73, 193, 16, 305, 192, 403, 242, 171, 408, 84, 66, 253, 309, 506, 197, 406, 26, 72, 78, 283, 146, 213, 94, 478, 56, 220, 383, 106, 229, 371, 160, 217, 222, 344, 142, 80, 496, 372, 247, 349, 368, 130, 20, 184, 175, 252, 210, 274, 331, 181, 183, 329, 289, 151, 201, 169, 123, 264, 313, 286, 296, 419, 453, 364, 53, 221, 157, 211, 158, 243, 361, 163, 37, 336, 239, 303, 391, 148, 441, 14, 143, 126, 507, 491, 159, 401, 424, 378, 113, 374, 295, 190, 476, 438, 399, 48, 25, 500, 145, 204, 352, 111, 407, 340, 467, 51, 3, 71, 12, 114, 486, 186, 499, 276, 15, 400, 76, 310, 244, 31, 36, 318, 55, 49, 446, 61, 410, 101, 98, 457, 128, 68, 369, 4, 150, 470, 269, 375, 294, 196, 343, 327, 376, 21, 395, 122, 320, 85, 168, 235, 34, 136, 156, 332, 135, 191, 487, 24, 19, 433, 233, 483, 198, 47, 262, 254, 355, 173, 259, 102, 30, 381, 299, 443, 219, 328, 39, 501, 414, 411, 232, 452, 360, 432, 13, 462, 103, 266, 200, 404, 464, 370, 436, 231, 439, 281, 218, 393, 112, 166, 57, 209, 199, 225, 70, 62, 450, 134, 149, 83, 132, 237, 131, 182, 93, 397, 384, 255, 454, 434, 455, 261, 265, 472, 91, 96, 50, 291, 141, 479, 285, 40, 251, 465, 119, 469, 333, 9, 164, 345, 341, 326]","[409, 444, 116, 139, 256, 404, 425, 153, 224, 108, 502, 338, 396, 154, 225, 459, 327, 103, 18, 206, 362, 276, 475, 34, 25, 227, 368, 17, 87, 165, 479, 443, 420, 403, 127, 282, 349, 505, 91, 82, 438, 134, 95, 241, 157, 51, 237, 187, 107, 275, 393, 89, 345, 194, 406, 283, 30, 236, 216, 130, 229, 417, 196, 184, 239, 93, 118, 42, 469, 155, 182, 449, 266, 109, 335, 136, 284, 102, 385, 370, 376, 213, 173, 186, 379, 333, 336, 401, 477, 214, 356, 332, 354, 60, 222, 4, 491, 223, 61, 94, 252, 70, 1, 217, 215, 369, 437, 293, 342, 339, 274, 250, 132, 405, 493, 413, 304, 26, 211, 19, 458, 71, 504, 372, 76, 100, 298, 10, 451, 457, 365, 46, 77, 429, 152, 44, 156, 319, 144, 323, 322, 62, 43, 122, 110, 395, 315, 486, 287, 278, 290, 382, 292, 371, 8, 123, 248, 75, 161, 334, 343, 424, 174, 233, 16, 170, 389, 402, 27, 446, 324, 205, 228, 488, 14, 160, 226, 311, 416, 41, 238, 73, 218, 185, 367, 31, 271, 3, 508, 179, 434, 131, 480, 55, 472, 466, 69, 454, 301, 101, 261, 465, 13, 190, 373, 63, 37, 387, 341, 59, 300, 164, 20, 375, 462, 262, 142, 52, 49, 80, 124, 361, 97, 201, 468, 158, 492, 84, 147, 325, 483, 294, 79, 340, 33, 114, 68, 143, 474, 398, 318, 510, 219, 53, 106, 0, 326, 5, 351, 397, 151, 329, 431, 38, 305, 296]","[3, 4, 13, 14, 16, 19, 20, 25, 26, 30, 31, 34, 37, 49, 51, 53, 55, 59, 61, 62, 63, 68, 70, 71, 73, 76, 80, 84, 91, 93, 94, 97, 101, 102, 103, 106, 114, 122, 123, 130, 131, 132, 134, 136, 142, 143, 151, 156, 157, 158, 160, 164, 165, 173, 182, 184, 186, 190, 196, 201, 211, 213, 217, 218, 219, 222, 225, 229, 233, 237, 239, 250, 252, 261, 262, 266, 274, 276, 283, 294, 296, 305, 318, 326, 327, 329, 332, 333, 336, 338, 340, 341, 343, 345, 349, 361, 368, 369, 370, 371, 372, 375, 376, 393, 395, 397, 401, 403, 404, 406, 424, 434, 438, 443, 446, 454, 457, 462, 465, 469, 472, 479, 483, 486, 491]"
58,"[129, 114, 63, 399, 74, 84, 216, 424, 16, 144, 71, 148, 315, 96, 370, 45, 267, 451, 149, 291, 170, 217, 294, 14, 252, 254, 176, 495, 24, 85, 279, 50, 500, 310, 101, 244, 51, 197, 297, 69, 282, 231, 438, 422, 419, 212, 141, 181, 442, 106, 504, 44, 136, 207, 92, 155, 470, 17, 182, 472, 134, 46, 59, 446, 380, 256, 171, 403, 77, 285, 168, 123, 375, 436, 245, 482, 111, 34, 259, 319, 196, 494, 281, 384, 64, 398, 253, 210, 4, 223, 405, 260, 313, 72, 156, 226, 184, 284, 139, 62, 127, 506, 120, 89, 420, 133, 486, 408, 20, 38, 510, 265, 263, 198, 119, 13, 322, 299, 391, 145, 75, 346, 199, 203, 87, 448, 505, 492, 70, 395, 301, 234, 56, 396, 110, 412, 211, 173, 507, 95, 428, 214, 417, 29, 159, 255, 118, 238, 107, 426, 186, 418, 383, 27, 241, 90, 487, 7, 100, 97, 473, 30, 66, 498, 175, 449, 373, 360, 146, 450, 355, 397, 503, 135, 351, 308, 341, 153, 406, 493, 169, 224, 115, 335, 40, 377, 122, 307, 52, 336, 195, 47, 240, 496, 31, 36, 94, 463, 19, 311, 126, 3, 0, 112, 454, 317, 460, 55, 147, 116, 251, 102, 452, 150, 385, 18, 475, 416, 429, 239, 476, 201, 337, 501, 236, 117, 246, 191, 15, 109, 304, 86, 42, 177, 490, 502, 213, 430, 361, 261, 243, 22, 321, 345, 82, 464, 76, 218, 73, 497, 275, 325, 439, 228, 270, 280]","[501, 475, 57, 379, 306, 187, 100, 398, 312, 448, 295, 426, 265, 109, 488, 315, 48, 254, 137, 436, 194, 380, 160, 165, 262, 45, 1, 223, 195, 421, 104, 464, 198, 313, 462, 431, 64, 414, 232, 453, 323, 338, 327, 237, 71, 16, 176, 442, 73, 372, 334, 6, 425, 458, 261, 307, 386, 365, 384, 403, 68, 140, 335, 285, 28, 511, 164, 333, 321, 504, 50, 239, 440, 205, 299, 96, 346, 108, 494, 148, 14, 184, 92, 502, 284, 456, 368, 276, 200, 364, 88, 105, 77, 85, 278, 404, 373, 259, 427, 47, 363, 81, 124, 113, 461, 133, 370, 52, 248, 7, 491, 466, 454, 280, 319, 214, 19, 18, 357, 348, 292, 329, 126, 300, 94, 304, 255, 210, 213, 452, 130, 388, 328, 233, 43, 409, 445, 175, 193, 268, 208, 127, 371, 134, 162, 201, 395, 5, 236, 95, 487, 343, 20, 76, 366, 260, 250, 441, 472, 122, 21, 271, 247, 316, 435, 252, 332, 433, 311, 497, 106, 253, 396, 391, 309, 330, 450, 51, 128, 339, 302, 318, 15, 56, 74, 434, 25, 12, 8, 392, 287, 69, 400, 383, 35, 103, 282, 177, 376, 178, 231, 206, 90, 459, 138, 399, 418, 451, 33, 2, 135, 274, 101, 161, 477, 350, 49, 117, 258, 41, 235, 0, 500, 153, 495, 169, 281, 476, 381, 192, 154, 83, 256, 98, 112, 116, 40, 197, 509, 273, 375, 219, 510, 189, 498, 111, 221, 143, 297, 447, 174, 182, 286, 190, 272, 72]","[0, 7, 14, 15, 16, 18, 19, 20, 40, 45, 47, 50, 51, 52, 56, 64, 69, 71, 72, 73, 74, 76, 77, 85, 90, 92, 94, 95, 96, 100, 101, 106, 109, 111, 112, 116, 117, 122, 126, 127, 133, 134, 135, 148, 153, 169, 175, 176, 177, 182, 184, 195, 197, 198, 201, 210, 213, 214, 223, 231, 236, 239, 252, 253, 254, 255, 256, 259, 260, 261, 265, 280, 281, 282, 284, 285, 297, 299, 304, 307, 311, 313, 315, 319, 321, 335, 346, 370, 373, 375, 380, 383, 384, 391, 395, 396, 398, 399, 403, 418, 426, 436, 442, 448, 450, 451, 452, 454, 464, 472, 475, 476, 487, 494, 495, 497, 498, 500, 501, 502, 504, 510]"
59,"[320, 246, 144, 381, 212, 143, 442, 235, 477, 474, 118, 186, 117, 309, 407, 80, 428, 161, 358, 248, 436, 239, 81, 227, 44, 462, 175, 463, 398, 433, 34, 451, 17, 383, 58, 185, 354, 36, 286, 159, 501, 408, 406, 446, 325, 498, 387, 378, 410, 253, 425, 27, 126, 46, 221, 264, 101, 373, 13, 510, 50, 496, 492, 232, 20, 98, 137, 209, 237, 97, 377, 384, 249, 226, 260, 455, 47, 204, 192, 87, 274, 445, 10, 310, 187, 271, 128, 448, 421, 252, 247, 344, 124, 270, 418, 69, 300, 16, 368, 256, 165, 293, 38, 194, 437, 258, 242, 150, 217, 307, 409, 494, 458, 182, 105, 278, 31, 116, 322, 403, 295, 336, 480, 280, 502, 148, 493, 505, 103, 485, 299, 323, 290, 107, 269, 376, 263, 255, 160, 171, 77, 444, 191, 473, 371, 452, 489, 265, 375, 119, 315, 337, 396, 30, 426, 110, 450, 179, 125, 196, 419, 330, 438, 15, 439, 457, 277, 176, 364, 157, 146, 390, 317, 223, 366, 429, 23, 395, 466, 19, 104, 506, 287, 224, 301, 454, 55, 108, 0, 71, 220, 99, 225, 21, 33, 79, 145, 340, 422, 180, 291, 57, 96, 468, 219, 162, 332, 152, 132, 45, 26, 254, 350, 335, 76, 42, 228, 389, 343, 338, 120, 434, 348, 453, 231, 170, 147, 385, 382, 88, 411, 61, 218, 360, 404, 127, 413, 199, 304, 294, 207, 504, 67, 495, 74, 347, 311, 420, 181, 372, 259, 469, 483, 5, 155, 123]","[414, 376, 229, 205, 159, 442, 357, 173, 133, 177, 42, 349, 154, 160, 317, 423, 474, 510, 439, 169, 135, 365, 108, 378, 45, 137, 487, 455, 123, 103, 462, 10, 240, 396, 221, 140, 323, 283, 110, 97, 157, 251, 402, 315, 70, 164, 345, 248, 81, 354, 119, 302, 298, 437, 263, 117, 101, 209, 95, 316, 118, 279, 232, 36, 285, 68, 467, 424, 272, 112, 495, 211, 90, 15, 347, 469, 96, 405, 415, 151, 106, 373, 233, 254, 146, 178, 22, 457, 77, 134, 459, 340, 441, 289, 84, 124, 100, 259, 183, 475, 343, 395, 482, 355, 18, 333, 364, 367, 208, 51, 115, 255, 390, 300, 351, 461, 444, 98, 224, 411, 484, 477, 215, 472, 370, 59, 200, 216, 490, 418, 32, 339, 497, 496, 310, 320, 307, 67, 56, 25, 49, 428, 252, 83, 359, 458, 175, 420, 130, 463, 55, 502, 476, 433, 131, 213, 427, 195, 139, 21, 64, 217, 446, 297, 204, 331, 243, 282, 181, 468, 413, 264, 435, 404, 292, 342, 466, 107, 37, 7, 368, 163, 62, 197, 494, 235, 361, 488, 170, 17, 24, 116, 419, 465, 268, 511, 274, 167, 341, 179, 383, 52, 198, 1, 219, 120, 447, 60, 270, 391, 162, 265, 145, 93, 225, 348, 426, 13, 234, 362, 54, 65, 479, 454, 125, 266, 238, 440, 88, 226, 485, 503, 34, 301, 492, 281, 334, 294, 498, 161, 71, 105, 165, 190, 384, 371, 28, 489, 79, 27, 9, 153, 53, 293, 321, 436]","[10, 13, 15, 17, 21, 27, 34, 36, 42, 45, 55, 67, 71, 77, 79, 81, 88, 96, 97, 98, 101, 103, 105, 107, 108, 110, 116, 117, 118, 119, 120, 123, 124, 125, 137, 145, 146, 157, 159, 160, 161, 162, 165, 170, 175, 179, 181, 204, 209, 217, 219, 221, 224, 225, 226, 232, 235, 248, 252, 254, 255, 259, 263, 264, 265, 270, 274, 293, 294, 300, 301, 307, 310, 315, 317, 320, 323, 340, 343, 347, 348, 354, 364, 368, 371, 373, 376, 378, 383, 384, 390, 395, 396, 404, 411, 413, 418, 419, 420, 426, 428, 433, 436, 437, 439, 442, 444, 446, 454, 455, 457, 458, 462, 463, 466, 468, 469, 474, 477, 485, 489, 492, 494, 495, 496, 498, 502, 510]"
60,"[171, 90, 147, 364, 181, 371, 431, 45, 398, 233, 93, 361, 43, 3, 490, 351, 175, 162, 172, 200, 277, 195, 168, 184, 95, 243, 100, 86, 428, 450, 261, 182, 220, 248, 311, 403, 145, 440, 352, 73, 7, 84, 472, 399, 358, 439, 436, 342, 412, 123, 46, 47, 199, 339, 470, 177, 355, 117, 420, 150, 276, 61, 5, 37, 304, 230, 492, 72, 432, 96, 256, 471, 433, 217, 461, 460, 42, 375, 110, 191, 216, 430, 301, 283, 316, 112, 415, 236, 356, 508, 32, 105, 367, 444, 269, 241, 348, 22, 142, 213, 422, 155, 443, 91, 158, 202, 99, 254, 38, 239, 437, 33, 197, 50, 282, 240, 125, 279, 448, 68, 511, 12, 106, 395, 340, 321, 305, 253, 507, 205, 226, 347, 64, 192, 274, 287, 52, 66, 67, 198, 185, 510, 275, 350, 249, 359, 322, 273, 476, 382, 344, 163, 124, 128, 408, 174, 224, 24, 129, 426, 377, 223, 18, 166, 486, 215, 392, 187, 252, 325, 59, 499, 380, 272, 394, 40, 194, 154, 250, 169, 97, 354, 495, 251, 386, 312, 78, 362, 127, 146, 21, 118, 402, 140, 474, 302, 120, 449, 114, 501, 435, 116, 74, 379, 244, 193, 368, 465, 53, 291, 393, 346, 376, 383, 473, 427, 27, 212, 441, 225, 4, 176, 39, 178, 62, 218, 285, 103, 41, 108, 349, 94, 329, 246, 19, 264, 281, 295, 11, 51, 207, 130, 133, 337, 58, 284, 152, 28, 299, 221, 315, 237, 396, 278, 280, 286]","[482, 267, 195, 89, 310, 452, 361, 447, 421, 135, 378, 405, 356, 234, 395, 442, 169, 253, 251, 114, 237, 449, 14, 130, 1, 499, 440, 205, 402, 165, 316, 4, 161, 384, 458, 211, 376, 164, 141, 150, 190, 389, 71, 476, 269, 201, 128, 371, 285, 502, 379, 226, 79, 511, 178, 38, 139, 432, 93, 500, 49, 362, 133, 386, 418, 461, 495, 355, 191, 172, 260, 250, 339, 409, 351, 484, 263, 279, 230, 346, 101, 142, 84, 144, 300, 349, 30, 127, 183, 366, 224, 215, 28, 62, 208, 83, 510, 94, 467, 229, 505, 473, 149, 156, 478, 446, 57, 438, 82, 246, 489, 303, 288, 95, 328, 97, 327, 398, 508, 363, 353, 126, 487, 488, 258, 350, 19, 70, 445, 329, 29, 177, 240, 403, 491, 296, 105, 450, 381, 90, 16, 297, 66, 2, 218, 27, 336, 301, 357, 469, 87, 352, 374, 65, 497, 342, 428, 189, 262, 68, 247, 37, 239, 448, 470, 104, 244, 457, 166, 85, 439, 236, 311, 170, 219, 199, 373, 188, 197, 13, 498, 67, 103, 507, 35, 401, 264, 121, 77, 431, 63, 419, 407, 404, 314, 319, 276, 106, 494, 295, 36, 157, 182, 8, 92, 111, 348, 504, 227, 145, 175, 225, 391, 436, 335, 437, 290, 331, 396, 64, 394, 243, 22, 417, 293, 55, 317, 155, 480, 167, 162, 5, 493, 338, 399, 61, 185, 23, 455, 326, 424, 388, 410, 472, 238, 24, 80, 116, 119, 375, 456, 506, 492, 102, 277, 107]","[4, 5, 19, 22, 24, 27, 28, 37, 38, 61, 62, 64, 66, 67, 68, 84, 90, 93, 94, 95, 97, 103, 105, 106, 114, 116, 127, 128, 130, 133, 142, 145, 150, 155, 162, 166, 169, 172, 175, 177, 178, 182, 185, 191, 195, 197, 199, 205, 215, 218, 224, 225, 226, 230, 236, 237, 239, 240, 243, 244, 246, 250, 251, 253, 264, 269, 276, 277, 279, 285, 295, 301, 311, 316, 329, 339, 342, 346, 348, 349, 350, 351, 352, 355, 356, 361, 362, 371, 375, 376, 379, 386, 394, 395, 396, 398, 399, 402, 403, 428, 431, 432, 436, 437, 439, 440, 448, 449, 450, 461, 470, 472, 473, 476, 492, 495, 499, 507, 508, 510, 511]"
61,"[227, 330, 267, 348, 11, 4, 289, 141, 153, 388, 151, 254, 275, 253, 228, 135, 230, 73, 37, 334, 495, 75, 263, 14, 99, 155, 499, 188, 223, 164, 447, 160, 335, 215, 292, 150, 184, 72, 426, 54, 177, 492, 378, 124, 130, 145, 429, 16, 245, 356, 85, 22, 175, 82, 143, 272, 203, 89, 470, 154, 300, 500, 50, 465, 345, 366, 279, 375, 297, 511, 380, 93, 467, 454, 287, 259, 3, 210, 442, 246, 494, 280, 413, 371, 165, 74, 453, 394, 38, 224, 132, 373, 346, 315, 182, 473, 83, 288, 129, 370, 306, 158, 424, 7, 71, 439, 240, 400, 396, 216, 497, 385, 398, 12, 271, 220, 121, 63, 358, 117, 20, 113, 493, 291, 401, 168, 49, 261, 405, 21, 274, 56, 332, 92, 319, 195, 317, 310, 126, 70, 194, 455, 15, 353, 59, 95, 30, 45, 509, 325, 386, 505, 66, 341, 302, 305, 204, 295, 482, 448, 176, 186, 219, 58, 112, 318, 87, 128, 255, 342, 88, 403, 51, 163, 199, 430, 110, 460, 197, 474, 301, 179, 283, 97, 296, 84, 241, 138, 278, 269, 282, 399, 390, 506, 449, 339, 507, 80, 142, 502, 170, 60, 391, 381, 407, 201, 338, 387, 229, 190, 360, 221, 57, 268, 321, 431, 293, 183, 270, 127, 236, 316, 44, 320, 209, 106, 152, 395, 31, 489, 457, 480, 23, 440, 172, 445, 244, 40, 414, 47, 333, 459, 46, 365, 452, 392, 217, 13, 8, 208, 225, 368, 491, 483, 34, 508]","[332, 247, 26, 79, 131, 13, 32, 22, 170, 184, 197, 397, 460, 166, 114, 141, 118, 59, 112, 14, 165, 204, 30, 206, 284, 344, 376, 17, 306, 70, 303, 457, 87, 266, 490, 418, 220, 83, 294, 190, 366, 491, 223, 360, 287, 161, 224, 191, 56, 480, 309, 295, 171, 511, 385, 175, 348, 44, 475, 36, 346, 301, 9, 389, 142, 237, 81, 89, 398, 469, 342, 80, 510, 383, 124, 433, 463, 125, 289, 462, 6, 104, 147, 65, 151, 322, 58, 202, 459, 300, 384, 210, 492, 315, 380, 158, 159, 55, 275, 53, 252, 387, 359, 493, 310, 73, 47, 12, 136, 66, 257, 88, 226, 400, 264, 238, 106, 506, 489, 333, 93, 225, 205, 183, 311, 130, 362, 444, 28, 119, 263, 399, 422, 123, 143, 11, 50, 329, 454, 297, 250, 314, 281, 122, 176, 305, 312, 19, 162, 243, 111, 97, 357, 227, 337, 331, 442, 449, 214, 479, 160, 487, 296, 393, 139, 291, 486, 307, 18, 374, 321, 102, 268, 507, 382, 246, 231, 261, 255, 356, 68, 86, 330, 23, 304, 21, 239, 172, 272, 401, 509, 474, 403, 219, 10, 60, 76, 236, 500, 352, 129, 185, 427, 350, 3, 253, 468, 455, 425, 504, 75, 25, 265, 406, 140, 501, 103, 192, 0, 323, 430, 467, 375, 198, 421, 181, 95, 308, 62, 416, 420, 101, 502, 343, 440, 229, 482, 42, 41, 132, 351, 200, 419, 386, 4, 240, 412, 208, 496, 57, 369, 428, 483, 417, 82, 150]","[3, 4, 11, 12, 13, 14, 21, 22, 23, 30, 44, 47, 50, 56, 57, 58, 59, 60, 66, 70, 73, 75, 80, 82, 83, 87, 88, 89, 93, 95, 97, 106, 112, 124, 129, 130, 132, 141, 142, 143, 150, 151, 158, 160, 165, 170, 172, 175, 176, 183, 184, 190, 197, 204, 208, 210, 219, 220, 223, 224, 225, 227, 229, 236, 240, 246, 253, 255, 261, 263, 268, 272, 275, 287, 289, 291, 295, 296, 297, 300, 301, 305, 306, 310, 315, 321, 330, 332, 333, 342, 346, 348, 356, 360, 366, 375, 380, 385, 386, 387, 398, 399, 400, 401, 403, 430, 440, 442, 449, 454, 455, 457, 459, 460, 467, 474, 480, 482, 483, 489, 491, 492, 493, 500, 502, 506, 507, 509, 511]"
62,"[68, 252, 268, 270, 159, 42, 307, 127, 451, 404, 338, 301, 60, 2, 44, 95, 315, 474, 183, 14, 240, 393, 253, 353, 448, 342, 318, 475, 302, 246, 137, 17, 142, 350, 243, 490, 107, 345, 419, 120, 392, 78, 255, 30, 476, 138, 387, 146, 231, 291, 352, 248, 331, 130, 493, 390, 16, 407, 116, 303, 211, 5, 164, 313, 282, 207, 205, 405, 218, 249, 13, 464, 375, 383, 81, 285, 336, 87, 377, 428, 371, 193, 414, 148, 494, 416, 129, 99, 85, 314, 295, 483, 446, 373, 213, 232, 7, 143, 510, 254, 165, 56, 348, 90, 171, 178, 97, 228, 409, 84, 325, 133, 73, 361, 391, 215, 430, 395, 194, 337, 39, 72, 401, 363, 136, 396, 473, 258, 366, 15, 18, 467, 433, 91, 384, 229, 224, 126, 506, 286, 320, 272, 346, 504, 279, 31, 247, 48, 276, 235, 388, 192, 458, 226, 175, 8, 329, 413, 158, 93, 69, 217, 199, 154, 119, 89, 289, 488, 189, 480, 152, 66, 461, 381, 265, 417, 343, 278, 212, 122, 170, 332, 244, 408, 58, 182, 262, 422, 239, 482, 485, 50, 269, 12, 349, 225, 445, 11, 184, 326, 324, 47, 259, 411, 144, 196, 400, 141, 459, 277, 496, 379, 450, 503, 62, 300, 26, 40, 177, 104, 43, 86, 161, 92, 263, 271, 186, 287, 356, 180, 442, 319, 471, 168, 121, 424, 22, 341, 157, 145, 132, 294, 304, 505, 412, 223, 24, 29, 96, 492, 293, 499, 460, 355, 290, 354]","[225, 502, 120, 221, 483, 391, 327, 98, 312, 224, 488, 397, 159, 216, 188, 263, 228, 372, 369, 444, 449, 424, 190, 66, 374, 295, 283, 148, 281, 487, 340, 55, 273, 305, 313, 139, 185, 311, 166, 484, 214, 505, 220, 34, 422, 219, 431, 163, 227, 28, 315, 13, 344, 31, 71, 314, 16, 337, 40, 153, 300, 51, 447, 15, 115, 95, 41, 105, 339, 131, 44, 65, 417, 18, 259, 492, 108, 160, 292, 403, 479, 35, 472, 84, 494, 184, 469, 42, 321, 157, 343, 250, 411, 370, 143, 205, 135, 196, 287, 446, 215, 320, 351, 158, 439, 282, 130, 430, 285, 17, 140, 366, 465, 367, 495, 377, 132, 67, 266, 388, 149, 451, 437, 242, 347, 243, 113, 72, 200, 21, 461, 400, 324, 49, 390, 231, 85, 145, 141, 96, 468, 134, 278, 30, 202, 385, 275, 1, 79, 152, 4, 230, 103, 106, 252, 74, 475, 326, 323, 373, 509, 332, 498, 379, 246, 336, 382, 59, 276, 212, 410, 206, 172, 248, 274, 268, 459, 11, 253, 195, 25, 245, 290, 29, 453, 247, 356, 9, 383, 209, 87, 104, 93, 429, 485, 6, 73, 151, 260, 240, 47, 364, 186, 426, 330, 257, 22, 12, 284, 182, 499, 511, 241, 112, 371, 236, 198, 125, 466, 467, 265, 418, 442, 299, 269, 0, 111, 5, 50, 116, 167, 470, 303, 70, 455, 82, 57, 162, 177, 92, 322, 133, 161, 119, 124, 233, 76, 493, 473, 150, 352, 146, 507, 286, 396, 271]","[5, 11, 12, 13, 15, 16, 17, 18, 22, 29, 30, 31, 40, 42, 44, 47, 50, 66, 72, 73, 84, 85, 87, 92, 93, 95, 96, 104, 116, 119, 120, 130, 132, 133, 141, 143, 145, 146, 148, 152, 157, 158, 159, 161, 177, 182, 184, 186, 196, 205, 212, 215, 224, 225, 228, 231, 240, 243, 246, 247, 248, 252, 253, 259, 263, 265, 268, 269, 271, 276, 278, 282, 285, 286, 287, 290, 295, 300, 303, 313, 314, 315, 320, 324, 326, 332, 336, 337, 343, 352, 356, 366, 371, 373, 377, 379, 383, 388, 390, 391, 396, 400, 411, 417, 422, 424, 430, 442, 446, 451, 459, 461, 467, 473, 475, 483, 485, 488, 492, 493, 494, 499, 505]"
63,"[480, 395, 437, 357, 149, 500, 319, 432, 25, 306, 245, 91, 344, 352, 44, 48, 139, 298, 62, 346, 73, 255, 217, 248, 76, 101, 396, 144, 169, 257, 23, 401, 453, 235, 94, 239, 58, 199, 356, 308, 55, 230, 318, 385, 75, 409, 135, 349, 128, 295, 115, 467, 79, 408, 236, 292, 421, 140, 117, 364, 509, 143, 47, 112, 20, 296, 511, 429, 102, 290, 418, 166, 17, 185, 219, 85, 209, 154, 186, 24, 180, 183, 505, 164, 89, 160, 425, 433, 31, 282, 67, 393, 195, 305, 42, 61, 90, 376, 488, 444, 313, 397, 46, 14, 103, 107, 86, 448, 362, 471, 123, 373, 170, 474, 394, 6, 465, 252, 45, 331, 431, 351, 497, 398, 422, 481, 359, 312, 221, 304, 450, 204, 83, 293, 65, 125, 286, 98, 459, 228, 3, 283, 226, 59, 60, 430, 374, 181, 218, 494, 155, 402, 174, 207, 122, 142, 16, 510, 329, 320, 200, 367, 440, 54, 56, 485, 338, 436, 424, 87, 213, 288, 251, 261, 341, 19, 66, 153, 88, 171, 70, 316, 445, 234, 446, 224, 314, 205, 496, 201, 68, 271, 51, 1, 172, 342, 4, 269, 184, 133, 29, 34, 240, 5, 410, 354, 38, 148, 507, 104, 57, 120, 375, 406, 435, 203, 417, 390, 463, 353, 369, 13, 442, 456, 479, 254, 198, 302, 12, 428, 8, 495, 380, 321, 242, 469, 460, 489, 263, 223, 208, 492, 150, 378, 452, 210, 343, 158, 285, 457, 28, 152, 249, 275, 392, 464]","[334, 206, 348, 396, 384, 427, 338, 383, 420, 406, 156, 36, 22, 233, 73, 495, 361, 463, 408, 29, 63, 272, 311, 283, 322, 282, 256, 405, 234, 247, 289, 193, 399, 288, 367, 79, 44, 61, 450, 106, 70, 179, 51, 330, 84, 344, 60, 488, 501, 213, 93, 479, 409, 72, 48, 155, 468, 281, 326, 449, 175, 204, 53, 215, 263, 184, 202, 176, 214, 159, 158, 254, 162, 17, 369, 237, 333, 325, 148, 502, 390, 216, 231, 244, 300, 423, 196, 55, 194, 292, 303, 454, 122, 503, 363, 366, 86, 401, 45, 431, 417, 510, 189, 370, 439, 290, 349, 318, 232, 483, 346, 451, 77, 386, 212, 506, 491, 496, 132, 40, 71, 298, 416, 255, 507, 455, 164, 332, 302, 433, 313, 227, 492, 357, 99, 435, 280, 125, 80, 482, 398, 264, 8, 446, 117, 203, 169, 141, 497, 76, 306, 387, 453, 285, 33, 87, 64, 229, 105, 309, 508, 24, 124, 100, 368, 102, 161, 199, 351, 494, 11, 111, 397, 168, 4, 74, 210, 359, 147, 308, 10, 402, 296, 404, 438, 419, 471, 500, 287, 356, 9, 443, 163, 2, 208, 297, 15, 131, 260, 142, 0, 223, 152, 353, 114, 65, 321, 478, 299, 352, 56, 103, 335, 301, 269, 469, 440, 219, 222, 120, 320, 328, 180, 190, 178, 172, 276, 307, 354, 85, 57, 21, 218, 459, 481, 315, 249, 490, 182, 457, 19, 143, 140, 360, 385, 230, 226, 47, 211, 429, 137, 197, 391, 126, 52, 165]","[4, 8, 17, 19, 24, 29, 44, 45, 47, 48, 51, 55, 56, 57, 60, 61, 65, 70, 73, 76, 79, 85, 86, 87, 102, 103, 117, 120, 122, 125, 140, 142, 143, 148, 152, 155, 158, 164, 169, 172, 180, 184, 199, 203, 204, 208, 210, 213, 218, 219, 223, 226, 230, 234, 249, 254, 255, 263, 269, 282, 283, 285, 288, 290, 292, 296, 298, 302, 306, 308, 313, 318, 320, 321, 338, 344, 346, 349, 351, 352, 353, 354, 356, 357, 359, 367, 369, 385, 390, 396, 397, 398, 401, 402, 406, 408, 409, 417, 429, 431, 433, 435, 440, 446, 450, 453, 457, 459, 463, 469, 471, 479, 481, 488, 492, 494, 495, 496, 497, 500, 507, 510]"
64,"[288, 67, 25, 458, 79, 314, 329, 241, 317, 375, 196, 508, 406, 308, 371, 39, 31, 181, 174, 469, 260, 479, 397, 86, 251, 114, 231, 374, 444, 416, 311, 404, 44, 456, 64, 213, 283, 361, 136, 240, 301, 325, 104, 59, 387, 481, 482, 346, 370, 326, 453, 462, 377, 3, 198, 316, 437, 510, 46, 443, 300, 501, 76, 351, 494, 455, 373, 100, 431, 414, 246, 359, 430, 189, 28, 220, 27, 69, 449, 102, 110, 428, 141, 71, 380, 38, 398, 166, 178, 61, 40, 305, 149, 187, 54, 169, 224, 447, 245, 88, 252, 418, 473, 51, 105, 108, 362, 381, 486, 467, 369, 173, 358, 23, 332, 285, 471, 366, 309, 20, 457, 261, 343, 334, 290, 127, 266, 217, 26, 92, 116, 451, 395, 97, 221, 327, 417, 487, 496, 348, 159, 228, 12, 492, 90, 63, 70, 400, 320, 307, 234, 91, 476, 434, 413, 281, 253, 167, 415, 357, 81, 10, 209, 215, 18, 135, 360, 151, 89, 472, 168, 1, 176, 330, 441, 292, 323, 493, 262, 419, 319, 180, 183, 140, 73, 152, 131, 446, 368, 107, 117, 216, 45, 335, 393, 468, 272, 384, 450, 49, 62, 236, 277, 509, 103, 202, 150, 347, 188, 163, 385, 491, 420, 172, 82, 9, 465, 315, 488, 289, 304, 32, 129, 52, 201, 160, 254, 123, 269, 297, 367, 294, 218, 344, 248, 495, 337, 94, 6, 142, 95, 328, 119, 84, 463, 279, 426, 16, 203, 29, 459, 182, 225, 454, 161, 87]","[12, 448, 162, 273, 415, 288, 258, 92, 6, 75, 317, 315, 361, 96, 486, 328, 28, 73, 194, 272, 256, 262, 407, 445, 239, 200, 180, 19, 496, 339, 60, 122, 234, 303, 87, 17, 275, 489, 449, 120, 354, 231, 175, 152, 451, 453, 37, 57, 47, 319, 188, 318, 364, 376, 416, 356, 340, 211, 357, 159, 59, 320, 458, 164, 62, 65, 218, 259, 482, 480, 153, 413, 118, 140, 116, 498, 94, 254, 358, 423, 473, 148, 334, 55, 483, 226, 314, 404, 425, 443, 359, 107, 446, 390, 385, 291, 38, 63, 277, 294, 447, 67, 492, 409, 346, 395, 229, 155, 477, 238, 209, 369, 503, 174, 285, 196, 437, 296, 135, 29, 106, 86, 147, 501, 126, 109, 101, 283, 265, 115, 46, 402, 469, 197, 381, 260, 244, 76, 300, 467, 495, 3, 455, 97, 158, 165, 27, 257, 298, 134, 221, 77, 322, 352, 286, 399, 331, 386, 441, 461, 479, 58, 160, 466, 144, 121, 169, 112, 282, 176, 181, 255, 490, 396, 284, 227, 198, 321, 465, 506, 384, 171, 450, 69, 365, 474, 387, 0, 124, 191, 452, 98, 432, 440, 182, 208, 8, 344, 23, 349, 325, 411, 341, 61, 222, 430, 85, 360, 494, 223, 426, 15, 304, 68, 1, 388, 173, 70, 281, 444, 132, 52, 307, 382, 436, 510, 24, 217, 434, 130, 502, 42, 145, 95, 293, 207, 137, 268, 406, 491, 187, 219, 102, 74, 105, 168, 225, 309, 203, 362, 274, 252, 172, 329, 276, 367]","[1, 3, 6, 12, 23, 27, 28, 29, 38, 46, 52, 59, 61, 62, 63, 67, 69, 70, 73, 76, 86, 87, 92, 94, 95, 97, 102, 105, 107, 116, 135, 140, 152, 159, 160, 168, 169, 172, 173, 174, 176, 180, 181, 182, 187, 188, 196, 198, 203, 209, 217, 218, 221, 225, 231, 234, 252, 254, 260, 262, 272, 277, 281, 283, 285, 288, 294, 300, 304, 307, 309, 314, 315, 317, 319, 320, 325, 328, 329, 334, 344, 346, 357, 358, 359, 360, 361, 362, 367, 369, 381, 384, 385, 387, 395, 404, 406, 413, 415, 416, 426, 430, 434, 437, 441, 443, 444, 446, 447, 449, 450, 451, 453, 455, 458, 465, 467, 469, 473, 479, 482, 486, 491, 492, 494, 495, 496, 501, 510]"
65,"[357, 101, 194, 275, 191, 147, 451, 384, 162, 91, 319, 370, 503, 491, 120, 437, 232, 397, 185, 110, 34, 449, 161, 411, 236, 66, 436, 462, 500, 221, 362, 95, 421, 260, 379, 56, 443, 295, 243, 303, 504, 490, 67, 380, 94, 294, 246, 487, 439, 201, 237, 404, 333, 306, 356, 489, 494, 478, 401, 332, 431, 475, 140, 290, 419, 157, 29, 187, 44, 13, 365, 57, 193, 278, 378, 474, 150, 3, 248, 262, 321, 213, 134, 501, 266, 30, 183, 322, 426, 126, 272, 249, 481, 405, 320, 422, 107, 391, 461, 502, 153, 51, 377, 287, 334, 395, 70, 148, 156, 263, 430, 488, 331, 485, 138, 446, 368, 38, 210, 145, 73, 498, 271, 354, 470, 182, 123, 203, 302, 304, 206, 298, 234, 285, 324, 255, 26, 328, 155, 130, 227, 99, 180, 299, 199, 6, 425, 276, 407, 499, 2, 410, 341, 493, 11, 31, 220, 89, 154, 417, 244, 330, 190, 289, 230, 371, 247, 192, 399, 284, 109, 274, 36, 96, 90, 104, 59, 282, 207, 388, 415, 189, 164, 418, 455, 214, 383, 92, 375, 8, 317, 166, 144, 125, 238, 335, 35, 163, 358, 447, 344, 186, 464, 300, 198, 119, 100, 288, 39, 97, 231, 188, 19, 54, 507, 48, 78, 240, 367, 355, 458, 43, 122, 386, 196, 17, 4, 469, 62, 297, 454, 32, 338, 46, 216, 318, 311, 172, 88, 151, 205, 152, 351, 463, 24, 301, 225, 52, 93, 277, 347, 174, 432, 364, 259, 511]","[92, 493, 134, 254, 74, 80, 462, 55, 263, 16, 318, 126, 314, 253, 440, 498, 68, 13, 335, 237, 421, 320, 125, 267, 158, 130, 413, 103, 22, 315, 168, 70, 25, 220, 223, 209, 18, 3, 404, 89, 332, 313, 34, 251, 287, 190, 15, 289, 274, 56, 347, 161, 504, 173, 32, 410, 326, 188, 353, 216, 467, 327, 122, 39, 306, 119, 148, 212, 329, 21, 358, 346, 429, 432, 197, 163, 62, 238, 377, 83, 78, 233, 392, 187, 275, 360, 323, 343, 2, 170, 210, 355, 425, 91, 6, 300, 67, 348, 59, 316, 203, 465, 180, 30, 349, 57, 96, 486, 255, 102, 9, 123, 420, 387, 140, 37, 71, 424, 286, 439, 84, 1, 272, 474, 434, 38, 305, 297, 472, 459, 31, 340, 198, 324, 322, 138, 449, 266, 135, 58, 111, 427, 66, 214, 112, 157, 247, 110, 113, 292, 5, 422, 257, 4, 206, 464, 350, 500, 367, 473, 480, 494, 363, 162, 213, 508, 445, 221, 144, 412, 338, 495, 75, 496, 395, 394, 419, 481, 280, 406, 448, 414, 366, 79, 479, 376, 149, 47, 468, 169, 333, 372, 268, 178, 53, 334, 416, 136, 351, 151, 153, 487, 454, 204, 69, 276, 441, 357, 200, 208, 309, 179, 224, 461, 196, 241, 172, 510, 430, 101, 99, 141, 193, 285, 391, 336, 373, 294, 147, 239, 116, 284, 33, 226, 76, 36, 227, 379, 73, 259, 256, 61, 303, 397, 437, 293, 82, 279, 88, 475, 115, 389, 143, 46, 365, 181]","[2, 3, 4, 6, 13, 30, 31, 32, 34, 36, 38, 39, 46, 56, 57, 59, 62, 66, 67, 70, 73, 78, 88, 89, 91, 92, 96, 99, 101, 110, 119, 122, 123, 125, 126, 130, 134, 138, 140, 144, 147, 148, 151, 153, 157, 161, 162, 163, 172, 180, 187, 188, 190, 193, 196, 198, 203, 206, 210, 213, 214, 216, 220, 221, 227, 237, 238, 247, 255, 259, 263, 266, 272, 274, 275, 276, 284, 285, 287, 289, 294, 297, 300, 303, 306, 318, 320, 322, 324, 332, 333, 334, 335, 338, 347, 351, 355, 357, 358, 365, 367, 377, 379, 391, 395, 397, 404, 410, 419, 421, 422, 425, 430, 432, 437, 439, 449, 454, 461, 462, 464, 474, 475, 481, 487, 493, 494, 498, 500, 504]"
66,"[15, 10, 298, 108, 1, 196, 268, 189, 290, 405, 506, 265, 42, 429, 213, 262, 173, 315, 369, 24, 341, 329, 510, 199, 179, 161, 67, 279, 170, 443, 52, 125, 245, 231, 146, 353, 355, 190, 104, 419, 423, 239, 71, 352, 84, 102, 91, 302, 450, 354, 285, 487, 221, 350, 254, 164, 344, 23, 197, 234, 338, 253, 395, 373, 25, 381, 327, 376, 294, 153, 95, 479, 465, 333, 177, 283, 137, 458, 12, 322, 330, 477, 90, 463, 297, 74, 63, 260, 413, 442, 398, 66, 390, 467, 448, 509, 412, 87, 314, 48, 105, 122, 476, 135, 485, 111, 471, 505, 306, 420, 80, 176, 364, 183, 27, 321, 236, 287, 334, 212, 192, 446, 162, 62, 232, 296, 168, 126, 251, 358, 150, 49, 393, 195, 9, 229, 18, 44, 201, 261, 205, 132, 46, 243, 271, 129, 61, 486, 19, 85, 32, 188, 406, 351, 73, 224, 252, 246, 454, 215, 64, 300, 258, 5, 171, 38, 434, 41, 60, 495, 167, 79, 441, 508, 452, 349, 497, 222, 149, 489, 218, 97, 174, 492, 370, 14, 193, 424, 227, 439, 414, 263, 282, 112, 204, 435, 106, 480, 473, 308, 472, 152, 141, 425, 26, 375, 347, 93, 491, 277, 220, 278, 17, 219, 453, 389, 409, 264, 45, 123, 484, 325, 128, 4, 68, 186, 89, 113, 371, 397, 0, 433, 493, 387, 65, 399, 96, 206, 288, 460, 99, 203, 342, 133, 184, 166, 319, 305, 384, 360, 228, 312, 256, 359, 365, 320]","[328, 136, 365, 274, 179, 113, 46, 484, 351, 174, 277, 271, 275, 406, 193, 215, 164, 383, 397, 65, 279, 16, 284, 10, 343, 130, 374, 66, 59, 294, 495, 64, 30, 297, 94, 219, 453, 329, 170, 266, 339, 414, 306, 428, 438, 187, 9, 461, 399, 253, 411, 424, 497, 258, 320, 357, 377, 251, 439, 207, 464, 169, 34, 417, 173, 405, 269, 340, 122, 359, 337, 8, 232, 87, 101, 391, 48, 246, 45, 466, 73, 319, 387, 82, 491, 452, 309, 132, 138, 216, 444, 228, 278, 510, 440, 149, 209, 141, 432, 191, 126, 457, 477, 334, 198, 346, 96, 390, 291, 63, 28, 123, 4, 238, 78, 416, 36, 482, 25, 250, 220, 499, 344, 256, 56, 97, 102, 342, 55, 21, 12, 137, 120, 91, 469, 6, 158, 425, 160, 418, 413, 217, 108, 153, 262, 152, 247, 280, 350, 147, 111, 110, 139, 507, 420, 182, 84, 58, 354, 26, 358, 302, 301, 273, 407, 199, 267, 317, 412, 460, 234, 186, 98, 54, 349, 336, 498, 483, 162, 323, 41, 140, 20, 131, 71, 200, 127, 245, 39, 430, 1, 380, 396, 259, 363, 281, 378, 114, 472, 194, 205, 252, 165, 410, 372, 224, 243, 115, 321, 272, 230, 226, 146, 49, 88, 421, 485, 310, 148, 106, 479, 312, 400, 223, 468, 105, 303, 155, 442, 324, 488, 100, 175, 493, 307, 150, 332, 60, 426, 233, 338, 330, 322, 183, 89, 190, 107, 270, 189, 197, 437, 161, 434, 500, 376, 502]","[1, 4, 9, 10, 12, 25, 26, 41, 45, 46, 48, 49, 60, 63, 64, 65, 66, 71, 73, 84, 87, 89, 91, 96, 97, 102, 105, 106, 108, 111, 113, 122, 123, 126, 132, 137, 141, 146, 149, 150, 152, 153, 161, 162, 164, 170, 173, 174, 179, 183, 186, 189, 190, 193, 197, 199, 205, 215, 219, 220, 224, 228, 232, 234, 243, 245, 246, 251, 252, 253, 256, 258, 262, 271, 277, 278, 279, 294, 297, 302, 306, 312, 319, 320, 321, 322, 329, 330, 334, 338, 342, 344, 349, 350, 351, 354, 358, 359, 365, 376, 387, 390, 397, 399, 405, 406, 412, 413, 414, 420, 424, 425, 434, 439, 442, 452, 453, 460, 472, 477, 479, 484, 485, 491, 493, 495, 497, 510]"
67,"[149, 486, 390, 118, 484, 69, 86, 238, 394, 222, 420, 382, 203, 434, 251, 291, 84, 209, 200, 46, 268, 83, 144, 510, 254, 370, 383, 195, 223, 21, 498, 103, 135, 150, 460, 160, 350, 408, 126, 48, 426, 232, 271, 348, 183, 72, 153, 352, 109, 91, 206, 36, 328, 300, 330, 8, 297, 190, 241, 462, 93, 345, 166, 207, 496, 406, 119, 476, 474, 204, 246, 178, 416, 164, 210, 444, 371, 45, 454, 448, 96, 133, 411, 468, 66, 208, 115, 447, 292, 22, 357, 25, 3, 159, 433, 337, 391, 443, 475, 158, 217, 112, 404, 7, 279, 311, 282, 59, 10, 298, 436, 155, 239, 191, 339, 344, 464, 264, 342, 152, 78, 156, 355, 458, 141, 138, 306, 221, 424, 214, 505, 87, 272, 379, 34, 65, 446, 18, 403, 139, 428, 455, 276, 439, 294, 293, 157, 174, 17, 287, 418, 184, 331, 98, 483, 362, 334, 92, 466, 140, 368, 229, 503, 295, 427, 249, 215, 28, 230, 419, 367, 177, 507, 186, 393, 481, 212, 62, 409, 329, 478, 5, 171, 58, 169, 40, 198, 477, 321, 358, 105, 450, 101, 381, 11, 508, 187, 349, 374, 124, 32, 385, 94, 245, 125, 43, 136, 113, 288, 326, 265, 146, 323, 356, 325, 413, 299, 85, 145, 459, 392, 211, 49, 346, 116, 9, 373, 54, 479, 55, 313, 405, 143, 106, 431, 56, 134, 305, 100, 437, 414, 51, 37, 270, 82, 488, 315, 302, 253, 120, 400, 266, 57, 104, 236, 130]","[16, 341, 509, 495, 328, 433, 90, 317, 234, 235, 36, 468, 364, 412, 12, 209, 133, 415, 503, 168, 389, 110, 100, 438, 15, 472, 303, 410, 272, 200, 224, 115, 26, 130, 69, 337, 29, 23, 61, 473, 287, 260, 120, 149, 333, 506, 352, 158, 479, 37, 64, 291, 293, 345, 89, 266, 102, 350, 349, 323, 444, 467, 31, 70, 140, 245, 289, 3, 270, 276, 142, 483, 166, 481, 440, 375, 240, 390, 475, 374, 306, 20, 225, 175, 145, 489, 459, 321, 174, 318, 427, 59, 257, 469, 58, 430, 494, 4, 169, 379, 93, 477, 274, 204, 476, 186, 480, 244, 456, 196, 113, 369, 312, 62, 411, 372, 199, 67, 496, 236, 299, 413, 359, 428, 103, 261, 76, 392, 296, 41, 53, 420, 164, 376, 206, 504, 510, 237, 49, 60, 51, 453, 22, 448, 146, 154, 348, 192, 179, 437, 52, 406, 0, 213, 28, 457, 363, 253, 223, 314, 243, 447, 401, 346, 292, 112, 368, 75, 474, 226, 356, 124, 114, 284, 251, 419, 185, 14, 57, 99, 508, 157, 73, 38, 386, 408, 449, 189, 122, 358, 203, 484, 246, 34, 507, 471, 275, 116, 335, 21, 176, 385, 228, 107, 238, 139, 155, 488, 45, 454, 434, 432, 151, 2, 264, 487, 72, 465, 136, 87, 422, 207, 259, 367, 466, 222, 387, 211, 68, 332, 478, 290, 161, 162, 173, 215, 255, 498, 263, 404, 187, 281, 344, 24, 351, 418, 55, 135, 118, 399, 1, 409, 221, 134, 98, 119]","[3, 21, 22, 28, 34, 36, 37, 45, 49, 51, 55, 57, 58, 59, 62, 69, 72, 87, 93, 98, 100, 103, 112, 113, 115, 116, 118, 119, 120, 124, 130, 133, 134, 135, 136, 139, 140, 145, 146, 149, 155, 157, 158, 164, 166, 169, 174, 186, 187, 200, 203, 204, 206, 207, 209, 211, 215, 221, 222, 223, 236, 238, 245, 246, 251, 253, 264, 266, 270, 272, 276, 287, 291, 292, 293, 299, 306, 321, 323, 328, 337, 344, 345, 346, 348, 349, 350, 352, 356, 358, 367, 368, 374, 379, 385, 390, 392, 404, 406, 408, 409, 411, 413, 418, 419, 420, 427, 428, 433, 434, 437, 444, 447, 448, 454, 459, 466, 468, 474, 475, 476, 477, 478, 479, 481, 483, 484, 488, 496, 498, 503, 507, 508, 510]"
68,"[313, 447, 277, 210, 258, 364, 493, 62, 111, 204, 336, 150, 468, 416, 173, 157, 302, 219, 474, 339, 473, 450, 324, 47, 300, 10, 4, 146, 399, 503, 446, 265, 162, 295, 477, 82, 65, 178, 75, 15, 440, 367, 160, 71, 128, 92, 64, 359, 198, 263, 129, 20, 391, 187, 323, 334, 288, 81, 291, 190, 244, 9, 189, 237, 397, 429, 363, 315, 27, 464, 50, 466, 287, 472, 222, 56, 312, 161, 121, 322, 158, 438, 188, 486, 387, 384, 390, 253, 214, 66, 360, 427, 226, 306, 74, 209, 19, 460, 383, 389, 107, 456, 179, 18, 463, 413, 283, 317, 238, 125, 426, 448, 184, 375, 370, 185, 266, 276, 228, 171, 153, 132, 83, 22, 86, 195, 109, 248, 94, 510, 459, 346, 79, 431, 141, 470, 217, 180, 354, 271, 68, 432, 249, 443, 151, 421, 289, 380, 412, 511, 87, 170, 500, 133, 251, 192, 245, 39, 422, 254, 279, 6, 275, 137, 26, 316, 235, 297, 398, 145, 294, 57, 282, 143, 61, 471, 88, 425, 127, 285, 257, 373, 347, 507, 485, 42, 227, 481, 233, 386, 465, 267, 444, 382, 255, 37, 167, 80, 304, 445, 303, 411, 177, 388, 371, 104, 124, 402, 138, 200, 116, 234, 232, 108, 337, 488, 395, 99, 3, 396, 208, 51, 393, 495, 155, 259, 196, 264, 142, 451, 205, 110, 194, 385, 172, 7, 44, 498, 91, 280, 362, 48, 17, 405, 286, 409, 365, 435, 206, 41, 36, 377, 119, 417, 40, 274]","[410, 458, 441, 152, 225, 465, 295, 46, 141, 343, 105, 97, 226, 469, 340, 293, 205, 19, 162, 275, 417, 346, 131, 5, 242, 38, 165, 403, 202, 120, 265, 341, 347, 495, 156, 235, 75, 24, 174, 151, 401, 203, 335, 88, 333, 158, 163, 194, 424, 110, 0, 301, 80, 263, 466, 72, 183, 90, 250, 127, 76, 137, 51, 349, 109, 145, 278, 509, 254, 221, 330, 108, 234, 217, 425, 489, 124, 452, 134, 368, 128, 418, 71, 508, 29, 440, 292, 502, 218, 443, 325, 313, 190, 214, 231, 74, 316, 314, 388, 479, 305, 147, 364, 504, 104, 171, 387, 446, 73, 68, 148, 500, 423, 439, 344, 370, 237, 309, 376, 351, 91, 3, 106, 407, 483, 45, 451, 339, 168, 93, 243, 239, 291, 143, 157, 287, 136, 79, 58, 328, 196, 67, 121, 232, 476, 112, 402, 428, 53, 57, 276, 39, 474, 82, 169, 306, 49, 390, 296, 375, 477, 18, 13, 494, 413, 199, 186, 484, 382, 450, 238, 70, 185, 125, 95, 48, 404, 244, 248, 468, 481, 277, 279, 200, 249, 258, 420, 16, 41, 159, 352, 96, 297, 62, 123, 510, 155, 69, 56, 22, 488, 52, 408, 206, 396, 442, 101, 17, 319, 140, 457, 459, 430, 94, 357, 161, 260, 496, 386, 189, 412, 149, 456, 26, 42, 113, 268, 282, 506, 464, 274, 7, 437, 482, 132, 272, 362, 372, 475, 491, 360, 11, 311, 453, 448, 100, 267, 213, 6, 380, 460, 233, 219, 438, 304, 435]","[3, 6, 7, 17, 18, 19, 22, 26, 39, 41, 42, 48, 51, 56, 57, 62, 68, 71, 74, 75, 79, 80, 82, 88, 91, 94, 104, 108, 109, 110, 121, 124, 125, 127, 128, 132, 137, 141, 143, 145, 151, 155, 157, 158, 161, 162, 171, 185, 189, 190, 194, 196, 200, 205, 206, 214, 217, 219, 226, 232, 233, 234, 235, 237, 238, 244, 248, 249, 254, 258, 263, 265, 267, 274, 275, 276, 277, 279, 282, 287, 291, 295, 297, 304, 306, 313, 316, 339, 346, 347, 360, 362, 364, 370, 375, 380, 382, 386, 387, 388, 390, 396, 402, 412, 413, 417, 425, 435, 438, 440, 443, 446, 448, 450, 451, 456, 459, 460, 464, 465, 466, 468, 474, 477, 481, 488, 495, 500, 510]"
69,"[0, 436, 488, 8, 34, 422, 83, 19, 176, 146, 12, 104, 376, 229, 396, 398, 419, 44, 179, 210, 382, 236, 280, 164, 447, 413, 158, 417, 296, 388, 119, 1, 76, 86, 352, 203, 463, 393, 418, 291, 464, 392, 59, 63, 320, 237, 328, 321, 18, 364, 157, 466, 97, 65, 160, 489, 21, 217, 194, 501, 182, 20, 446, 87, 91, 117, 239, 80, 294, 293, 309, 496, 460, 389, 279, 503, 408, 362, 46, 56, 254, 49, 27, 50, 222, 444, 96, 340, 490, 216, 298, 360, 395, 351, 373, 449, 510, 227, 355, 411, 336, 174, 123, 506, 367, 125, 286, 58, 85, 335, 231, 47, 124, 246, 337, 399, 443, 301, 283, 57, 450, 31, 424, 406, 261, 448, 486, 303, 238, 228, 110, 108, 289, 341, 170, 251, 230, 22, 505, 206, 265, 163, 127, 70, 383, 307, 23, 141, 185, 30, 82, 28, 412, 186, 100, 121, 386, 142, 181, 384, 481, 414, 347, 407, 178, 348, 509, 168, 255, 343, 403, 259, 247, 314, 342, 152, 103, 440, 93, 209, 381, 60, 338, 345, 472, 332, 111, 177, 318, 159, 379, 45, 292, 359, 48, 400, 288, 391, 508, 260, 244, 455, 476, 268, 299, 468, 5, 193, 169, 290, 474, 308, 198, 61, 404, 192, 67, 252, 477, 427, 275, 115, 433, 394, 195, 226, 233, 225, 423, 507, 92, 365, 493, 356, 53, 442, 410, 79, 445, 487, 94, 470, 140, 29, 475, 274, 172, 432, 190, 43, 242, 38, 333, 245, 370, 357]","[82, 108, 437, 476, 275, 361, 186, 90, 172, 414, 304, 249, 192, 356, 65, 473, 406, 395, 242, 60, 44, 439, 122, 201, 76, 507, 213, 352, 22, 42, 20, 80, 337, 197, 165, 222, 170, 11, 403, 502, 115, 216, 178, 37, 336, 243, 421, 491, 167, 151, 266, 345, 68, 274, 422, 358, 4, 498, 236, 308, 97, 351, 181, 171, 31, 238, 54, 66, 41, 83, 110, 316, 312, 271, 252, 155, 269, 484, 357, 158, 449, 371, 285, 477, 390, 408, 6, 105, 254, 182, 141, 101, 384, 250, 257, 118, 218, 18, 38, 382, 264, 160, 177, 374, 195, 286, 81, 401, 56, 75, 503, 464, 288, 227, 29, 1, 455, 373, 98, 459, 302, 298, 430, 173, 147, 229, 30, 452, 402, 334, 327, 427, 149, 488, 107, 447, 57, 267, 217, 310, 470, 482, 245, 385, 478, 79, 221, 319, 369, 331, 346, 510, 129, 96, 423, 45, 483, 131, 313, 435, 407, 99, 280, 410, 231, 284, 39, 364, 451, 333, 135, 138, 508, 77, 89, 144, 258, 191, 368, 36, 411, 26, 341, 16, 486, 14, 194, 305, 114, 461, 277, 17, 399, 340, 117, 480, 440, 251, 21, 34, 43, 445, 338, 13, 268, 47, 362, 51, 102, 297, 142, 415, 198, 434, 323, 479, 92, 495, 119, 276, 350, 344, 376, 446, 326, 7, 106, 315, 120, 154, 456, 475, 136, 396, 67, 424, 261, 253, 59, 441, 375, 234, 481, 215, 462, 62, 380, 409, 322, 168, 199, 152, 161, 400, 472, 332]","[1, 18, 20, 21, 22, 29, 30, 31, 34, 38, 43, 44, 45, 47, 56, 57, 59, 60, 65, 67, 76, 79, 80, 82, 83, 92, 96, 97, 108, 110, 115, 117, 119, 141, 142, 152, 158, 160, 168, 170, 172, 177, 178, 181, 182, 186, 192, 194, 195, 198, 216, 217, 222, 227, 229, 231, 236, 238, 242, 245, 251, 252, 254, 261, 268, 274, 275, 280, 286, 288, 298, 308, 332, 333, 336, 337, 338, 340, 341, 345, 351, 352, 356, 357, 362, 364, 373, 376, 382, 384, 395, 396, 399, 400, 403, 406, 407, 408, 410, 411, 414, 422, 423, 424, 427, 440, 445, 446, 447, 449, 455, 464, 470, 472, 475, 476, 477, 481, 486, 488, 503, 507, 508, 510]"
70,"[431, 15, 354, 338, 233, 390, 63, 26, 430, 387, 455, 392, 36, 90, 141, 446, 78, 310, 11, 27, 449, 243, 110, 414, 208, 194, 491, 261, 311, 226, 412, 168, 318, 272, 357, 192, 450, 216, 419, 465, 184, 347, 303, 323, 383, 474, 229, 268, 360, 170, 140, 328, 372, 498, 415, 165, 490, 432, 133, 425, 131, 439, 47, 404, 127, 269, 350, 416, 182, 118, 74, 391, 212, 20, 294, 206, 196, 379, 322, 332, 116, 215, 239, 319, 384, 155, 147, 452, 435, 21, 496, 242, 6, 352, 94, 353, 252, 174, 411, 299, 171, 85, 290, 1, 199, 389, 172, 138, 39, 49, 236, 152, 68, 312, 461, 506, 46, 467, 293, 95, 113, 508, 488, 176, 386, 400, 8, 98, 340, 460, 289, 473, 219, 156, 137, 393, 62, 136, 356, 417, 37, 178, 399, 276, 177, 235, 150, 441, 211, 479, 502, 266, 2, 463, 486, 485, 185, 388, 248, 428, 409, 287, 200, 161, 129, 143, 107, 351, 51, 265, 175, 31, 408, 111, 339, 366, 292, 210, 482, 256, 410, 273, 10, 13, 433, 429, 489, 504, 183, 264, 334, 164, 23, 99, 130, 45, 380, 148, 241, 367, 181, 503, 132, 365, 87, 159, 453, 213, 278, 271, 198, 355, 472, 163, 86, 72, 139, 58, 106, 57, 458, 263, 274, 109, 377, 507, 286, 59, 167, 121, 396, 454, 142, 284, 359, 281, 382, 41, 413, 238, 307, 240, 364, 222, 65, 258, 35, 457, 186, 282, 484, 437, 224, 64, 3, 128]","[28, 163, 360, 157, 30, 257, 211, 229, 503, 49, 433, 107, 159, 286, 197, 210, 85, 44, 437, 414, 67, 336, 133, 482, 60, 209, 115, 121, 63, 327, 204, 445, 22, 173, 81, 55, 255, 325, 454, 100, 283, 110, 124, 271, 25, 492, 185, 381, 191, 426, 54, 247, 322, 402, 66, 487, 266, 78, 264, 245, 475, 48, 192, 472, 294, 395, 188, 89, 130, 270, 297, 148, 320, 452, 477, 374, 359, 108, 280, 385, 83, 161, 228, 101, 3, 236, 318, 14, 498, 103, 290, 486, 393, 474, 314, 340, 407, 136, 291, 58, 27, 199, 494, 276, 466, 368, 46, 335, 279, 370, 321, 332, 112, 33, 232, 195, 187, 326, 158, 459, 240, 339, 205, 377, 146, 65, 508, 313, 354, 96, 510, 427, 203, 484, 496, 10, 456, 225, 287, 440, 208, 453, 119, 39, 303, 380, 399, 70, 408, 304, 261, 468, 352, 495, 150, 45, 156, 324, 254, 448, 73, 31, 461, 201, 34, 346, 343, 483, 253, 386, 435, 502, 390, 389, 250, 17, 429, 493, 463, 373, 372, 94, 126, 367, 338, 194, 504, 139, 176, 438, 310, 406, 405, 97, 79, 274, 400, 117, 371, 29, 19, 230, 179, 480, 268, 309, 12, 397, 95, 412, 345, 323, 104, 450, 315, 147, 153, 382, 15, 446, 443, 423, 123, 376, 212, 319, 180, 177, 341, 120, 99, 428, 284, 476, 278, 76, 378, 329, 342, 125, 383, 233, 21, 91, 302, 505, 282, 142, 218, 106, 196, 481, 24, 361, 413, 52]","[3, 10, 15, 21, 27, 31, 39, 45, 46, 49, 58, 63, 65, 78, 85, 94, 95, 99, 106, 107, 110, 121, 130, 133, 136, 139, 142, 147, 148, 150, 156, 159, 161, 163, 176, 177, 185, 192, 194, 196, 199, 208, 210, 211, 212, 229, 233, 236, 240, 261, 264, 266, 268, 271, 274, 276, 278, 282, 284, 286, 287, 290, 294, 303, 310, 318, 319, 322, 323, 332, 338, 339, 340, 352, 354, 359, 360, 367, 372, 377, 380, 382, 383, 386, 389, 390, 393, 399, 400, 408, 412, 413, 414, 428, 429, 433, 435, 437, 446, 450, 452, 453, 454, 461, 463, 472, 474, 482, 484, 486, 496, 498, 502, 503, 504, 508]"
71,"[137, 399, 501, 317, 337, 262, 68, 306, 123, 477, 370, 442, 240, 124, 281, 11, 392, 435, 294, 157, 42, 335, 164, 267, 400, 204, 4, 427, 269, 364, 503, 345, 385, 450, 128, 264, 278, 243, 438, 491, 368, 69, 481, 260, 218, 293, 357, 476, 358, 17, 396, 8, 74, 416, 314, 496, 495, 465, 140, 19, 280, 270, 432, 310, 380, 509, 197, 502, 499, 26, 348, 43, 59, 49, 238, 289, 261, 485, 255, 216, 504, 331, 219, 79, 57, 191, 39, 112, 418, 156, 149, 429, 471, 480, 75, 259, 207, 489, 462, 391, 9, 482, 169, 20, 85, 458, 412, 231, 3, 381, 453, 51, 330, 448, 245, 492, 233, 78, 217, 133, 47, 90, 254, 145, 405, 126, 334, 105, 35, 447, 318, 316, 110, 119, 287, 130, 72, 431, 199, 176, 92, 84, 425, 452, 148, 313, 275, 104, 386, 282, 100, 195, 63, 420, 167, 101, 258, 257, 12, 390, 421, 227, 170, 456, 173, 172, 214, 362, 190, 415, 118, 241, 206, 511, 58, 189, 208, 96, 290, 188, 466, 493, 349, 143, 146, 198, 366, 16, 76, 93, 353, 341, 117, 95, 498, 107, 299, 506, 328, 212, 484, 361, 507, 342, 192, 430, 224, 223, 102, 62, 298, 226, 177, 510, 179, 205, 300, 23, 215, 354, 88, 158, 343, 426, 486, 474, 494, 417, 147, 65, 81, 30, 87, 464, 86, 463, 237, 296, 153, 363, 322, 309, 461, 271, 80, 61, 230, 67, 136, 13, 178, 284, 347, 505, 71, 163]","[499, 436, 485, 463, 274, 8, 173, 508, 422, 1, 111, 158, 183, 338, 151, 433, 72, 311, 303, 125, 150, 17, 214, 369, 256, 197, 455, 62, 25, 289, 506, 269, 468, 431, 128, 103, 15, 100, 266, 58, 120, 363, 493, 108, 373, 411, 169, 215, 408, 430, 172, 32, 469, 442, 456, 410, 34, 202, 378, 313, 110, 308, 315, 358, 312, 389, 163, 272, 104, 295, 284, 374, 217, 377, 480, 329, 174, 302, 249, 283, 375, 423, 260, 59, 360, 95, 231, 460, 131, 473, 368, 19, 466, 356, 403, 450, 419, 113, 74, 276, 402, 39, 495, 76, 117, 320, 29, 223, 386, 211, 14, 57, 359, 438, 5, 332, 330, 474, 152, 457, 362, 203, 35, 412, 261, 434, 199, 287, 147, 33, 299, 428, 97, 24, 414, 46, 483, 124, 198, 424, 290, 345, 322, 156, 357, 225, 187, 133, 132, 286, 38, 420, 264, 452, 22, 271, 301, 275, 127, 472, 277, 234, 300, 107, 426, 316, 354, 498, 494, 64, 167, 361, 10, 376, 106, 401, 31, 367, 90, 465, 164, 479, 37, 370, 0, 145, 70, 208, 384, 148, 281, 40, 160, 348, 242, 446, 388, 444, 161, 141, 241, 487, 56, 379, 49, 154, 394, 451, 390, 221, 204, 168, 45, 252, 98, 310, 87, 475, 206, 60, 230, 489, 99, 478, 210, 298, 285, 170, 18, 205, 481, 93, 30, 118, 140, 309, 43, 137, 247, 7, 257, 102, 429, 94, 265, 207, 319, 177, 467, 6, 101, 244, 48, 447, 157, 139]","[8, 17, 19, 30, 35, 39, 43, 49, 57, 58, 59, 62, 72, 74, 76, 87, 90, 93, 95, 100, 101, 102, 104, 107, 110, 117, 118, 124, 128, 133, 137, 140, 145, 147, 148, 156, 157, 158, 163, 164, 167, 169, 170, 172, 173, 177, 197, 198, 199, 204, 205, 206, 207, 208, 214, 215, 217, 223, 230, 231, 241, 257, 260, 261, 264, 269, 271, 275, 281, 284, 287, 289, 290, 298, 299, 300, 309, 310, 313, 316, 322, 330, 345, 348, 354, 357, 358, 361, 362, 363, 368, 370, 386, 390, 412, 420, 426, 429, 430, 431, 438, 442, 447, 450, 452, 456, 463, 465, 466, 474, 480, 481, 485, 489, 493, 494, 495, 498, 499, 506]"
72,"[457, 318, 102, 277, 435, 193, 258, 161, 180, 269, 142, 93, 182, 333, 444, 162, 455, 487, 370, 298, 28, 42, 9, 443, 325, 390, 341, 105, 39, 195, 247, 296, 121, 500, 175, 210, 167, 401, 416, 317, 46, 103, 450, 101, 43, 192, 111, 168, 348, 173, 139, 29, 61, 323, 73, 480, 58, 304, 417, 41, 458, 466, 478, 415, 497, 378, 301, 133, 62, 357, 262, 237, 23, 143, 145, 411, 268, 165, 327, 438, 495, 375, 243, 406, 442, 346, 429, 474, 245, 94, 456, 355, 336, 489, 381, 459, 57, 452, 405, 379, 110, 233, 366, 407, 78, 16, 398, 386, 319, 465, 511, 274, 436, 104, 402, 75, 282, 396, 112, 90, 60, 220, 100, 503, 431, 81, 297, 343, 338, 295, 316, 349, 476, 15, 196, 38, 409, 95, 146, 310, 240, 45, 119, 222, 249, 191, 275, 502, 131, 12, 229, 508, 300, 13, 72, 353, 113, 498, 199, 362, 482, 239, 114, 461, 217, 287, 34, 164, 19, 6, 96, 285, 270, 473, 263, 5, 8, 392, 472, 286, 85, 246, 153, 109, 510, 152, 226, 368, 204, 11, 265, 272, 197, 388, 163, 322, 312, 428, 273, 315, 367, 213, 364, 420, 127, 391, 320, 236, 64, 232, 280, 369, 202, 47, 74, 313, 371, 106, 159, 179, 138, 120, 434, 44, 98, 115, 20, 118, 330, 200, 55, 174, 116, 187, 185, 137, 56, 254, 496, 303, 492, 91, 440, 347, 86, 70, 290, 125, 261, 507, 361, 256, 342, 3, 36, 425]","[389, 234, 27, 46, 313, 266, 96, 245, 470, 248, 399, 454, 308, 405, 341, 427, 123, 69, 151, 314, 247, 443, 276, 161, 296, 447, 246, 262, 307, 179, 282, 490, 43, 488, 66, 112, 357, 233, 433, 164, 318, 456, 369, 224, 147, 426, 187, 91, 146, 34, 65, 24, 238, 510, 25, 133, 444, 459, 401, 392, 381, 486, 134, 340, 374, 5, 509, 301, 253, 180, 236, 137, 320, 362, 136, 201, 36, 284, 192, 413, 367, 144, 479, 511, 165, 142, 326, 478, 50, 106, 384, 190, 338, 298, 61, 411, 419, 225, 30, 208, 402, 461, 435, 377, 94, 363, 64, 351, 8, 449, 273, 59, 294, 327, 40, 176, 366, 387, 138, 185, 168, 154, 468, 202, 15, 131, 155, 214, 417, 491, 348, 125, 211, 158, 49, 198, 404, 274, 290, 229, 260, 280, 474, 2, 311, 385, 263, 20, 162, 428, 104, 408, 31, 99, 119, 12, 9, 194, 70, 343, 150, 17, 163, 446, 244, 126, 22, 278, 451, 265, 101, 391, 183, 288, 315, 242, 21, 495, 430, 409, 453, 452, 83, 71, 375, 232, 292, 216, 370, 445, 105, 407, 86, 256, 251, 135, 380, 424, 372, 197, 483, 53, 421, 285, 328, 302, 250, 54, 141, 182, 215, 306, 191, 354, 149, 410, 153, 82, 492, 254, 432, 217, 11, 139, 10, 364, 477, 323, 3, 379, 1, 186, 130, 157, 6, 60, 32, 143, 506, 475, 425, 484, 97, 204, 19, 226, 37, 33, 210, 87, 75, 497, 434, 90, 80, 373]","[3, 5, 6, 8, 9, 11, 12, 15, 19, 20, 34, 36, 43, 46, 60, 61, 64, 70, 75, 86, 90, 91, 94, 96, 101, 104, 105, 106, 112, 119, 125, 131, 133, 137, 138, 139, 142, 143, 146, 153, 161, 162, 163, 164, 165, 168, 179, 180, 182, 185, 187, 191, 192, 197, 202, 204, 210, 217, 226, 229, 232, 233, 236, 245, 246, 247, 254, 256, 262, 263, 265, 273, 274, 280, 282, 285, 290, 296, 298, 301, 313, 315, 318, 320, 323, 327, 338, 341, 343, 348, 357, 362, 364, 366, 367, 369, 370, 375, 379, 381, 391, 392, 401, 402, 405, 407, 409, 411, 417, 425, 428, 434, 435, 443, 444, 452, 456, 459, 461, 474, 478, 492, 495, 497, 510, 511]"
73,"[27, 297, 488, 9, 436, 453, 394, 5, 10, 509, 199, 183, 204, 376, 257, 47, 78, 479, 405, 254, 507, 77, 166, 343, 33, 182, 289, 141, 413, 122, 391, 22, 4, 157, 242, 481, 402, 336, 93, 149, 11, 152, 423, 58, 494, 83, 1, 179, 495, 234, 483, 318, 142, 468, 298, 125, 342, 360, 456, 490, 88, 323, 48, 400, 75, 485, 208, 416, 461, 340, 371, 275, 410, 81, 304, 229, 498, 329, 344, 140, 173, 447, 412, 235, 273, 249, 303, 26, 143, 92, 255, 248, 385, 97, 56, 478, 286, 174, 67, 115, 158, 30, 42, 169, 6, 194, 345, 419, 210, 359, 245, 471, 162, 396, 223, 312, 368, 39, 101, 290, 486, 449, 315, 188, 259, 338, 123, 384, 202, 321, 353, 382, 492, 496, 66, 227, 155, 238, 457, 219, 211, 24, 421, 294, 307, 339, 325, 150, 171, 28, 466, 417, 120, 32, 361, 110, 305, 94, 201, 87, 213, 247, 127, 283, 314, 446, 193, 180, 399, 151, 451, 196, 352, 222, 230, 268, 278, 370, 414, 103, 408, 337, 160, 393, 246, 185, 191, 437, 411, 41, 269, 124, 450, 17, 135, 284, 178, 288, 86, 165, 57, 395, 69, 106, 154, 431, 107, 131, 364, 73, 113, 96, 95, 253, 232, 241, 7, 225, 181, 108, 220, 397, 335, 460, 214, 34, 68, 119, 184, 327, 190, 50, 49, 330, 499, 418, 59, 362, 367, 13, 55, 138, 137, 53, 475, 375, 132, 296, 301, 233, 420, 489, 311, 65, 84, 476]","[249, 152, 190, 200, 435, 340, 180, 5, 244, 20, 488, 416, 393, 314, 305, 17, 184, 55, 271, 76, 424, 267, 37, 66, 225, 411, 172, 8, 386, 73, 63, 318, 324, 507, 392, 14, 496, 168, 401, 438, 145, 258, 501, 242, 364, 334, 213, 490, 112, 455, 499, 256, 311, 376, 118, 27, 94, 57, 483, 396, 19, 232, 361, 381, 11, 459, 295, 315, 136, 465, 186, 173, 456, 310, 28, 3, 325, 175, 230, 245, 391, 167, 130, 238, 304, 39, 321, 312, 83, 143, 98, 177, 7, 191, 415, 201, 121, 224, 343, 430, 446, 133, 404, 223, 18, 426, 464, 452, 444, 384, 128, 469, 52, 211, 500, 117, 185, 114, 100, 113, 505, 163, 125, 303, 36, 250, 442, 218, 491, 81, 357, 434, 366, 65, 119, 439, 300, 275, 139, 471, 46, 422, 42, 142, 214, 345, 326, 269, 40, 266, 231, 335, 188, 280, 149, 421, 461, 108, 389, 293, 257, 451, 474, 199, 277, 90, 358, 320, 246, 138, 176, 189, 240, 440, 154, 344, 155, 260, 418, 370, 127, 433, 272, 196, 453, 484, 72, 265, 417, 309, 171, 21, 339, 383, 15, 290, 510, 349, 69, 503, 478, 217, 299, 166, 329, 419, 306, 92, 473, 29, 135, 506, 390, 347, 86, 1, 494, 144, 375, 492, 150, 31, 116, 124, 25, 282, 479, 115, 291, 12, 248, 353, 279, 162, 288, 181, 330, 338, 122, 56, 59, 137, 220, 317, 239, 414, 495, 106, 447, 398, 23, 460, 429, 355, 427, 423]","[1, 5, 7, 11, 17, 27, 28, 39, 42, 55, 56, 57, 59, 65, 66, 69, 73, 81, 83, 86, 92, 94, 106, 108, 113, 115, 119, 122, 124, 125, 127, 135, 137, 138, 142, 143, 149, 150, 152, 154, 155, 162, 166, 171, 173, 180, 181, 184, 185, 188, 190, 191, 196, 199, 201, 211, 213, 214, 220, 223, 225, 230, 232, 238, 242, 245, 246, 248, 249, 257, 269, 275, 288, 290, 303, 304, 305, 311, 312, 314, 315, 318, 321, 325, 329, 330, 335, 338, 339, 340, 343, 344, 345, 353, 361, 364, 370, 375, 376, 384, 391, 393, 396, 411, 414, 416, 417, 418, 419, 421, 423, 446, 447, 451, 453, 456, 460, 461, 471, 478, 479, 483, 488, 490, 492, 494, 495, 496, 499, 507]"
74,"[269, 447, 45, 343, 113, 276, 491, 133, 427, 375, 68, 8, 137, 12, 146, 132, 462, 328, 297, 193, 422, 162, 119, 367, 322, 36, 96, 80, 441, 13, 324, 392, 438, 180, 237, 429, 51, 258, 203, 44, 458, 265, 34, 406, 53, 379, 319, 471, 298, 494, 361, 386, 39, 475, 241, 31, 122, 65, 58, 252, 83, 493, 81, 179, 390, 77, 285, 15, 456, 449, 78, 320, 424, 492, 263, 500, 251, 469, 331, 74, 208, 138, 496, 128, 126, 174, 280, 118, 130, 502, 257, 109, 459, 411, 212, 323, 216, 239, 220, 486, 360, 186, 19, 487, 57, 170, 63, 288, 397, 244, 446, 82, 149, 318, 135, 510, 289, 407, 148, 223, 184, 247, 256, 190, 377, 171, 267, 473, 92, 3, 117, 104, 90, 290, 330, 30, 94, 32, 450, 370, 205, 415, 261, 144, 453, 100, 192, 24, 472, 413, 326, 391, 103, 226, 509, 314, 99, 310, 187, 332, 430, 242, 371, 408, 202, 339, 121, 366, 69, 279, 61, 474, 365, 218, 207, 432, 33, 270, 2, 152, 435, 246, 204, 217, 41, 6, 296, 368, 29, 455, 308, 412, 155, 300, 166, 124, 221, 499, 134, 95, 381, 97, 468, 511, 47, 114, 508, 86, 337, 346, 79, 164, 245, 17, 196, 334, 131, 168, 248, 481, 167, 43, 206, 340, 213, 112, 142, 183, 299, 382, 421, 507, 505, 457, 64, 268, 55, 498, 425, 175, 157, 351, 127, 107, 11, 423, 4, 306, 428, 214, 440, 443, 42, 222, 215, 173]","[326, 376, 299, 160, 425, 356, 465, 85, 60, 311, 494, 384, 272, 505, 110, 424, 240, 134, 295, 96, 322, 414, 396, 136, 9, 53, 372, 186, 350, 293, 123, 50, 161, 141, 410, 195, 364, 506, 478, 296, 331, 168, 52, 78, 99, 27, 502, 20, 215, 10, 35, 461, 412, 255, 288, 305, 330, 435, 303, 144, 337, 477, 172, 18, 227, 182, 142, 241, 231, 199, 220, 321, 259, 289, 472, 501, 246, 244, 393, 148, 315, 434, 365, 34, 102, 385, 392, 395, 48, 256, 332, 422, 131, 234, 377, 113, 271, 74, 223, 333, 25, 154, 481, 250, 329, 23, 135, 439, 73, 363, 150, 418, 427, 339, 454, 158, 38, 105, 359, 353, 310, 208, 415, 297, 343, 499, 116, 358, 444, 457, 219, 484, 36, 190, 507, 493, 382, 32, 471, 230, 370, 267, 151, 373, 201, 266, 318, 314, 31, 118, 369, 442, 87, 388, 354, 107, 29, 181, 381, 91, 257, 485, 304, 42, 319, 449, 346, 19, 125, 302, 452, 72, 101, 137, 75, 262, 327, 30, 421, 5, 357, 86, 54, 111, 196, 325, 126, 47, 419, 51, 189, 69, 76, 362, 284, 217, 349, 324, 22, 26, 261, 212, 152, 173, 413, 140, 130, 394, 320, 462, 77, 347, 16, 119, 253, 170, 348, 300, 287, 229, 258, 508, 405, 367, 49, 171, 41, 275, 100, 46, 183, 243, 159, 98, 21, 456, 490, 406, 298, 286, 108, 510, 469, 448, 280, 66, 429, 225, 482, 248, 93, 43, 335, 468, 403, 237]","[19, 29, 30, 31, 32, 34, 36, 41, 42, 43, 47, 51, 53, 69, 74, 77, 78, 86, 96, 99, 100, 107, 113, 118, 119, 126, 130, 131, 134, 135, 137, 142, 144, 148, 152, 168, 170, 171, 173, 183, 186, 190, 196, 208, 212, 215, 217, 220, 223, 237, 241, 244, 246, 248, 256, 257, 258, 261, 267, 280, 288, 289, 296, 297, 298, 299, 300, 310, 314, 318, 319, 320, 322, 324, 326, 330, 331, 332, 337, 339, 343, 346, 365, 367, 370, 377, 381, 382, 392, 406, 412, 413, 415, 421, 422, 424, 425, 427, 429, 435, 449, 456, 457, 462, 468, 469, 471, 472, 481, 493, 494, 499, 502, 505, 507, 508, 510]"
75,"[315, 110, 154, 132, 498, 416, 454, 133, 153, 182, 212, 358, 129, 30, 329, 347, 423, 276, 391, 169, 255, 444, 469, 17, 270, 22, 302, 158, 57, 495, 419, 400, 157, 427, 229, 59, 120, 233, 94, 263, 296, 362, 267, 19, 310, 324, 86, 156, 241, 378, 173, 215, 194, 494, 325, 408, 508, 394, 166, 136, 450, 175, 66, 365, 475, 305, 287, 77, 330, 37, 187, 399, 111, 179, 388, 308, 56, 368, 485, 437, 425, 185, 85, 327, 130, 170, 5, 93, 318, 95, 355, 314, 488, 334, 369, 505, 266, 34, 49, 443, 20, 115, 63, 11, 125, 75, 449, 10, 272, 430, 25, 371, 135, 244, 88, 377, 70, 213, 285, 254, 354, 8, 2, 364, 46, 226, 436, 190, 414, 253, 319, 390, 455, 180, 370, 433, 242, 155, 104, 87, 251, 420, 360, 366, 312, 90, 142, 201, 228, 448, 137, 192, 483, 478, 149, 235, 256, 320, 3, 225, 107, 126, 313, 442, 342, 65, 271, 38, 434, 0, 9, 300, 384, 323, 422, 31, 204, 205, 361, 328, 207, 404, 71, 293, 4, 92, 306, 232, 199, 409, 124, 186, 53, 200, 116, 195, 393, 145, 98, 335, 395, 345, 380, 480, 278, 421, 321, 74, 174, 181, 428, 489, 381, 269, 245, 171, 23, 42, 441, 481, 463, 219, 164, 268, 168, 147, 198, 504, 468, 372, 238, 210, 183, 80, 397, 250, 286, 511, 363, 58, 50, 500, 36, 297, 349, 440, 280, 506, 202, 152, 222, 35, 247, 108, 265, 389]","[191, 473, 121, 363, 147, 237, 235, 390, 311, 225, 158, 402, 129, 479, 41, 485, 168, 415, 430, 59, 306, 416, 74, 379, 145, 211, 217, 495, 99, 295, 97, 446, 487, 100, 476, 474, 36, 488, 2, 339, 159, 494, 10, 169, 302, 361, 356, 284, 46, 115, 393, 205, 441, 332, 378, 329, 493, 213, 438, 478, 132, 11, 343, 176, 511, 236, 450, 482, 381, 288, 193, 175, 130, 354, 380, 56, 34, 80, 301, 262, 263, 103, 42, 326, 29, 325, 422, 53, 23, 463, 98, 143, 174, 155, 254, 467, 257, 177, 92, 377, 77, 286, 342, 462, 271, 457, 65, 232, 71, 108, 420, 276, 27, 451, 102, 128, 255, 348, 268, 52, 50, 312, 33, 261, 459, 234, 496, 152, 83, 323, 353, 119, 183, 317, 491, 503, 365, 231, 142, 270, 442, 192, 472, 405, 17, 429, 200, 256, 238, 392, 166, 283, 66, 304, 133, 274, 267, 341, 185, 461, 456, 161, 109, 367, 470, 13, 319, 444, 88, 222, 383, 190, 464, 165, 382, 266, 400, 475, 445, 425, 324, 91, 154, 113, 215, 435, 432, 414, 101, 32, 399, 117, 290, 423, 510, 404, 251, 194, 293, 278, 439, 25, 120, 150, 352, 44, 106, 328, 282, 408, 212, 35, 167, 506, 337, 93, 4, 30, 209, 484, 447, 489, 424, 242, 349, 318, 259, 18, 347, 48, 322, 79, 47, 294, 252, 320, 386, 61, 297, 384, 149, 49, 9, 368, 22, 3, 331, 171, 127, 507, 78, 189, 265, 336, 122, 374]","[2, 3, 4, 9, 10, 11, 17, 22, 23, 25, 30, 34, 35, 36, 42, 46, 49, 50, 53, 56, 59, 65, 66, 71, 74, 77, 80, 88, 92, 93, 98, 108, 115, 120, 129, 130, 132, 133, 142, 145, 147, 149, 152, 154, 155, 158, 166, 168, 169, 171, 174, 175, 183, 185, 190, 192, 194, 200, 205, 212, 213, 215, 222, 225, 232, 235, 238, 242, 251, 254, 255, 256, 263, 265, 266, 267, 268, 270, 271, 276, 278, 286, 293, 297, 302, 306, 312, 318, 319, 320, 323, 324, 325, 328, 329, 342, 347, 349, 354, 361, 363, 365, 368, 377, 378, 380, 381, 384, 390, 393, 399, 400, 404, 408, 414, 416, 420, 422, 423, 425, 430, 441, 442, 444, 450, 463, 475, 478, 485, 488, 489, 494, 495, 506, 511]"
76,"[126, 81, 415, 59, 163, 261, 169, 223, 55, 313, 85, 286, 260, 489, 433, 93, 344, 498, 91, 37, 63, 31, 377, 492, 336, 211, 196, 439, 367, 116, 511, 376, 370, 355, 369, 20, 441, 71, 349, 75, 341, 360, 406, 354, 194, 64, 237, 34, 231, 312, 425, 432, 272, 3, 117, 60, 501, 174, 235, 405, 277, 252, 363, 353, 464, 291, 222, 285, 22, 113, 15, 358, 176, 52, 23, 47, 418, 242, 295, 205, 134, 438, 45, 170, 416, 445, 5, 77, 248, 505, 265, 391, 92, 76, 238, 57, 159, 200, 386, 443, 11, 25, 417, 481, 262, 474, 240, 142, 510, 128, 375, 294, 396, 68, 214, 361, 497, 241, 101, 259, 12, 164, 38, 98, 165, 30, 70, 339, 217, 419, 58, 310, 282, 403, 36, 141, 256, 374, 155, 140, 150, 6, 73, 108, 220, 188, 338, 408, 290, 273, 460, 404, 99, 135, 372, 503, 387, 328, 26, 483, 421, 324, 207, 82, 318, 125, 158, 179, 88, 320, 13, 281, 145, 452, 499, 494, 437, 401, 400, 249, 226, 491, 330, 461, 187, 156, 440, 246, 167, 334, 115, 79, 266, 311, 462, 314, 89, 44, 426, 17, 53, 110, 87, 210, 144, 395, 413, 95, 271, 232, 471, 482, 54, 466, 449, 390, 337, 458, 247, 119, 342, 161, 362, 506, 414, 502, 234, 278, 435, 394, 423, 4, 279, 233, 65, 195, 175, 172, 485, 346, 94, 72, 468, 74, 429, 124, 197, 56, 50, 14, 61, 332, 19, 465, 43, 398]","[9, 64, 32, 184, 284, 163, 398, 168, 373, 340, 234, 191, 141, 332, 40, 76, 177, 505, 196, 19, 363, 444, 267, 329, 468, 97, 364, 454, 507, 161, 107, 394, 333, 39, 140, 465, 429, 237, 298, 346, 441, 4, 22, 221, 229, 202, 254, 362, 432, 28, 494, 486, 479, 67, 334, 90, 451, 422, 236, 447, 152, 136, 296, 132, 35, 102, 109, 160, 369, 226, 469, 497, 440, 495, 120, 446, 315, 348, 30, 204, 123, 319, 162, 304, 352, 338, 387, 225, 34, 266, 241, 149, 8, 242, 251, 165, 351, 172, 474, 476, 227, 482, 428, 72, 173, 492, 0, 233, 280, 133, 419, 58, 265, 484, 7, 427, 405, 178, 357, 56, 327, 477, 318, 470, 404, 292, 371, 73, 499, 344, 21, 407, 450, 489, 416, 467, 264, 205, 139, 393, 395, 385, 275, 358, 230, 117, 270, 213, 93, 490, 343, 113, 328, 75, 372, 104, 11, 375, 208, 187, 153, 17, 246, 240, 68, 475, 294, 503, 391, 197, 201, 466, 171, 247, 458, 154, 174, 70, 283, 85, 80, 124, 374, 286, 273, 287, 330, 61, 59, 285, 433, 456, 268, 166, 491, 274, 341, 199, 126, 290, 245, 84, 50, 256, 408, 383, 110, 368, 207, 66, 83, 151, 278, 282, 487, 406, 336, 331, 223, 360, 31, 431, 257, 119, 232, 203, 483, 300, 217, 150, 52, 243, 434, 442, 321, 195, 310, 496, 295, 452, 183, 409, 438, 463, 464, 24, 79, 423, 309, 146, 461, 129, 397, 414, 400, 293]","[4, 11, 17, 19, 22, 30, 31, 34, 50, 52, 56, 58, 59, 61, 64, 68, 70, 72, 73, 75, 76, 79, 85, 93, 110, 113, 117, 119, 124, 126, 140, 141, 150, 161, 163, 165, 172, 174, 187, 195, 196, 197, 205, 207, 217, 223, 226, 232, 233, 234, 237, 240, 241, 242, 246, 247, 256, 265, 266, 273, 278, 282, 285, 286, 290, 294, 295, 310, 318, 328, 330, 332, 334, 336, 338, 341, 344, 346, 358, 360, 362, 363, 369, 372, 374, 375, 387, 391, 394, 395, 398, 400, 404, 405, 406, 408, 414, 416, 419, 423, 429, 432, 433, 438, 440, 441, 452, 458, 461, 464, 465, 466, 468, 474, 482, 483, 489, 491, 492, 494, 497, 499, 503, 505]"
77,"[133, 45, 331, 132, 160, 91, 82, 66, 320, 241, 35, 261, 503, 41, 473, 294, 223, 65, 250, 379, 102, 313, 58, 146, 497, 353, 190, 88, 445, 253, 265, 208, 145, 419, 281, 300, 322, 400, 375, 288, 397, 153, 477, 130, 195, 335, 276, 327, 329, 69, 237, 134, 464, 364, 437, 247, 454, 81, 154, 372, 388, 450, 472, 248, 490, 489, 352, 307, 242, 382, 507, 391, 249, 166, 150, 239, 269, 417, 337, 441, 277, 312, 244, 387, 23, 232, 100, 182, 177, 152, 298, 157, 488, 360, 380, 442, 227, 175, 125, 205, 105, 143, 95, 172, 305, 170, 296, 403, 33, 385, 3, 141, 273, 323, 316, 197, 155, 338, 339, 163, 123, 325, 203, 314, 191, 14, 124, 438, 93, 161, 332, 342, 347, 285, 243, 334, 107, 42, 12, 29, 289, 164, 448, 38, 415, 310, 178, 13, 210, 140, 0, 366, 189, 432, 318, 246, 357, 263, 147, 159, 304, 113, 377, 423, 392, 447, 436, 21, 120, 414, 101, 179, 386, 469, 394, 151, 110, 389, 411, 60, 233, 341, 333, 420, 174, 24, 340, 162, 495, 444, 374, 459, 193, 78, 128, 204, 158, 433, 184, 231, 47, 116, 443, 49, 465, 79, 350, 87, 399, 20, 274, 348, 4, 373, 64, 455, 240, 192, 28, 131, 126, 258, 500, 363, 80, 198, 405, 326, 262, 451, 201, 207, 370, 308, 74, 92, 169, 90, 257, 463, 509, 502, 18, 194, 26, 61, 501, 426, 43, 236, 86, 343, 319, 449, 77, 418]","[451, 50, 499, 166, 148, 104, 255, 243, 262, 207, 91, 138, 380, 398, 4, 407, 445, 54, 386, 116, 478, 174, 318, 381, 477, 45, 422, 500, 337, 158, 82, 160, 364, 122, 221, 488, 90, 484, 141, 408, 167, 26, 406, 415, 163, 274, 64, 458, 156, 171, 435, 212, 202, 178, 467, 244, 367, 230, 377, 421, 420, 239, 504, 52, 248, 129, 250, 506, 268, 411, 496, 374, 219, 86, 206, 321, 149, 205, 103, 275, 56, 6, 113, 184, 507, 291, 434, 169, 28, 80, 24, 260, 209, 325, 193, 490, 279, 350, 425, 372, 306, 84, 224, 242, 505, 412, 142, 144, 319, 267, 190, 481, 5, 508, 11, 410, 187, 444, 300, 304, 20, 502, 285, 494, 46, 394, 10, 73, 30, 438, 117, 387, 454, 448, 329, 55, 44, 328, 96, 309, 21, 487, 284, 457, 23, 366, 276, 401, 155, 333, 12, 281, 42, 2, 127, 492, 173, 320, 78, 347, 399, 385, 447, 37, 493, 379, 25, 1, 151, 270, 181, 246, 139, 67, 3, 249, 189, 170, 491, 203, 185, 416, 382, 161, 95, 446, 501, 392, 266, 419, 29, 120, 356, 418, 384, 498, 106, 259, 182, 131, 74, 353, 450, 459, 362, 423, 68, 216, 100, 247, 258, 389, 468, 336, 470, 298, 220, 147, 443, 441, 111, 15, 254, 75, 437, 92, 76, 288, 361, 402, 460, 375, 63, 35, 348, 439, 251, 33, 338, 474, 245, 510, 397, 0, 287, 359, 165, 253, 263, 227, 429, 71, 180, 177, 358, 354]","[0, 3, 4, 12, 20, 21, 23, 24, 26, 28, 29, 33, 35, 42, 45, 64, 74, 78, 80, 82, 86, 90, 91, 92, 95, 100, 113, 116, 120, 131, 141, 147, 151, 155, 158, 160, 161, 163, 166, 169, 170, 174, 177, 178, 182, 184, 189, 190, 193, 203, 205, 207, 227, 239, 242, 243, 244, 246, 247, 248, 249, 250, 253, 258, 262, 263, 274, 276, 281, 285, 288, 298, 300, 304, 318, 319, 320, 325, 329, 333, 337, 338, 347, 348, 350, 353, 364, 366, 372, 374, 375, 377, 379, 380, 382, 385, 386, 387, 389, 392, 394, 397, 399, 411, 415, 418, 419, 420, 423, 437, 438, 441, 443, 444, 445, 447, 448, 450, 451, 454, 459, 477, 488, 490, 500, 501, 502, 507]"
78,"[478, 270, 509, 387, 135, 116, 459, 98, 425, 208, 449, 27, 441, 386, 341, 471, 24, 145, 307, 86, 479, 233, 311, 296, 54, 115, 18, 97, 129, 75, 388, 220, 322, 170, 240, 377, 43, 505, 5, 96, 194, 420, 227, 23, 477, 262, 25, 337, 225, 218, 49, 148, 325, 406, 467, 189, 483, 401, 126, 309, 304, 125, 289, 361, 366, 52, 457, 445, 89, 474, 380, 269, 111, 183, 176, 121, 356, 279, 344, 416, 312, 171, 472, 72, 110, 451, 499, 460, 118, 435, 303, 142, 427, 291, 273, 455, 464, 245, 437, 398, 491, 213, 453, 192, 9, 123, 201, 316, 275, 399, 508, 395, 417, 496, 302, 163, 384, 7, 1, 13, 374, 84, 251, 31, 423, 122, 104, 92, 147, 403, 113, 190, 4, 349, 186, 376, 298, 62, 378, 340, 112, 429, 76, 397, 205, 106, 16, 226, 336, 181, 131, 207, 42, 114, 188, 140, 137, 10, 348, 164, 154, 105, 295, 339, 430, 326, 493, 469, 216, 329, 448, 37, 39, 314, 26, 109, 241, 248, 393, 144, 157, 67, 428, 323, 271, 175, 368, 197, 45, 481, 100, 247, 452, 82, 117, 258, 141, 254, 454, 498, 317, 260, 494, 363, 283, 34, 355, 485, 282, 235, 305, 308, 182, 63, 219, 90, 442, 15, 450, 482, 458, 35, 230, 211, 11, 389, 332, 492, 161, 41, 2, 506, 127, 191, 267, 19, 400, 246, 206, 40, 364, 87, 276, 504, 300, 128, 217, 252, 480, 257, 319, 47, 434, 150, 315, 44]","[483, 157, 52, 174, 248, 148, 348, 339, 17, 196, 319, 321, 435, 362, 238, 28, 357, 476, 72, 268, 152, 74, 420, 190, 69, 490, 168, 323, 273, 419, 39, 392, 299, 182, 106, 399, 342, 437, 300, 409, 498, 335, 373, 122, 303, 32, 204, 93, 254, 94, 206, 27, 266, 450, 314, 59, 76, 421, 295, 368, 107, 225, 161, 353, 146, 279, 423, 302, 166, 459, 63, 497, 36, 484, 292, 239, 213, 296, 313, 11, 10, 58, 101, 187, 394, 235, 18, 199, 415, 355, 439, 281, 156, 395, 210, 62, 360, 184, 45, 256, 4, 291, 15, 389, 265, 465, 96, 477, 386, 328, 382, 400, 150, 408, 163, 511, 137, 1, 407, 334, 112, 338, 455, 352, 374, 503, 461, 406, 201, 176, 510, 197, 363, 138, 259, 188, 482, 232, 336, 169, 181, 444, 189, 100, 86, 371, 12, 208, 479, 211, 412, 344, 42, 167, 136, 388, 464, 440, 221, 68, 298, 337, 501, 214, 115, 249, 257, 178, 186, 349, 79, 491, 202, 404, 315, 509, 354, 144, 288, 70, 287, 47, 244, 304, 369, 370, 108, 260, 135, 468, 134, 64, 434, 149, 231, 289, 170, 223, 53, 65, 19, 14, 324, 375, 44, 397, 410, 73, 104, 48, 125, 475, 22, 113, 83, 141, 402, 454, 124, 132, 307, 30, 229, 121, 456, 23, 398, 245, 443, 396, 413, 359, 332, 236, 487, 393, 192, 242, 203, 380, 356, 2, 350, 89, 494, 180, 471, 414, 116, 258, 9, 71, 67, 418, 191, 430]","[1, 2, 4, 9, 10, 11, 15, 18, 19, 23, 27, 39, 42, 44, 45, 47, 52, 62, 63, 67, 72, 76, 86, 89, 96, 100, 104, 106, 112, 113, 115, 116, 121, 122, 125, 135, 137, 141, 144, 148, 150, 157, 161, 163, 170, 176, 181, 182, 186, 188, 189, 190, 191, 192, 197, 201, 206, 208, 211, 213, 225, 235, 245, 248, 254, 257, 258, 260, 273, 279, 289, 291, 295, 296, 298, 300, 302, 303, 304, 307, 314, 315, 319, 323, 332, 336, 337, 339, 344, 348, 349, 355, 356, 363, 368, 374, 380, 386, 388, 389, 393, 395, 397, 398, 399, 400, 406, 420, 423, 430, 434, 435, 437, 450, 454, 455, 459, 464, 471, 477, 479, 482, 483, 491, 494, 498, 509]"
79,"[114, 457, 59, 130, 448, 333, 126, 308, 322, 412, 144, 156, 131, 30, 116, 463, 434, 332, 7, 388, 188, 474, 240, 234, 314, 370, 247, 24, 65, 355, 118, 250, 511, 377, 323, 386, 339, 268, 141, 425, 293, 273, 297, 492, 90, 197, 508, 43, 115, 40, 32, 231, 14, 212, 276, 334, 302, 241, 291, 393, 264, 136, 67, 260, 389, 407, 331, 396, 52, 83, 97, 405, 82, 41, 455, 321, 395, 160, 6, 346, 122, 330, 53, 422, 269, 369, 383, 45, 75, 222, 255, 254, 387, 418, 281, 202, 359, 120, 180, 174, 303, 408, 312, 210, 366, 271, 181, 117, 155, 336, 348, 384, 381, 311, 277, 373, 200, 16, 454, 35, 56, 259, 266, 461, 298, 320, 235, 48, 401, 223, 324, 403, 443, 487, 195, 15, 483, 402, 87, 299, 60, 464, 272, 501, 379, 92, 100, 453, 410, 224, 286, 125, 285, 350, 105, 424, 203, 113, 249, 305, 506, 163, 349, 356, 132, 102, 49, 127, 478, 243, 417, 431, 446, 55, 460, 440, 480, 364, 335, 185, 161, 488, 2, 442, 452, 449, 344, 26, 162, 316, 237, 499, 378, 374, 486, 225, 372, 375, 282, 382, 110, 347, 88, 258, 289, 207, 139, 77, 12, 376, 218, 484, 245, 221, 414, 267, 445, 18, 465, 406, 426, 213, 242, 399, 79, 190, 168, 429, 173, 238, 292, 494, 211, 284, 343, 337, 109, 153, 404, 33, 20, 187, 361, 451, 128, 89, 46, 71, 468, 360, 228, 338, 500, 275, 151, 479]","[94, 80, 268, 153, 174, 284, 369, 165, 410, 7, 2, 120, 100, 144, 67, 62, 138, 220, 448, 290, 285, 449, 159, 441, 244, 118, 16, 423, 179, 155, 265, 456, 335, 97, 282, 341, 503, 397, 235, 256, 297, 14, 378, 254, 48, 102, 171, 221, 31, 164, 123, 296, 453, 38, 37, 115, 509, 257, 85, 404, 180, 214, 342, 132, 276, 506, 321, 267, 501, 478, 248, 473, 175, 332, 480, 333, 205, 239, 357, 375, 236, 273, 463, 393, 45, 412, 86, 73, 250, 44, 142, 139, 194, 414, 57, 461, 66, 58, 172, 459, 76, 177, 216, 405, 452, 3, 368, 298, 376, 113, 322, 387, 225, 279, 311, 360, 122, 271, 497, 447, 458, 50, 17, 64, 427, 391, 487, 252, 430, 39, 60, 474, 498, 134, 326, 400, 18, 26, 477, 323, 186, 43, 424, 483, 258, 176, 51, 253, 238, 472, 442, 166, 243, 259, 101, 56, 293, 408, 485, 510, 156, 55, 494, 233, 413, 348, 409, 98, 392, 89, 46, 340, 81, 154, 140, 417, 88, 65, 353, 302, 104, 223, 20, 23, 511, 502, 206, 419, 469, 234, 395, 317, 466, 421, 364, 32, 440, 192, 242, 262, 343, 352, 264, 431, 224, 277, 464, 74, 181, 189, 465, 288, 468, 370, 59, 328, 187, 145, 329, 504, 399, 358, 246, 91, 269, 117, 183, 128, 106, 204, 496, 507, 151, 380, 455, 490, 420, 215, 270, 318, 82, 331, 108, 148, 283, 170, 377, 182, 444, 416, 415, 429, 319, 309, 147, 29]","[2, 7, 14, 16, 18, 20, 26, 32, 43, 45, 46, 48, 55, 56, 59, 60, 65, 67, 82, 88, 89, 97, 100, 102, 113, 115, 117, 118, 120, 122, 128, 132, 139, 144, 151, 153, 155, 156, 174, 180, 181, 187, 221, 223, 224, 225, 234, 235, 238, 242, 243, 250, 254, 258, 259, 264, 267, 268, 269, 271, 273, 276, 277, 282, 284, 285, 293, 297, 298, 302, 311, 321, 322, 323, 331, 332, 333, 335, 343, 348, 360, 364, 369, 370, 375, 376, 377, 378, 387, 393, 395, 399, 404, 405, 408, 410, 412, 414, 417, 424, 429, 431, 440, 442, 448, 449, 452, 453, 455, 461, 463, 464, 465, 468, 474, 478, 480, 483, 487, 494, 501, 506, 511]"
80,"[453, 95, 287, 273, 142, 503, 70, 108, 471, 3, 444, 246, 474, 126, 430, 463, 447, 11, 190, 236, 49, 8, 301, 197, 150, 309, 278, 307, 27, 410, 201, 438, 437, 302, 23, 473, 164, 403, 333, 243, 267, 392, 185, 109, 316, 225, 34, 195, 180, 502, 383, 67, 71, 327, 228, 209, 380, 454, 493, 5, 381, 192, 193, 211, 51, 286, 393, 210, 483, 75, 405, 376, 319, 216, 134, 336, 440, 92, 57, 414, 359, 291, 394, 339, 288, 196, 505, 508, 107, 73, 128, 154, 167, 342, 18, 178, 263, 213, 158, 175, 401, 21, 283, 436, 355, 466, 12, 42, 208, 174, 264, 370, 396, 452, 191, 258, 234, 145, 297, 371, 94, 411, 373, 484, 450, 413, 215, 349, 431, 104, 10, 294, 90, 98, 88, 203, 118, 40, 489, 138, 123, 157, 367, 202, 127, 165, 43, 507, 374, 25, 429, 231, 346, 354, 61, 9, 382, 509, 172, 404, 250, 334, 114, 56, 2, 477, 238, 99, 59, 222, 166, 55, 293, 322, 87, 425, 300, 207, 269, 303, 479, 388, 252, 189, 1, 386, 451, 182, 399, 470, 387, 177, 351, 428, 506, 458, 96, 79, 282, 389, 183, 284, 168, 110, 329, 260, 289, 379, 510, 76, 14, 39, 102, 240, 32, 187, 285, 272, 241, 501, 129, 499, 64, 372, 101, 442, 262, 313, 159, 498, 467, 324, 22, 465, 31, 81, 486, 116, 82, 321, 361, 292, 224, 237, 217, 47, 347, 220, 132, 68, 148, 432, 83, 422, 63, 335]","[252, 439, 409, 260, 8, 259, 340, 459, 272, 162, 288, 438, 406, 185, 115, 36, 177, 88, 450, 275, 24, 145, 131, 209, 270, 93, 303, 497, 78, 160, 314, 238, 269, 464, 257, 500, 392, 158, 212, 103, 492, 365, 356, 153, 339, 61, 349, 222, 460, 180, 322, 1, 231, 255, 319, 227, 328, 82, 354, 26, 402, 41, 282, 74, 12, 210, 71, 150, 250, 486, 83, 228, 75, 65, 276, 229, 102, 417, 197, 358, 58, 405, 338, 11, 73, 477, 79, 508, 181, 384, 142, 166, 453, 204, 433, 370, 15, 146, 62, 304, 334, 243, 235, 399, 397, 490, 345, 218, 220, 44, 385, 20, 389, 491, 364, 295, 366, 273, 418, 394, 290, 120, 25, 493, 225, 193, 190, 321, 253, 156, 112, 155, 264, 509, 305, 292, 171, 414, 217, 106, 382, 127, 100, 89, 422, 325, 380, 419, 22, 457, 448, 283, 342, 415, 135, 360, 494, 444, 379, 265, 452, 247, 469, 510, 429, 85, 216, 281, 300, 261, 424, 46, 151, 503, 291, 141, 463, 69, 149, 412, 94, 398, 249, 443, 169, 407, 341, 390, 472, 254, 63, 377, 287, 487, 442, 196, 408, 172, 274, 175, 116, 483, 163, 122, 368, 37, 92, 431, 64, 194, 476, 99, 436, 475, 421, 125, 18, 302, 134, 511, 381, 68, 144, 27, 348, 428, 352, 312, 98, 178, 211, 50, 267, 110, 461, 107, 330, 293, 410, 119, 263, 203, 505, 240, 0, 167, 297, 466, 32, 6, 350, 383, 474, 391, 51, 174]","[1, 8, 11, 12, 18, 22, 25, 27, 32, 51, 61, 63, 64, 68, 71, 73, 75, 79, 82, 83, 88, 92, 94, 98, 99, 102, 107, 110, 116, 127, 134, 142, 145, 150, 158, 166, 167, 172, 174, 175, 177, 178, 180, 185, 190, 193, 196, 197, 203, 209, 210, 211, 216, 217, 220, 222, 225, 228, 231, 238, 240, 243, 250, 252, 260, 263, 264, 267, 269, 272, 273, 282, 283, 287, 288, 291, 292, 293, 297, 300, 302, 303, 319, 321, 322, 334, 339, 342, 349, 354, 370, 379, 380, 381, 382, 383, 389, 392, 394, 399, 405, 410, 414, 422, 428, 429, 431, 436, 438, 442, 444, 450, 452, 453, 463, 466, 474, 477, 483, 486, 493, 503, 505, 508, 509, 510]"
81,"[503, 387, 166, 143, 272, 135, 39, 482, 428, 128, 7, 415, 52, 60, 309, 488, 477, 375, 365, 360, 148, 466, 41, 18, 202, 212, 62, 370, 192, 11, 55, 412, 480, 286, 163, 339, 204, 383, 429, 462, 21, 419, 169, 506, 64, 12, 155, 417, 287, 362, 351, 164, 354, 403, 475, 13, 146, 35, 467, 98, 342, 95, 196, 218, 404, 501, 107, 495, 103, 490, 48, 511, 221, 346, 2, 510, 20, 369, 363, 105, 242, 423, 330, 505, 425, 249, 243, 43, 384, 460, 333, 167, 111, 494, 183, 444, 101, 479, 30, 473, 261, 36, 353, 200, 303, 331, 441, 458, 224, 262, 162, 337, 299, 433, 109, 358, 276, 379, 424, 147, 42, 390, 278, 153, 256, 227, 366, 457, 426, 317, 89, 324, 136, 269, 340, 84, 326, 434, 40, 178, 245, 226, 114, 411, 216, 69, 44, 49, 427, 106, 381, 385, 187, 308, 130, 47, 241, 235, 306, 252, 51, 452, 80, 127, 347, 25, 461, 344, 439, 9, 310, 83, 236, 484, 313, 58, 254, 500, 329, 322, 273, 396, 343, 27, 71, 191, 447, 492, 437, 282, 121, 420, 97, 232, 509, 380, 247, 66, 292, 110, 507, 382, 194, 301, 70, 332, 23, 150, 140, 17, 209, 208, 402, 486, 368, 225, 72, 195, 203, 311, 207, 74, 471, 305, 481, 302, 464, 165, 198, 410, 34, 38, 229, 469, 258, 206, 468, 388, 174, 455, 233, 10, 67, 152, 266, 53, 112, 141, 408, 400, 378, 173, 288, 4, 318, 149]","[501, 327, 356, 383, 413, 285, 172, 106, 132, 421, 263, 74, 425, 135, 64, 508, 371, 498, 358, 321, 462, 73, 300, 395, 173, 114, 205, 174, 284, 241, 230, 21, 281, 283, 306, 453, 467, 482, 180, 510, 458, 445, 88, 244, 1, 49, 397, 392, 219, 181, 270, 111, 45, 444, 282, 384, 188, 82, 168, 202, 124, 491, 509, 134, 398, 240, 235, 474, 351, 197, 137, 108, 410, 177, 145, 478, 133, 84, 55, 506, 232, 451, 390, 338, 105, 287, 429, 345, 507, 268, 412, 175, 97, 322, 262, 17, 242, 138, 502, 0, 56, 208, 31, 170, 39, 87, 365, 8, 387, 297, 25, 149, 391, 102, 37, 220, 192, 349, 109, 350, 35, 136, 416, 182, 439, 29, 51, 364, 437, 463, 94, 224, 22, 443, 54, 95, 78, 449, 431, 186, 189, 148, 185, 68, 9, 250, 343, 438, 255, 14, 293, 469, 265, 46, 346, 369, 310, 301, 375, 101, 402, 461, 215, 6, 407, 62, 30, 107, 99, 423, 80, 163, 503, 96, 18, 432, 58, 291, 266, 319, 490, 450, 234, 79, 488, 125, 44, 93, 28, 223, 229, 276, 457, 36, 316, 252, 200, 7, 76, 24, 415, 196, 504, 156, 342, 147, 85, 312, 372, 473, 414, 20, 382, 184, 113, 448, 315, 368, 63, 34, 336, 231, 389, 299, 15, 193, 352, 139, 10, 59, 464, 309, 454, 142, 32, 331, 471, 403, 359, 456, 466, 511, 123, 422, 190, 435, 158, 344, 313, 221, 440, 401, 394, 294, 4, 275]","[4, 7, 9, 10, 17, 18, 20, 21, 25, 30, 34, 35, 36, 39, 44, 49, 51, 55, 58, 62, 64, 74, 80, 84, 95, 97, 101, 105, 106, 107, 109, 111, 114, 135, 136, 147, 148, 149, 163, 173, 174, 192, 196, 200, 202, 208, 221, 224, 229, 232, 235, 241, 242, 252, 262, 266, 276, 282, 287, 299, 301, 306, 309, 310, 313, 322, 331, 342, 343, 344, 346, 351, 358, 365, 368, 369, 375, 382, 383, 384, 387, 390, 402, 403, 410, 412, 415, 423, 425, 429, 437, 439, 444, 457, 458, 461, 462, 464, 466, 467, 469, 471, 473, 482, 488, 490, 501, 503, 506, 507, 509, 510, 511]"
82,"[151, 451, 368, 63, 511, 321, 240, 380, 193, 59, 22, 191, 77, 119, 490, 444, 252, 253, 345, 442, 438, 53, 115, 318, 44, 431, 338, 483, 307, 367, 24, 104, 448, 347, 485, 37, 68, 453, 500, 249, 305, 179, 188, 242, 217, 378, 476, 184, 100, 165, 460, 205, 106, 286, 458, 403, 79, 83, 158, 180, 160, 435, 7, 94, 255, 297, 200, 424, 493, 130, 482, 102, 495, 8, 88, 371, 173, 154, 489, 140, 266, 237, 303, 459, 278, 267, 441, 167, 317, 82, 116, 276, 401, 322, 498, 198, 186, 306, 418, 497, 372, 492, 178, 103, 386, 264, 143, 3, 244, 392, 270, 195, 446, 196, 279, 101, 440, 289, 293, 222, 296, 312, 245, 475, 85, 206, 89, 332, 48, 340, 150, 478, 36, 311, 224, 464, 337, 263, 361, 488, 271, 502, 298, 294, 171, 172, 423, 374, 259, 21, 281, 145, 429, 148, 84, 384, 285, 146, 141, 415, 275, 499, 284, 359, 46, 341, 472, 147, 379, 6, 27, 355, 375, 72, 504, 469, 227, 330, 127, 232, 350, 329, 12, 256, 370, 114, 409, 507, 258, 315, 86, 411, 31, 125, 23, 201, 35, 220, 320, 92, 185, 213, 405, 128, 290, 410, 395, 221, 302, 30, 133, 274, 54, 192, 246, 11, 34, 107, 174, 465, 393, 360, 17, 52, 257, 334, 273, 333, 33, 32, 129, 14, 66, 75, 462, 419, 390, 93, 319, 215, 18, 135, 58, 236, 481, 402, 5, 111, 452, 134, 13, 243, 427, 480, 64, 349]","[189, 470, 489, 466, 499, 446, 436, 363, 401, 440, 160, 271, 129, 232, 511, 242, 92, 128, 106, 169, 409, 268, 33, 95, 318, 51, 496, 86, 172, 439, 60, 388, 421, 279, 347, 141, 424, 461, 123, 412, 0, 217, 192, 93, 364, 220, 462, 299, 200, 259, 134, 149, 74, 152, 313, 124, 171, 375, 389, 414, 501, 329, 62, 481, 308, 441, 293, 331, 416, 42, 8, 113, 355, 87, 312, 198, 6, 357, 59, 238, 429, 338, 422, 84, 186, 73, 137, 155, 463, 336, 89, 450, 303, 339, 379, 359, 52, 159, 235, 301, 61, 130, 222, 46, 257, 94, 310, 484, 54, 430, 153, 289, 81, 491, 262, 102, 445, 19, 176, 374, 479, 365, 68, 37, 162, 508, 213, 10, 346, 181, 316, 292, 78, 72, 27, 1, 295, 227, 136, 382, 475, 280, 234, 282, 423, 22, 88, 483, 196, 233, 244, 488, 272, 147, 381, 325, 210, 442, 354, 510, 111, 225, 156, 71, 103, 203, 263, 326, 287, 127, 17, 332, 209, 455, 285, 251, 21, 324, 426, 387, 509, 107, 400, 207, 317, 247, 307, 118, 323, 334, 472, 204, 507, 304, 269, 467, 205, 290, 503, 390, 187, 48, 277, 131, 417, 41, 487, 236, 449, 174, 399, 97, 138, 385, 9, 45, 360, 396, 393, 201, 434, 50, 260, 110, 85, 214, 468, 77, 142, 109, 451, 377, 40, 252, 465, 182, 157, 278, 57, 248, 119, 23, 297, 341, 14, 486, 249, 237, 158, 148, 67, 99, 35, 125, 342, 302]","[6, 8, 14, 17, 21, 22, 23, 27, 33, 35, 37, 46, 48, 52, 54, 59, 68, 72, 77, 84, 85, 86, 88, 89, 92, 93, 94, 102, 103, 106, 107, 111, 119, 125, 127, 128, 129, 130, 134, 141, 147, 148, 158, 160, 171, 172, 174, 186, 192, 196, 198, 200, 201, 205, 213, 217, 220, 222, 227, 232, 236, 237, 242, 244, 249, 252, 257, 259, 263, 271, 278, 279, 285, 289, 290, 293, 297, 302, 303, 307, 312, 317, 318, 329, 332, 334, 338, 341, 347, 355, 359, 360, 374, 375, 379, 390, 393, 401, 409, 423, 424, 429, 440, 441, 442, 446, 451, 462, 465, 472, 475, 481, 483, 488, 489, 499, 507, 511]"
83,"[408, 419, 115, 374, 476, 23, 370, 143, 457, 501, 285, 88, 89, 336, 171, 61, 8, 44, 24, 146, 416, 2, 430, 12, 357, 30, 414, 468, 214, 491, 506, 333, 334, 399, 228, 349, 207, 368, 238, 407, 255, 217, 330, 316, 76, 182, 56, 472, 190, 97, 108, 366, 140, 367, 313, 401, 10, 406, 275, 258, 7, 353, 5, 181, 167, 122, 158, 49, 150, 250, 246, 486, 164, 310, 87, 415, 267, 13, 375, 92, 422, 234, 493, 405, 479, 75, 450, 236, 371, 119, 93, 343, 322, 4, 383, 451, 26, 432, 389, 137, 326, 1, 360, 433, 123, 342, 385, 82, 34, 113, 160, 447, 45, 43, 141, 373, 168, 155, 329, 260, 237, 172, 55, 216, 345, 327, 325, 222, 25, 109, 20, 133, 320, 157, 162, 127, 193, 312, 290, 17, 490, 296, 149, 241, 328, 68, 240, 304, 465, 210, 102, 22, 0, 413, 384, 220, 273, 80, 81, 62, 46, 409, 105, 226, 42, 48, 411, 194, 496, 402, 86, 292, 331, 179, 434, 91, 442, 466, 504, 9, 232, 404, 130, 233, 138, 201, 199, 129, 59, 277, 386, 32, 37, 221, 446, 145, 469, 249, 47, 449, 421, 460, 118, 387, 177, 187, 3, 121, 282, 208, 176, 341, 392, 215, 437, 335, 224, 302, 18, 229, 362, 281, 14, 36, 206, 100, 205, 148, 424, 156, 135, 251, 293, 254, 50, 117, 33, 161, 420, 319, 268, 462, 306, 244, 463, 269, 388, 295, 78, 489, 112, 202, 11, 323, 452, 200]","[397, 365, 478, 57, 281, 305, 238, 116, 157, 141, 399, 340, 405, 54, 142, 495, 262, 164, 379, 296, 326, 223, 303, 371, 437, 317, 146, 154, 505, 184, 114, 418, 307, 321, 105, 273, 468, 108, 396, 235, 483, 137, 150, 264, 288, 357, 322, 351, 383, 499, 476, 479, 316, 285, 202, 174, 482, 17, 378, 138, 372, 456, 333, 318, 218, 79, 477, 121, 439, 259, 10, 130, 195, 12, 191, 170, 500, 143, 199, 77, 80, 282, 60, 382, 470, 280, 16, 76, 406, 160, 474, 231, 117, 68, 298, 267, 208, 181, 122, 82, 173, 46, 91, 210, 432, 485, 63, 327, 70, 201, 480, 508, 341, 255, 253, 92, 61, 163, 230, 147, 278, 31, 417, 176, 408, 331, 97, 102, 189, 388, 30, 246, 133, 229, 95, 342, 66, 360, 421, 302, 367, 169, 64, 381, 234, 103, 215, 402, 498, 52, 416, 99, 228, 395, 78, 440, 431, 175, 460, 438, 469, 413, 489, 7, 272, 457, 123, 254, 312, 504, 109, 128, 420, 309, 414, 410, 315, 81, 257, 354, 261, 449, 343, 196, 352, 58, 276, 38, 37, 426, 227, 47, 20, 194, 71, 183, 314, 338, 100, 291, 35, 290, 363, 279, 283, 356, 325, 13, 90, 391, 159, 502, 23, 393, 467, 366, 243, 125, 263, 98, 509, 271, 270, 434, 310, 245, 53, 136, 442, 197, 459, 353, 287, 411, 510, 275, 436, 36, 256, 355, 49, 484, 455, 358, 344, 335, 320, 213, 206, 337, 471, 377, 18, 212, 88, 59]","[7, 10, 12, 13, 17, 18, 20, 23, 30, 36, 37, 46, 47, 49, 59, 61, 68, 76, 78, 80, 81, 82, 88, 91, 92, 97, 100, 102, 105, 108, 109, 117, 121, 122, 123, 130, 133, 137, 138, 141, 143, 146, 150, 157, 160, 164, 176, 181, 194, 199, 201, 202, 206, 208, 210, 215, 228, 229, 234, 238, 246, 254, 255, 267, 273, 275, 281, 282, 285, 290, 296, 302, 310, 312, 316, 320, 322, 325, 326, 327, 331, 333, 335, 341, 342, 343, 353, 357, 360, 366, 367, 371, 383, 388, 399, 402, 405, 406, 408, 411, 413, 414, 416, 420, 421, 432, 434, 437, 442, 449, 457, 460, 468, 469, 476, 479, 489, 504]"
84,"[239, 382, 79, 55, 236, 278, 437, 339, 190, 318, 505, 252, 390, 485, 256, 121, 70, 334, 131, 447, 102, 328, 231, 449, 351, 54, 438, 29, 384, 125, 325, 110, 366, 139, 313, 116, 23, 432, 243, 284, 154, 405, 379, 361, 291, 335, 209, 245, 93, 492, 235, 265, 321, 85, 478, 304, 428, 469, 124, 109, 471, 140, 237, 338, 76, 72, 391, 261, 115, 14, 311, 324, 306, 204, 197, 196, 272, 227, 358, 501, 271, 323, 71, 350, 281, 132, 312, 480, 410, 326, 425, 58, 374, 253, 393, 146, 511, 455, 117, 2, 381, 171, 7, 60, 30, 8, 1, 175, 83, 172, 137, 232, 267, 128, 162, 251, 242, 292, 21, 249, 299, 463, 183, 104, 100, 260, 182, 330, 297, 476, 420, 445, 436, 87, 51, 220, 412, 303, 33, 459, 342, 431, 290, 57, 387, 208, 489, 506, 198, 435, 470, 148, 491, 130, 91, 193, 369, 5, 407, 112, 452, 202, 348, 163, 458, 244, 499, 285, 495, 210, 319, 364, 44, 77, 174, 389, 56, 473, 490, 276, 25, 257, 286, 45, 294, 212, 454, 39, 310, 498, 289, 99, 472, 13, 349, 143, 457, 111, 415, 461, 354, 383, 264, 503, 215, 105, 418, 456, 439, 337, 234, 40, 280, 258, 397, 494, 487, 151, 19, 273, 133, 413, 11, 417, 166, 355, 27, 155, 399, 50, 191, 201, 222, 145, 158, 78, 38, 402, 10, 46, 96, 6, 67, 32, 346, 481, 269, 49, 398, 69, 169, 41, 307, 380, 37, 315]","[287, 350, 276, 489, 284, 259, 102, 204, 84, 440, 243, 94, 254, 321, 366, 153, 198, 83, 241, 148, 25, 296, 495, 473, 53, 11, 339, 93, 192, 477, 138, 325, 40, 423, 381, 190, 418, 91, 234, 20, 376, 375, 318, 395, 113, 429, 78, 232, 286, 357, 343, 435, 80, 49, 100, 280, 267, 42, 134, 320, 396, 181, 446, 176, 487, 422, 222, 484, 364, 172, 169, 129, 26, 101, 333, 277, 143, 77, 74, 165, 35, 227, 485, 171, 330, 288, 504, 58, 155, 253, 311, 62, 189, 424, 361, 299, 465, 240, 275, 159, 228, 177, 479, 442, 278, 399, 208, 457, 235, 149, 411, 471, 37, 279, 467, 359, 21, 65, 111, 179, 264, 3, 431, 498, 358, 219, 214, 420, 303, 85, 7, 405, 44, 69, 449, 255, 90, 137, 437, 462, 474, 502, 16, 398, 298, 500, 481, 463, 175, 150, 404, 67, 385, 119, 50, 478, 488, 184, 239, 377, 24, 72, 218, 302, 345, 39, 201, 139, 151, 460, 73, 247, 112, 272, 428, 499, 230, 403, 452, 97, 356, 89, 281, 304, 407, 326, 261, 252, 468, 213, 450, 312, 307, 443, 194, 220, 147, 131, 120, 496, 273, 378, 258, 145, 154, 458, 124, 160, 98, 300, 415, 10, 305, 130, 306, 5, 144, 371, 51, 490, 427, 430, 0, 79, 71, 163, 265, 87, 108, 461, 317, 99, 245, 483, 295, 289, 127, 92, 257, 29, 344, 314, 433, 61, 355, 434, 384, 362, 309, 455, 22, 128, 301, 13, 313, 36]","[5, 7, 10, 11, 13, 21, 25, 29, 37, 39, 40, 44, 49, 50, 51, 58, 67, 69, 71, 72, 77, 78, 79, 83, 85, 87, 91, 93, 99, 100, 102, 111, 112, 124, 128, 130, 131, 137, 139, 143, 145, 148, 151, 154, 155, 163, 169, 171, 172, 175, 190, 198, 201, 204, 208, 220, 222, 227, 232, 234, 235, 239, 243, 245, 252, 253, 257, 258, 261, 264, 265, 267, 272, 273, 276, 278, 280, 281, 284, 286, 289, 299, 303, 304, 306, 307, 311, 312, 313, 318, 321, 325, 326, 330, 339, 350, 355, 358, 361, 364, 366, 381, 384, 398, 399, 405, 407, 415, 418, 420, 428, 431, 435, 437, 449, 452, 455, 457, 458, 461, 463, 471, 473, 478, 481, 485, 487, 489, 490, 495, 498, 499]"
85,"[183, 331, 266, 408, 465, 319, 390, 401, 448, 44, 198, 419, 187, 17, 81, 281, 207, 197, 343, 297, 330, 402, 294, 174, 399, 470, 4, 278, 444, 468, 147, 484, 256, 11, 9, 94, 346, 355, 168, 190, 349, 469, 156, 117, 158, 67, 501, 373, 372, 122, 380, 2, 323, 306, 493, 182, 208, 413, 229, 176, 303, 175, 103, 191, 499, 80, 12, 14, 283, 108, 221, 36, 456, 398, 153, 84, 206, 383, 243, 135, 356, 267, 409, 133, 272, 412, 354, 146, 121, 333, 227, 52, 179, 40, 417, 488, 127, 1, 274, 425, 312, 97, 490, 236, 286, 126, 25, 451, 102, 42, 107, 7, 392, 160, 487, 424, 415, 181, 389, 422, 369, 464, 250, 99, 510, 24, 496, 335, 437, 119, 506, 418, 509, 475, 452, 31, 455, 230, 70, 308, 431, 361, 474, 328, 498, 403, 216, 245, 329, 273, 304, 238, 152, 170, 196, 87, 370, 292, 244, 504, 485, 177, 138, 59, 260, 64, 172, 240, 430, 48, 503, 53, 338, 393, 210, 128, 255, 98, 486, 72, 410, 457, 164, 282, 58, 326, 137, 414, 61, 460, 447, 166, 374, 203, 93, 28, 75, 285, 421, 378, 209, 62, 406, 222, 334, 149, 435, 404, 275, 220, 497, 426, 204, 420, 397, 341, 20, 467, 351, 427, 479, 342, 155, 235, 507, 423, 367, 385, 359, 384, 301, 55, 91, 74, 407, 483, 307, 148, 270, 239, 358, 228, 429, 416, 215, 144, 316, 159, 473, 143, 60, 311, 161, 186, 491, 241]","[405, 379, 356, 430, 135, 274, 333, 25, 299, 327, 341, 48, 52, 151, 435, 323, 184, 401, 106, 103, 490, 111, 232, 308, 104, 33, 229, 369, 452, 479, 371, 487, 143, 381, 139, 386, 391, 74, 303, 424, 417, 474, 155, 262, 21, 434, 297, 127, 114, 477, 252, 100, 226, 124, 223, 294, 397, 325, 176, 411, 254, 482, 402, 204, 46, 11, 67, 3, 119, 123, 375, 41, 508, 91, 7, 429, 108, 208, 409, 94, 501, 468, 360, 407, 76, 352, 126, 453, 475, 290, 473, 207, 202, 462, 304, 57, 446, 437, 174, 326, 374, 82, 5, 150, 224, 1, 395, 382, 255, 302, 298, 498, 130, 187, 219, 415, 363, 227, 287, 182, 199, 120, 499, 443, 284, 78, 314, 105, 215, 35, 428, 250, 266, 0, 486, 495, 350, 455, 389, 247, 338, 162, 277, 433, 191, 193, 97, 61, 445, 292, 107, 489, 29, 244, 281, 392, 366, 285, 90, 96, 163, 8, 339, 268, 251, 217, 414, 261, 355, 494, 384, 469, 467, 390, 509, 465, 75, 436, 412, 367, 271, 201, 385, 92, 69, 444, 68, 6, 265, 423, 161, 368, 413, 47, 440, 373, 221, 185, 449, 420, 345, 300, 24, 144, 364, 342, 354, 346, 133, 410, 398, 377, 451, 39, 137, 289, 200, 44, 149, 291, 270, 337, 183, 64, 396, 399, 416, 343, 471, 51, 330, 66, 408, 239, 491, 122, 393, 206, 505, 19, 175, 54, 404, 23, 448, 203, 288, 165, 212, 58, 160, 60, 286, 472, 189, 22]","[1, 7, 11, 24, 25, 44, 48, 52, 58, 60, 61, 64, 67, 74, 75, 91, 94, 97, 103, 107, 108, 119, 122, 126, 127, 133, 135, 137, 143, 144, 149, 155, 160, 161, 174, 175, 176, 182, 183, 187, 191, 203, 204, 206, 207, 208, 215, 221, 227, 229, 239, 244, 250, 255, 266, 270, 274, 281, 285, 286, 292, 294, 297, 303, 304, 308, 323, 326, 330, 333, 338, 341, 342, 343, 346, 354, 355, 356, 367, 369, 373, 374, 384, 385, 389, 390, 392, 393, 397, 398, 399, 401, 402, 404, 407, 408, 409, 410, 412, 413, 414, 415, 416, 417, 420, 423, 424, 429, 430, 435, 437, 444, 448, 451, 452, 455, 465, 467, 468, 469, 473, 474, 475, 479, 486, 487, 490, 491, 498, 499, 501, 509]"
86,"[300, 47, 100, 264, 382, 58, 143, 416, 82, 381, 327, 314, 115, 0, 12, 297, 49, 38, 131, 15, 151, 236, 98, 484, 51, 496, 142, 343, 291, 418, 277, 465, 288, 138, 84, 429, 62, 271, 253, 105, 385, 61, 67, 79, 17, 333, 95, 186, 450, 454, 14, 31, 275, 334, 439, 407, 42, 212, 43, 235, 83, 263, 388, 367, 109, 474, 148, 308, 452, 390, 366, 379, 155, 214, 121, 169, 285, 173, 365, 415, 32, 328, 242, 56, 351, 500, 502, 116, 459, 165, 164, 11, 75, 279, 194, 25, 311, 397, 349, 35, 462, 470, 276, 458, 207, 126, 398, 383, 71, 372, 224, 341, 16, 446, 30, 444, 22, 252, 467, 68, 211, 199, 36, 208, 39, 503, 103, 195, 179, 153, 290, 230, 402, 108, 274, 318, 104, 488, 471, 389, 371, 96, 335, 507, 448, 21, 171, 393, 413, 356, 295, 114, 241, 434, 436, 200, 147, 112, 463, 442, 368, 225, 73, 312, 111, 198, 340, 222, 493, 342, 232, 189, 338, 190, 384, 218, 9, 427, 87, 176, 472, 117, 287, 306, 213, 140, 494, 163, 401, 347, 149, 257, 44, 89, 336, 122, 320, 322, 119, 303, 172, 508, 192, 363, 178, 234, 461, 229, 92, 396, 238, 376, 304, 6, 7, 489, 378, 358, 244, 206, 405, 307, 475, 267, 482, 205, 491, 41, 457, 197, 435, 223, 473, 417, 28, 76, 511, 319, 81, 272, 168, 353, 422, 85, 159, 412, 1, 191, 292, 249, 375, 99, 298, 309, 449, 219]","[210, 351, 410, 476, 322, 504, 151, 350, 80, 314, 464, 474, 279, 268, 467, 395, 122, 374, 68, 143, 489, 287, 42, 461, 69, 482, 34, 191, 375, 189, 473, 112, 434, 302, 305, 308, 192, 453, 170, 419, 451, 427, 29, 199, 309, 184, 256, 36, 433, 511, 229, 90, 159, 94, 119, 282, 113, 496, 391, 118, 16, 312, 463, 361, 301, 79, 340, 150, 43, 481, 17, 444, 349, 56, 291, 493, 246, 399, 421, 439, 257, 84, 171, 267, 77, 508, 324, 64, 445, 100, 138, 21, 300, 425, 438, 255, 294, 175, 368, 378, 139, 232, 50, 344, 30, 280, 455, 181, 82, 414, 173, 101, 436, 452, 54, 207, 416, 180, 488, 365, 494, 254, 237, 187, 263, 201, 129, 2, 89, 429, 161, 239, 121, 352, 470, 12, 485, 288, 24, 209, 386, 505, 111, 276, 290, 7, 228, 406, 449, 193, 217, 206, 475, 1, 35, 478, 204, 362, 338, 88, 219, 370, 230, 92, 379, 274, 216, 471, 253, 14, 238, 443, 249, 269, 148, 390, 415, 440, 281, 200, 140, 241, 176, 124, 186, 431, 220, 499, 260, 132, 271, 358, 235, 293, 252, 417, 396, 278, 360, 48, 369, 298, 109, 497, 480, 277, 348, 262, 335, 164, 242, 214, 498, 392, 418, 76, 413, 110, 165, 198, 125, 411, 393, 41, 323, 190, 446, 183, 213, 408, 95, 303, 215, 52, 500, 372, 412, 137, 160, 58, 44, 162, 37, 103, 226, 442, 177, 208, 5, 91, 286, 397, 492, 318, 0, 296]","[0, 1, 7, 12, 14, 16, 17, 21, 30, 35, 36, 41, 42, 43, 44, 56, 58, 68, 76, 79, 82, 84, 89, 92, 95, 100, 103, 109, 111, 112, 119, 121, 122, 138, 140, 143, 148, 151, 159, 164, 165, 171, 173, 176, 186, 189, 190, 191, 192, 198, 199, 200, 206, 207, 208, 213, 214, 219, 229, 230, 232, 235, 238, 241, 242, 249, 252, 253, 257, 263, 267, 271, 274, 276, 277, 279, 287, 288, 290, 291, 298, 300, 303, 308, 309, 312, 314, 318, 322, 335, 338, 340, 349, 351, 358, 365, 368, 372, 375, 378, 379, 390, 393, 396, 397, 412, 413, 415, 416, 417, 418, 427, 429, 434, 436, 439, 442, 444, 446, 449, 452, 461, 463, 467, 470, 471, 473, 474, 475, 482, 488, 489, 493, 494, 496, 500, 508, 511]"
87,"[74, 297, 249, 358, 380, 478, 379, 460, 430, 287, 203, 151, 136, 77, 359, 47, 290, 242, 233, 91, 330, 313, 322, 357, 145, 346, 325, 399, 231, 30, 184, 474, 294, 365, 466, 23, 413, 308, 57, 38, 238, 419, 103, 105, 27, 65, 256, 303, 56, 121, 67, 405, 293, 317, 229, 62, 448, 409, 352, 149, 427, 117, 118, 243, 298, 110, 428, 437, 456, 275, 177, 340, 40, 100, 449, 323, 511, 267, 411, 348, 285, 335, 286, 509, 147, 187, 315, 331, 34, 477, 135, 253, 206, 111, 15, 4, 454, 310, 31, 401, 261, 461, 170, 252, 445, 88, 106, 400, 48, 439, 319, 488, 7, 408, 255, 167, 68, 96, 371, 3, 163, 5, 403, 173, 316, 159, 443, 259, 462, 226, 382, 345, 61, 172, 250, 265, 271, 248, 351, 154, 198, 459, 120, 141, 353, 338, 391, 134, 188, 276, 19, 280, 9, 311, 414, 153, 279, 418, 296, 217, 44, 376, 473, 127, 393, 476, 87, 58, 492, 422, 80, 434, 215, 381, 148, 482, 438, 11, 452, 327, 339, 55, 50, 216, 196, 8, 89, 485, 79, 307, 398, 182, 435, 343, 424, 46, 64, 251, 178, 483, 109, 175, 506, 225, 314, 481, 208, 412, 425, 464, 386, 510, 385, 266, 119, 503, 389, 162, 165, 6, 124, 451, 39, 45, 272, 472, 104, 14, 284, 221, 387, 60, 368, 347, 212, 52, 176, 192, 301, 37, 234, 361, 457, 447, 97, 144, 125, 200, 102, 355, 467, 283, 161, 209, 397, 160]","[419, 458, 147, 232, 74, 181, 26, 133, 123, 494, 480, 474, 297, 294, 41, 509, 341, 132, 221, 60, 427, 58, 433, 362, 414, 465, 173, 184, 159, 169, 214, 1, 390, 152, 305, 488, 350, 430, 56, 322, 386, 475, 245, 84, 301, 227, 116, 130, 93, 75, 472, 300, 428, 47, 447, 217, 498, 43, 412, 96, 83, 141, 76, 55, 86, 315, 155, 346, 177, 85, 387, 285, 89, 226, 259, 505, 327, 329, 142, 31, 470, 148, 229, 471, 224, 478, 4, 473, 496, 215, 500, 392, 65, 149, 244, 506, 319, 272, 396, 19, 225, 408, 356, 332, 29, 172, 136, 94, 192, 400, 233, 495, 280, 284, 436, 252, 511, 36, 405, 410, 497, 365, 104, 32, 2, 309, 324, 178, 185, 263, 492, 485, 312, 269, 45, 201, 463, 0, 502, 395, 456, 200, 20, 151, 295, 138, 156, 381, 482, 335, 273, 330, 162, 325, 444, 197, 160, 6, 153, 171, 108, 468, 503, 448, 399, 253, 242, 421, 366, 288, 161, 202, 46, 68, 384, 238, 157, 15, 122, 44, 21, 418, 191, 377, 205, 115, 211, 451, 391, 415, 308, 289, 28, 188, 196, 299, 165, 398, 257, 206, 302, 353, 34, 486, 71, 507, 99, 18, 209, 210, 158, 73, 425, 9, 320, 179, 59, 262, 469, 443, 61, 348, 80, 33, 459, 271, 426, 380, 268, 112, 13, 212, 121, 445, 176, 281, 394, 340, 306, 128, 30, 129, 146, 510, 504, 223, 331, 367, 102, 413, 286, 359, 79, 304, 388, 266]","[4, 6, 9, 15, 19, 30, 31, 34, 44, 45, 46, 47, 55, 56, 58, 60, 61, 65, 68, 74, 79, 80, 89, 96, 102, 104, 121, 136, 141, 147, 148, 149, 151, 153, 159, 160, 161, 162, 165, 172, 173, 176, 177, 178, 184, 188, 192, 196, 200, 206, 209, 212, 215, 217, 221, 225, 226, 229, 233, 238, 242, 252, 253, 259, 266, 271, 272, 280, 284, 285, 286, 294, 297, 301, 308, 315, 319, 322, 325, 327, 330, 331, 335, 340, 346, 348, 353, 359, 365, 380, 381, 386, 387, 391, 398, 399, 400, 405, 408, 412, 413, 414, 418, 419, 425, 427, 428, 430, 443, 445, 447, 448, 451, 456, 459, 472, 473, 474, 478, 482, 485, 488, 492, 503, 506, 509, 510, 511]"
88,"[112, 222, 423, 497, 244, 321, 317, 69, 306, 366, 189, 193, 280, 143, 5, 402, 258, 127, 299, 385, 29, 462, 398, 320, 278, 502, 496, 65, 126, 147, 6, 437, 501, 354, 249, 483, 63, 92, 105, 79, 47, 346, 295, 31, 446, 456, 117, 81, 136, 227, 22, 110, 24, 466, 33, 220, 453, 76, 173, 276, 487, 164, 221, 119, 494, 122, 83, 106, 161, 23, 52, 275, 442, 412, 393, 18, 162, 264, 476, 327, 179, 15, 325, 427, 228, 332, 100, 296, 118, 433, 388, 273, 196, 383, 75, 156, 511, 478, 87, 510, 472, 93, 14, 26, 89, 505, 268, 48, 246, 387, 358, 248, 154, 399, 279, 277, 171, 287, 239, 40, 99, 8, 379, 155, 503, 181, 163, 267, 460, 415, 301, 72, 283, 133, 341, 311, 259, 309, 80, 298, 57, 360, 55, 30, 211, 115, 58, 198, 61, 197, 397, 194, 305, 473, 200, 441, 107, 56, 135, 270, 0, 172, 204, 180, 485, 151, 431, 243, 233, 284, 174, 337, 477, 71, 67, 351, 292, 128, 153, 205, 95, 20, 60, 458, 216, 318, 11, 98, 168, 290, 113, 451, 376, 38, 103, 206, 418, 461, 265, 231, 417, 212, 390, 353, 97, 294, 350, 210, 486, 234, 504, 3, 44, 333, 223, 1, 481, 307, 403, 82, 74, 263, 288, 380, 182, 199, 130, 269, 169, 314, 274, 218, 391, 241, 500, 272, 489, 445, 125, 406, 253, 261, 255, 10, 475, 260, 120, 42, 49, 493, 159, 176, 232, 214, 491, 77]","[358, 210, 190, 370, 271, 433, 223, 123, 381, 183, 452, 317, 50, 6, 459, 139, 503, 48, 217, 181, 393, 363, 383, 456, 34, 78, 22, 152, 300, 290, 398, 409, 3, 158, 110, 244, 508, 462, 54, 348, 296, 265, 500, 116, 304, 499, 119, 93, 479, 156, 377, 333, 137, 259, 436, 267, 71, 118, 133, 69, 209, 321, 337, 437, 95, 187, 101, 482, 457, 511, 189, 266, 448, 342, 489, 509, 66, 417, 293, 483, 402, 323, 411, 473, 57, 313, 288, 283, 214, 444, 67, 485, 184, 84, 391, 260, 165, 51, 465, 138, 105, 192, 292, 502, 200, 195, 0, 9, 399, 497, 476, 202, 441, 80, 403, 285, 407, 315, 432, 246, 341, 423, 256, 33, 41, 150, 427, 215, 109, 378, 49, 24, 196, 379, 287, 368, 134, 501, 335, 82, 12, 446, 420, 32, 274, 47, 424, 31, 168, 353, 416, 60, 121, 344, 39, 225, 170, 312, 447, 96, 79, 252, 94, 253, 486, 369, 298, 495, 474, 464, 449, 208, 129, 115, 472, 334, 303, 443, 289, 21, 327, 205, 375, 351, 233, 421, 350, 126, 490, 46, 410, 250, 108, 59, 185, 463, 418, 385, 86, 263, 182, 169, 346, 466, 37, 19, 127, 306, 179, 194, 308, 160, 294, 173, 100, 120, 269, 20, 221, 425, 435, 153, 147, 284, 25, 142, 478, 43, 193, 136, 426, 230, 510, 366, 35, 1, 242, 98, 234, 5, 146, 302, 413, 301, 481, 249, 454, 188, 219, 299, 349, 103, 477, 307, 329, 504]","[0, 1, 3, 5, 6, 20, 22, 24, 31, 33, 47, 48, 49, 57, 60, 67, 69, 71, 79, 80, 82, 93, 95, 98, 100, 103, 105, 110, 115, 118, 119, 120, 126, 127, 133, 136, 147, 153, 156, 168, 169, 173, 179, 181, 182, 189, 193, 194, 196, 200, 205, 210, 214, 221, 223, 233, 234, 244, 246, 249, 253, 259, 260, 263, 265, 267, 269, 274, 283, 284, 287, 288, 290, 292, 294, 296, 298, 299, 301, 306, 307, 317, 321, 327, 333, 337, 341, 346, 350, 351, 353, 358, 366, 379, 383, 385, 391, 393, 398, 399, 402, 403, 417, 418, 423, 427, 433, 437, 441, 446, 456, 462, 466, 472, 473, 476, 477, 478, 481, 483, 485, 486, 489, 497, 500, 501, 502, 503, 504, 510, 511]"
89,"[54, 195, 123, 315, 41, 29, 142, 30, 6, 507, 368, 440, 134, 64, 53, 237, 452, 70, 176, 386, 208, 254, 165, 392, 96, 482, 268, 87, 398, 344, 327, 18, 91, 279, 76, 161, 5, 435, 56, 400, 173, 316, 222, 196, 249, 462, 181, 257, 61, 169, 12, 341, 469, 215, 295, 80, 342, 430, 417, 449, 155, 228, 135, 500, 83, 410, 192, 331, 152, 330, 95, 457, 24, 373, 86, 227, 494, 458, 506, 479, 321, 415, 271, 101, 4, 375, 140, 167, 132, 105, 238, 453, 307, 348, 282, 67, 203, 336, 296, 26, 311, 131, 210, 174, 291, 298, 156, 370, 508, 292, 240, 401, 14, 102, 143, 148, 187, 27, 442, 492, 20, 353, 372, 94, 243, 172, 17, 399, 294, 68, 250, 261, 434, 245, 432, 495, 491, 322, 447, 153, 314, 465, 414, 183, 115, 248, 256, 75, 361, 58, 211, 421, 319, 328, 502, 126, 252, 371, 451, 82, 154, 15, 511, 470, 418, 273, 79, 269, 408, 89, 11, 103, 304, 110, 383, 234, 44, 377, 427, 129, 184, 333, 160, 139, 2, 59, 364, 177, 329, 352, 346, 362, 396, 384, 276, 162, 403, 150, 200, 259, 55, 272, 43, 224, 1, 481, 92, 355, 22, 98, 374, 475, 166, 185, 39, 193, 380, 349, 194, 52, 48, 251, 366, 219, 19, 486, 23, 233, 109, 246, 33, 88, 312, 121, 137, 347, 262, 74, 351, 433, 128, 199, 253, 289, 320, 472, 8, 231, 283, 209, 241, 436, 357, 32, 214, 287]","[456, 479, 67, 288, 331, 383, 504, 499, 0, 71, 320, 496, 9, 277, 294, 241, 413, 145, 388, 10, 103, 65, 125, 398, 187, 393, 258, 326, 428, 335, 66, 133, 367, 140, 237, 185, 146, 392, 122, 281, 351, 119, 421, 344, 297, 209, 227, 435, 222, 34, 256, 466, 303, 130, 178, 39, 474, 107, 214, 400, 412, 57, 355, 84, 359, 95, 455, 63, 16, 86, 200, 340, 172, 377, 201, 164, 309, 423, 484, 138, 311, 407, 90, 343, 391, 414, 113, 403, 15, 329, 211, 82, 215, 265, 115, 313, 360, 78, 50, 485, 271, 444, 252, 402, 62, 312, 494, 58, 210, 390, 443, 368, 5, 203, 495, 87, 11, 186, 253, 332, 235, 328, 260, 254, 298, 415, 170, 387, 162, 272, 448, 81, 249, 225, 35, 38, 94, 325, 461, 450, 91, 97, 182, 147, 478, 275, 184, 493, 482, 396, 270, 334, 239, 2, 183, 156, 458, 123, 230, 213, 99, 386, 168, 171, 269, 236, 486, 346, 350, 42, 489, 475, 376, 134, 477, 266, 356, 345, 464, 54, 175, 150, 420, 375, 358, 262, 442, 434, 47, 511, 417, 127, 333, 457, 274, 469, 509, 362, 424, 395, 263, 176, 49, 12, 70, 426, 212, 501, 354, 135, 136, 427, 324, 318, 137, 160, 157, 41, 126, 3, 191, 45, 374, 174, 118, 52, 470, 231, 240, 25, 449, 284, 425, 192, 219, 152, 399, 195, 53, 465, 208, 44, 163, 28, 317, 342, 468, 321, 32, 488, 476, 110, 498, 96, 7, 381]","[2, 5, 11, 12, 15, 32, 39, 41, 44, 52, 53, 54, 58, 67, 70, 82, 86, 87, 91, 94, 95, 96, 103, 110, 115, 123, 126, 134, 135, 137, 140, 150, 152, 156, 160, 162, 172, 174, 176, 183, 184, 185, 187, 192, 195, 200, 203, 208, 209, 210, 211, 214, 215, 219, 222, 227, 231, 237, 240, 241, 249, 252, 253, 254, 256, 262, 269, 271, 272, 294, 298, 311, 312, 320, 321, 328, 329, 331, 333, 342, 344, 346, 351, 355, 362, 368, 374, 375, 377, 383, 386, 392, 396, 398, 399, 400, 403, 414, 415, 417, 421, 427, 434, 435, 442, 449, 457, 458, 465, 469, 470, 475, 479, 482, 486, 494, 495, 511]"
90,"[284, 201, 29, 394, 213, 128, 178, 429, 502, 393, 404, 344, 435, 207, 143, 136, 467, 210, 70, 358, 383, 500, 122, 336, 141, 370, 493, 0, 357, 492, 95, 25, 206, 367, 334, 408, 481, 84, 22, 396, 173, 447, 231, 327, 62, 242, 415, 470, 507, 347, 99, 236, 375, 165, 101, 314, 196, 403, 378, 496, 460, 66, 12, 151, 371, 91, 50, 18, 209, 475, 257, 442, 490, 73, 433, 392, 361, 508, 328, 197, 26, 268, 448, 292, 446, 337, 291, 307, 145, 191, 123, 465, 264, 53, 331, 116, 479, 318, 346, 9, 4, 156, 464, 458, 117, 157, 232, 149, 37, 364, 445, 47, 192, 472, 199, 256, 414, 244, 423, 119, 326, 461, 35, 51, 321, 410, 388, 96, 31, 503, 305, 505, 422, 94, 341, 352, 300, 360, 450, 241, 89, 260, 23, 188, 212, 345, 10, 286, 32, 228, 6, 246, 310, 248, 353, 258, 494, 56, 140, 202, 451, 233, 200, 24, 234, 229, 77, 135, 340, 106, 168, 282, 462, 14, 186, 54, 208, 184, 428, 454, 125, 407, 134, 78, 488, 323, 164, 487, 28, 438, 325, 44, 159, 380, 198, 237, 112, 138, 473, 483, 30, 452, 261, 253, 272, 386, 133, 243, 504, 298, 252, 104, 55, 36, 147, 387, 146, 302, 15, 269, 182, 381, 409, 79, 412, 238, 482, 374, 102, 162, 80, 401, 418, 359, 118, 379, 115, 131, 324, 506, 351, 332, 217, 174, 194, 395, 19, 223, 471, 319, 183, 59, 13, 39, 185, 293]","[127, 201, 68, 181, 329, 277, 203, 266, 477, 115, 10, 58, 449, 229, 397, 334, 471, 475, 504, 259, 407, 483, 430, 14, 56, 52, 217, 395, 346, 257, 386, 63, 202, 122, 473, 321, 107, 220, 272, 317, 104, 279, 387, 441, 490, 465, 404, 399, 444, 105, 349, 487, 278, 24, 100, 64, 130, 359, 492, 44, 351, 66, 150, 174, 318, 480, 401, 35, 506, 41, 390, 264, 42, 78, 21, 103, 72, 18, 320, 233, 445, 216, 383, 168, 489, 171, 195, 163, 285, 472, 500, 450, 126, 479, 310, 176, 137, 313, 135, 149, 134, 273, 394, 270, 2, 306, 421, 187, 242, 9, 443, 144, 509, 367, 225, 485, 344, 297, 302, 301, 185, 402, 23, 208, 74, 221, 178, 109, 198, 38, 215, 193, 380, 363, 436, 156, 173, 48, 435, 368, 326, 79, 437, 59, 180, 248, 251, 322, 494, 55, 451, 428, 230, 308, 332, 481, 183, 316, 43, 265, 374, 227, 432, 463, 429, 77, 33, 228, 452, 117, 240, 218, 323, 384, 165, 291, 132, 95, 84, 96, 467, 503, 371, 40, 81, 29, 493, 118, 1, 246, 161, 482, 83, 498, 15, 241, 143, 470, 274, 455, 501, 378, 245, 447, 153, 12, 280, 366, 196, 147, 442, 45, 111, 276, 99, 416, 47, 457, 431, 382, 238, 486, 425, 223, 151, 234, 121, 453, 391, 461, 27, 116, 423, 34, 249, 39, 426, 347, 136, 159, 17, 293, 138, 236, 456, 505, 157, 507, 510, 61, 98, 5, 275, 89, 232, 172]","[9, 10, 12, 14, 15, 18, 23, 24, 29, 35, 39, 44, 47, 55, 56, 59, 66, 77, 78, 79, 84, 89, 95, 96, 99, 104, 115, 116, 117, 118, 122, 134, 135, 136, 138, 143, 147, 149, 151, 156, 157, 159, 165, 168, 173, 174, 178, 183, 185, 196, 198, 201, 202, 208, 217, 223, 228, 229, 232, 233, 234, 236, 238, 241, 242, 246, 248, 257, 264, 272, 291, 293, 302, 310, 318, 321, 323, 326, 332, 334, 344, 346, 347, 351, 359, 367, 371, 374, 378, 380, 383, 386, 387, 394, 395, 401, 404, 407, 423, 428, 429, 435, 442, 445, 447, 450, 451, 452, 461, 465, 467, 470, 471, 472, 473, 475, 479, 481, 482, 483, 487, 490, 492, 493, 494, 500, 503, 504, 505, 506, 507]"
91,"[458, 448, 361, 376, 427, 389, 65, 290, 21, 471, 166, 496, 297, 161, 16, 352, 345, 296, 359, 107, 39, 267, 371, 18, 257, 214, 438, 368, 248, 233, 125, 191, 489, 364, 288, 232, 494, 327, 66, 336, 51, 101, 13, 505, 380, 333, 401, 126, 354, 253, 70, 143, 312, 274, 501, 320, 378, 102, 451, 127, 363, 117, 84, 47, 17, 428, 7, 379, 509, 500, 456, 8, 305, 307, 68, 454, 370, 4, 377, 147, 491, 365, 239, 497, 403, 432, 276, 244, 200, 211, 10, 32, 122, 158, 26, 28, 375, 462, 465, 109, 129, 207, 309, 202, 181, 156, 507, 203, 472, 195, 36, 9, 443, 6, 508, 411, 80, 103, 444, 315, 69, 269, 431, 396, 388, 113, 187, 415, 348, 469, 339, 162, 360, 209, 180, 272, 241, 493, 226, 78, 450, 328, 266, 95, 141, 96, 138, 474, 137, 335, 186, 188, 317, 356, 94, 43, 167, 346, 227, 155, 153, 50, 216, 338, 33, 287, 321, 58, 62, 258, 262, 285, 332, 295, 283, 91, 220, 306, 452, 510, 273, 467, 293, 231, 97, 314, 121, 235, 463, 488, 303, 92, 184, 173, 270, 2, 425, 256, 229, 151, 412, 341, 263, 392, 54, 174, 104, 435, 236, 409, 246, 82, 318, 110, 81, 449, 175, 334, 475, 300, 38, 199, 426, 506, 337, 477, 164, 387, 44, 31, 67, 503, 135, 79, 308, 1, 414, 124, 59, 423, 294, 478, 189, 282, 310, 140, 252, 322, 319, 418, 313, 400, 116, 3, 134, 473]","[304, 165, 216, 351, 285, 69, 309, 79, 305, 5, 235, 232, 474, 77, 364, 373, 471, 453, 114, 171, 175, 218, 178, 194, 136, 121, 169, 488, 10, 260, 225, 7, 301, 34, 198, 211, 451, 141, 58, 310, 74, 3, 482, 179, 510, 152, 16, 183, 502, 348, 164, 230, 128, 30, 110, 103, 506, 89, 374, 26, 126, 447, 445, 329, 191, 342, 307, 68, 361, 29, 425, 340, 431, 32, 196, 418, 400, 76, 48, 168, 113, 426, 449, 341, 138, 481, 111, 224, 119, 291, 56, 40, 163, 37, 296, 395, 345, 427, 362, 195, 50, 487, 39, 403, 153, 384, 49, 226, 261, 246, 366, 250, 287, 192, 293, 187, 130, 109, 419, 270, 15, 284, 311, 370, 101, 434, 9, 180, 87, 267, 185, 338, 73, 23, 146, 446, 20, 444, 450, 95, 227, 486, 2, 107, 81, 332, 495, 489, 209, 359, 86, 139, 408, 314, 439, 65, 405, 382, 404, 273, 118, 189, 503, 375, 424, 344, 298, 105, 57, 28, 127, 142, 150, 258, 170, 498, 328, 242, 215, 131, 64, 300, 204, 360, 297, 380, 276, 420, 289, 282, 428, 274, 479, 354, 36, 19, 390, 290, 115, 437, 98, 448, 331, 176, 59, 398, 244, 44, 257, 321, 159, 52, 243, 210, 84, 459, 172, 505, 8, 124, 324, 477, 416, 229, 43, 322, 483, 330, 182, 259, 401, 199, 317, 355, 214, 13, 85, 386, 326, 203, 140, 88, 308, 263, 393, 208, 422, 454, 234, 288, 353, 155, 336, 97, 511, 60]","[2, 3, 7, 8, 9, 10, 13, 16, 26, 28, 32, 36, 39, 43, 44, 50, 58, 59, 65, 68, 69, 79, 81, 84, 95, 97, 101, 103, 107, 109, 110, 113, 121, 124, 126, 127, 138, 140, 141, 153, 155, 164, 175, 180, 187, 189, 191, 195, 199, 203, 209, 211, 214, 216, 226, 227, 229, 232, 235, 244, 246, 257, 258, 263, 267, 270, 273, 274, 276, 282, 285, 287, 288, 290, 293, 296, 297, 300, 305, 307, 308, 309, 310, 314, 317, 321, 322, 328, 332, 336, 338, 341, 345, 348, 354, 359, 360, 361, 364, 370, 375, 380, 400, 401, 403, 418, 425, 426, 427, 428, 431, 444, 448, 449, 450, 451, 454, 471, 474, 477, 488, 489, 503, 505, 506, 510]"
92,"[257, 97, 360, 185, 225, 451, 253, 398, 461, 258, 137, 329, 62, 412, 246, 308, 249, 161, 391, 369, 405, 353, 4, 30, 263, 228, 410, 223, 275, 162, 452, 84, 468, 457, 385, 188, 274, 105, 170, 5, 300, 187, 477, 126, 222, 117, 155, 86, 66, 172, 422, 427, 273, 393, 372, 58, 9, 394, 171, 496, 361, 7, 265, 230, 0, 131, 133, 139, 149, 293, 376, 346, 95, 387, 207, 202, 134, 485, 463, 446, 486, 156, 447, 370, 123, 281, 428, 237, 469, 335, 147, 206, 255, 48, 213, 220, 218, 508, 368, 430, 29, 20, 115, 373, 130, 286, 302, 494, 404, 389, 338, 493, 141, 406, 291, 8, 367, 57, 501, 299, 327, 448, 479, 104, 248, 316, 301, 478, 142, 26, 289, 50, 24, 502, 357, 63, 196, 331, 109, 210, 464, 341, 290, 489, 247, 283, 343, 423, 497, 388, 443, 459, 409, 397, 462, 350, 21, 201, 148, 297, 61, 214, 408, 100, 487, 27, 272, 392, 143, 339, 219, 340, 28, 278, 12, 417, 47, 243, 476, 132, 482, 87, 395, 432, 180, 506, 483, 280, 110, 216, 31, 390, 45, 232, 424, 34, 498, 160, 70, 215, 362, 16, 465, 277, 233, 73, 437, 323, 279, 37, 238, 93, 310, 165, 68, 167, 189, 46, 118, 309, 444, 325, 17, 284, 344, 193, 146, 500, 116, 44, 71, 229, 455, 53, 381, 152, 67, 403, 168, 52, 78, 197, 266, 305, 379, 401, 318, 375, 241, 14, 507, 260, 330, 166, 114, 402]","[129, 80, 491, 355, 112, 279, 168, 433, 285, 249, 260, 283, 327, 9, 510, 272, 368, 353, 381, 311, 57, 234, 67, 214, 437, 22, 379, 499, 380, 191, 261, 434, 198, 373, 438, 281, 91, 321, 419, 224, 13, 173, 339, 280, 360, 274, 62, 503, 15, 210, 375, 31, 6, 115, 37, 45, 326, 262, 51, 215, 458, 411, 445, 394, 197, 241, 414, 52, 474, 384, 252, 306, 287, 473, 315, 259, 122, 134, 365, 486, 56, 294, 383, 49, 489, 408, 148, 219, 393, 424, 212, 211, 142, 317, 125, 297, 144, 472, 275, 228, 497, 452, 444, 32, 14, 146, 277, 227, 350, 314, 319, 153, 99, 132, 344, 104, 38, 493, 96, 307, 343, 432, 502, 236, 369, 456, 156, 77, 342, 428, 98, 147, 402, 476, 244, 372, 316, 467, 108, 454, 425, 141, 150, 111, 27, 406, 5, 200, 88, 21, 331, 166, 340, 202, 35, 128, 508, 405, 357, 119, 397, 324, 485, 90, 308, 453, 410, 407, 70, 289, 61, 162, 459, 196, 43, 135, 349, 30, 0, 464, 239, 256, 222, 421, 255, 118, 460, 494, 40, 366, 93, 346, 124, 161, 506, 106, 409, 332, 403, 59, 265, 209, 8, 248, 183, 335, 170, 192, 455, 359, 149, 447, 25, 385, 116, 427, 333, 151, 235, 439, 416, 313, 12, 435, 345, 501, 371, 273, 247, 390, 44, 101, 29, 387, 136, 471, 243, 404, 446, 348, 103, 105, 296, 401, 441, 363, 195, 358, 140, 443, 208, 19, 199, 263, 386, 107]","[0, 5, 8, 9, 12, 14, 21, 27, 29, 30, 31, 37, 44, 45, 52, 57, 61, 62, 67, 70, 93, 104, 105, 115, 116, 118, 132, 134, 141, 142, 146, 147, 148, 149, 156, 161, 162, 166, 168, 170, 196, 197, 202, 210, 214, 215, 219, 222, 228, 241, 243, 247, 248, 249, 255, 260, 263, 265, 272, 273, 274, 275, 277, 279, 280, 281, 283, 289, 297, 308, 316, 327, 331, 335, 339, 340, 343, 344, 346, 350, 353, 357, 360, 368, 369, 372, 373, 375, 379, 381, 385, 387, 390, 393, 394, 397, 401, 402, 403, 404, 405, 406, 408, 409, 410, 424, 427, 428, 432, 437, 443, 444, 446, 447, 452, 455, 459, 464, 476, 485, 486, 489, 493, 494, 497, 501, 502, 506, 508]"
93,"[393, 195, 12, 137, 418, 491, 419, 440, 357, 80, 421, 101, 28, 434, 506, 50, 486, 266, 373, 110, 117, 49, 185, 489, 316, 157, 425, 71, 267, 414, 225, 496, 479, 292, 321, 183, 60, 35, 134, 435, 99, 426, 354, 197, 284, 16, 189, 245, 112, 24, 59, 175, 355, 54, 240, 87, 29, 379, 382, 132, 490, 47, 297, 442, 95, 305, 40, 482, 253, 392, 0, 20, 389, 144, 397, 457, 492, 462, 324, 25, 230, 364, 424, 109, 369, 405, 500, 165, 239, 459, 248, 208, 422, 61, 169, 458, 333, 143, 380, 275, 456, 218, 263, 303, 43, 199, 221, 98, 184, 311, 396, 332, 198, 190, 498, 391, 509, 111, 210, 6, 48, 233, 367, 122, 10, 223, 84, 57, 113, 301, 445, 323, 510, 247, 487, 216, 158, 298, 203, 347, 345, 56, 232, 441, 231, 262, 272, 282, 69, 94, 174, 386, 202, 415, 276, 11, 30, 363, 437, 211, 191, 448, 85, 241, 306, 453, 359, 300, 255, 334, 508, 153, 156, 428, 368, 438, 319, 67, 372, 504, 15, 155, 469, 374, 131, 443, 228, 356, 330, 299, 22, 476, 68, 256, 488, 194, 214, 173, 294, 145, 468, 88, 118, 258, 450, 9, 340, 337, 62, 138, 432, 370, 32, 315, 55, 404, 58, 149, 152, 86, 254, 484, 447, 427, 235, 104, 463, 179, 213, 126, 215, 133, 238, 72, 141, 408, 73, 335, 212, 207, 327, 312, 4, 201, 314, 249, 89, 257, 206, 39, 51, 352, 483, 286, 106, 313]","[144, 490, 322, 218, 235, 312, 211, 398, 190, 88, 346, 16, 426, 206, 488, 90, 337, 304, 505, 268, 499, 186, 403, 226, 435, 431, 130, 39, 468, 239, 375, 25, 498, 96, 400, 454, 486, 140, 26, 205, 163, 461, 372, 285, 56, 349, 441, 423, 274, 351, 60, 463, 73, 223, 46, 40, 230, 406, 125, 469, 217, 342, 240, 436, 11, 52, 184, 374, 366, 209, 10, 390, 143, 178, 3, 49, 269, 236, 216, 119, 343, 291, 248, 491, 203, 314, 328, 460, 417, 29, 415, 232, 65, 296, 135, 422, 508, 193, 251, 457, 107, 494, 467, 497, 74, 300, 155, 72, 420, 66, 234, 353, 5, 58, 302, 369, 336, 41, 133, 113, 399, 156, 121, 123, 81, 397, 86, 122, 47, 173, 160, 238, 1, 85, 75, 288, 9, 376, 416, 15, 492, 169, 168, 502, 335, 154, 59, 495, 124, 191, 222, 427, 259, 395, 131, 414, 192, 419, 447, 387, 510, 32, 356, 162, 357, 267, 76, 31, 326, 392, 377, 159, 2, 42, 181, 7, 149, 317, 110, 479, 276, 128, 134, 453, 80, 396, 195, 459, 109, 8, 448, 411, 243, 308, 340, 196, 82, 104, 264, 249, 391, 275, 355, 4, 331, 95, 429, 493, 263, 68, 35, 283, 362, 77, 171, 313, 241, 151, 120, 174, 187, 496, 299, 212, 157, 350, 183, 368, 363, 37, 509, 43, 50, 384, 265, 153, 207, 51, 272, 233, 270, 327, 464, 200, 194, 319, 290, 332, 347, 245, 430, 487, 452, 421, 246, 305]","[4, 9, 10, 11, 15, 16, 25, 29, 32, 35, 39, 40, 43, 47, 49, 50, 51, 56, 58, 59, 60, 68, 72, 73, 80, 85, 86, 88, 95, 104, 109, 110, 113, 122, 131, 133, 134, 143, 144, 149, 153, 155, 156, 157, 169, 173, 174, 183, 184, 190, 191, 194, 195, 203, 206, 207, 211, 212, 216, 218, 223, 230, 232, 233, 235, 238, 239, 240, 241, 245, 248, 249, 263, 267, 272, 275, 276, 299, 300, 305, 312, 313, 314, 319, 327, 332, 335, 337, 340, 347, 355, 356, 357, 363, 368, 369, 372, 374, 391, 392, 396, 397, 414, 415, 419, 421, 422, 426, 427, 435, 441, 447, 448, 453, 457, 459, 463, 468, 469, 479, 486, 487, 488, 490, 491, 492, 496, 498, 508, 509, 510]"
94,"[244, 282, 119, 324, 326, 21, 349, 409, 421, 278, 129, 255, 503, 145, 33, 153, 427, 124, 285, 161, 163, 284, 84, 479, 113, 262, 61, 141, 501, 182, 275, 246, 195, 46, 202, 464, 492, 169, 116, 184, 193, 168, 266, 73, 380, 32, 37, 205, 445, 210, 283, 218, 372, 329, 277, 180, 29, 54, 340, 203, 408, 444, 270, 321, 67, 502, 147, 142, 394, 213, 412, 452, 4, 51, 431, 248, 215, 229, 330, 28, 297, 286, 300, 426, 65, 174, 316, 264, 483, 475, 456, 462, 224, 428, 43, 155, 451, 17, 290, 19, 423, 416, 341, 298, 103, 312, 236, 60, 305, 178, 188, 293, 86, 450, 104, 253, 473, 235, 414, 482, 82, 406, 489, 392, 133, 76, 3, 5, 378, 379, 339, 331, 58, 220, 508, 130, 7, 35, 154, 100, 1, 134, 243, 34, 351, 30, 71, 371, 432, 404, 237, 192, 279, 463, 171, 498, 200, 127, 55, 334, 314, 238, 345, 150, 232, 227, 488, 49, 81, 500, 201, 189, 388, 6, 505, 347, 250, 197, 212, 485, 486, 92, 95, 363, 435, 165, 79, 144, 211, 420, 476, 15, 480, 319, 344, 504, 369, 299, 417, 11, 256, 125, 10, 258, 510, 85, 101, 407, 386, 328, 389, 27, 112, 162, 355, 317, 354, 110, 12, 87, 466, 274, 357, 176, 175, 395, 370, 368, 57, 13, 436, 311, 403, 8, 308, 157, 23, 385, 0, 91, 273, 99, 20, 226, 45, 89, 350, 366, 38, 187, 362, 413, 140, 181, 295, 272]","[126, 301, 419, 125, 409, 192, 30, 2, 68, 294, 334, 70, 316, 144, 262, 189, 483, 435, 305, 40, 443, 145, 417, 253, 485, 341, 141, 357, 252, 21, 499, 151, 33, 215, 274, 3, 119, 458, 73, 110, 245, 256, 120, 315, 107, 86, 321, 37, 181, 127, 288, 375, 249, 90, 373, 109, 317, 504, 34, 174, 7, 191, 197, 257, 494, 371, 115, 79, 106, 11, 387, 122, 389, 227, 471, 53, 240, 414, 372, 248, 460, 165, 147, 281, 143, 185, 267, 63, 41, 48, 235, 337, 348, 92, 439, 358, 424, 198, 476, 402, 1, 200, 62, 158, 411, 216, 380, 426, 136, 474, 22, 172, 199, 278, 10, 161, 273, 194, 326, 179, 254, 266, 365, 463, 433, 186, 350, 469, 310, 449, 441, 432, 477, 150, 204, 5, 475, 212, 461, 50, 36, 152, 354, 100, 448, 295, 452, 464, 258, 352, 15, 85, 121, 401, 447, 399, 385, 163, 351, 509, 282, 203, 275, 131, 336, 18, 462, 91, 67, 243, 231, 175, 342, 103, 4, 287, 384, 318, 446, 124, 347, 43, 211, 238, 482, 407, 9, 59, 17, 224, 38, 23, 340, 88, 129, 44, 292, 369, 246, 349, 451, 170, 250, 242, 297, 364, 405, 27, 214, 263, 490, 207, 396, 478, 71, 149, 217, 47, 236, 111, 93, 49, 31, 322, 376, 222, 239, 178, 430, 268, 497, 176, 225, 112, 232, 58, 46, 75, 97, 190, 96, 362, 77, 269, 374, 55, 468, 510, 137, 359, 500, 54, 314, 118, 508, 140]","[1, 3, 4, 5, 7, 10, 11, 15, 17, 21, 23, 27, 30, 33, 34, 37, 38, 43, 46, 49, 54, 55, 58, 67, 71, 73, 79, 85, 86, 91, 92, 100, 103, 110, 112, 119, 124, 125, 127, 129, 140, 141, 144, 145, 147, 150, 161, 163, 165, 174, 175, 176, 178, 181, 189, 192, 197, 200, 203, 211, 212, 215, 224, 227, 232, 235, 236, 238, 243, 246, 248, 250, 253, 256, 258, 262, 266, 273, 274, 275, 278, 282, 295, 297, 305, 314, 316, 317, 321, 326, 334, 340, 341, 347, 349, 350, 351, 354, 357, 362, 369, 371, 372, 380, 385, 389, 407, 409, 414, 417, 426, 432, 435, 451, 452, 462, 463, 464, 475, 476, 482, 483, 485, 500, 504, 508, 510]"
95,"[191, 202, 223, 3, 34, 142, 102, 276, 256, 47, 424, 143, 510, 415, 12, 382, 210, 64, 272, 383, 181, 208, 164, 262, 6, 362, 186, 146, 376, 48, 413, 429, 140, 287, 366, 171, 440, 386, 403, 427, 9, 184, 103, 461, 16, 170, 237, 452, 350, 7, 308, 36, 88, 260, 395, 75, 301, 42, 406, 454, 258, 484, 224, 2, 133, 243, 134, 122, 273, 58, 482, 476, 45, 472, 279, 151, 284, 41, 499, 352, 507, 1, 138, 356, 293, 371, 330, 68, 419, 123, 444, 113, 282, 387, 234, 107, 252, 11, 384, 30, 396, 178, 460, 195, 159, 220, 409, 232, 17, 283, 39, 361, 394, 402, 485, 218, 349, 198, 385, 506, 451, 180, 502, 125, 316, 97, 306, 314, 222, 486, 116, 71, 60, 492, 147, 53, 94, 78, 131, 144, 158, 462, 35, 215, 392, 173, 322, 374, 319, 304, 182, 364, 257, 135, 464, 445, 347, 55, 298, 509, 111, 290, 62, 475, 326, 83, 246, 456, 342, 412, 380, 127, 470, 187, 466, 483, 209, 106, 251, 242, 157, 289, 155, 332, 497, 390, 148, 160, 190, 311, 259, 248, 473, 141, 275, 508, 435, 449, 271, 493, 177, 324, 231, 69, 89, 194, 457, 436, 87, 132, 416, 467, 398, 333, 204, 281, 471, 401, 425, 285, 217, 410, 235, 367, 81, 463, 491, 478, 72, 278, 174, 468, 459, 139, 400, 96, 337, 18, 439, 43, 488, 274, 280, 408, 365, 321, 236, 487, 266, 267, 179, 14, 294, 166, 77, 244]","[310, 496, 440, 467, 142, 100, 338, 437, 283, 443, 419, 363, 463, 383, 409, 376, 475, 429, 462, 321, 221, 375, 33, 211, 236, 233, 460, 71, 21, 505, 306, 493, 20, 167, 325, 152, 349, 199, 446, 57, 506, 345, 326, 365, 253, 268, 180, 84, 490, 67, 275, 426, 249, 32, 418, 232, 351, 132, 235, 501, 305, 204, 298, 392, 11, 117, 263, 431, 64, 352, 102, 144, 332, 439, 166, 364, 282, 361, 424, 291, 479, 29, 65, 228, 74, 456, 337, 210, 231, 85, 465, 457, 503, 175, 350, 295, 509, 116, 450, 296, 82, 319, 72, 248, 472, 98, 471, 330, 124, 302, 46, 308, 417, 415, 313, 219, 6, 118, 243, 416, 159, 307, 262, 511, 449, 245, 485, 230, 371, 386, 412, 432, 195, 194, 128, 193, 480, 186, 165, 452, 222, 140, 134, 390, 107, 94, 251, 61, 255, 258, 19, 281, 387, 39, 96, 133, 86, 425, 252, 70, 229, 264, 108, 304, 162, 213, 238, 441, 44, 136, 422, 259, 157, 277, 297, 280, 473, 160, 68, 182, 28, 218, 76, 381, 405, 112, 274, 198, 482, 340, 430, 399, 0, 16, 176, 237, 246, 495, 317, 22, 12, 504, 362, 78, 153, 285, 145, 197, 434, 397, 130, 37, 75, 54, 286, 244, 315, 49, 489, 427, 163, 9, 42, 5, 384, 288, 154, 36, 95, 420, 171, 8, 466, 137, 393, 226, 220, 327, 254, 300, 207, 129, 155, 468, 256, 13, 40, 205, 55, 83, 334, 63, 373, 69, 168, 500]","[6, 9, 11, 12, 16, 36, 39, 42, 55, 64, 68, 69, 71, 72, 75, 78, 83, 94, 96, 102, 107, 116, 132, 133, 134, 140, 142, 144, 155, 157, 159, 160, 166, 171, 180, 182, 186, 194, 195, 198, 204, 210, 218, 220, 222, 231, 232, 235, 236, 237, 243, 244, 246, 248, 251, 252, 256, 258, 259, 262, 274, 275, 280, 281, 282, 283, 285, 298, 304, 306, 308, 319, 321, 326, 330, 332, 337, 349, 350, 352, 361, 362, 364, 365, 371, 376, 383, 384, 386, 387, 390, 392, 409, 412, 415, 416, 419, 424, 425, 427, 429, 439, 440, 449, 452, 456, 457, 460, 462, 463, 466, 467, 468, 471, 472, 473, 475, 482, 485, 493, 506, 509]"
96,"[249, 0, 23, 52, 341, 33, 29, 252, 68, 149, 338, 382, 21, 55, 192, 356, 327, 377, 62, 160, 371, 307, 185, 399, 388, 196, 232, 102, 89, 313, 112, 507, 139, 119, 256, 178, 44, 31, 155, 95, 344, 336, 335, 202, 328, 14, 444, 378, 450, 7, 82, 188, 261, 322, 260, 88, 465, 297, 389, 325, 380, 456, 306, 275, 445, 3, 415, 15, 106, 294, 241, 385, 212, 92, 438, 429, 151, 56, 113, 159, 47, 404, 436, 125, 368, 299, 238, 242, 387, 439, 428, 215, 492, 361, 345, 107, 93, 248, 9, 259, 99, 263, 2, 409, 8, 100, 332, 69, 46, 303, 278, 11, 24, 484, 204, 437, 64, 266, 184, 147, 86, 358, 283, 432, 12, 370, 239, 474, 323, 296, 417, 495, 346, 13, 233, 488, 43, 235, 237, 156, 195, 39, 422, 443, 464, 218, 84, 493, 45, 177, 197, 282, 496, 321, 373, 152, 245, 367, 489, 138, 458, 508, 284, 116, 337, 463, 366, 434, 227, 506, 451, 211, 114, 90, 162, 475, 317, 500, 175, 267, 226, 350, 272, 234, 83, 115, 135, 426, 122, 362, 269, 384, 27, 471, 271, 186, 193, 277, 405, 324, 391, 131, 40, 390, 273, 101, 176, 285, 71, 120, 446, 339, 6, 412, 91, 85, 353, 425, 349, 334, 134, 289, 288, 166, 57, 190, 375, 319, 60, 469, 280, 250, 140, 229, 20, 48, 94, 400, 17, 59, 369, 397, 26, 467, 191, 127, 265, 189, 53, 381, 205, 255, 216, 28, 424, 497]","[435, 393, 144, 248, 254, 363, 432, 131, 30, 63, 388, 54, 491, 461, 223, 21, 483, 210, 353, 252, 16, 421, 494, 296, 224, 336, 365, 360, 155, 265, 400, 386, 474, 378, 439, 330, 123, 367, 376, 450, 141, 324, 203, 475, 389, 465, 198, 88, 128, 148, 315, 267, 322, 279, 217, 342, 37, 300, 146, 397, 467, 156, 55, 74, 270, 82, 410, 129, 277, 426, 136, 15, 170, 408, 194, 283, 419, 247, 80, 437, 359, 309, 498, 441, 87, 468, 339, 504, 317, 60, 90, 50, 26, 245, 0, 281, 496, 413, 187, 122, 325, 89, 27, 193, 294, 307, 460, 191, 92, 45, 169, 175, 145, 220, 234, 303, 477, 446, 456, 428, 173, 366, 7, 120, 237, 58, 236, 332, 490, 184, 67, 59, 298, 230, 113, 501, 357, 284, 275, 127, 485, 440, 507, 304, 232, 406, 319, 488, 449, 57, 77, 65, 71, 244, 312, 285, 105, 178, 280, 86, 346, 219, 11, 380, 143, 259, 425, 161, 34, 412, 292, 492, 256, 25, 19, 375, 453, 159, 98, 137, 22, 511, 106, 395, 289, 6, 262, 414, 338, 462, 350, 362, 258, 276, 272, 241, 404, 78, 399, 500, 347, 373, 204, 398, 257, 374, 158, 264, 444, 354, 153, 343, 162, 61, 171, 112, 396, 470, 206, 288, 480, 96, 310, 239, 18, 149, 29, 20, 358, 316, 12, 433, 233, 352, 168, 72, 510, 69, 349, 167, 466, 240, 368, 53, 471, 452, 49, 164, 341, 172, 62, 207, 85, 295, 76, 473]","[0, 6, 7, 11, 12, 15, 20, 21, 26, 27, 29, 45, 53, 55, 57, 59, 60, 62, 69, 71, 82, 85, 86, 88, 89, 90, 92, 106, 112, 113, 120, 122, 127, 131, 149, 155, 156, 159, 162, 175, 178, 184, 191, 193, 204, 232, 233, 234, 237, 239, 241, 245, 248, 252, 256, 259, 265, 267, 272, 275, 277, 280, 283, 284, 285, 288, 289, 294, 296, 303, 307, 317, 319, 322, 324, 325, 332, 336, 338, 339, 341, 346, 349, 350, 353, 358, 362, 366, 367, 368, 373, 375, 378, 380, 388, 389, 397, 399, 400, 404, 412, 425, 426, 428, 432, 437, 439, 444, 446, 450, 456, 465, 467, 471, 474, 475, 488, 492, 496, 500, 507]"
97,"[497, 63, 350, 502, 334, 56, 371, 10, 140, 130, 3, 472, 328, 147, 212, 203, 47, 247, 448, 344, 499, 188, 183, 434, 374, 397, 164, 385, 187, 160, 474, 450, 134, 58, 226, 489, 478, 111, 133, 104, 178, 494, 35, 290, 270, 68, 396, 152, 0, 110, 252, 185, 431, 423, 119, 475, 306, 414, 244, 122, 481, 463, 470, 12, 80, 125, 400, 480, 269, 108, 406, 449, 299, 186, 161, 298, 32, 41, 492, 13, 410, 330, 408, 469, 264, 39, 262, 23, 85, 208, 102, 70, 284, 129, 507, 89, 229, 163, 79, 112, 301, 488, 309, 52, 16, 157, 257, 121, 402, 353, 459, 34, 383, 487, 346, 479, 184, 103, 457, 5, 84, 500, 302, 332, 233, 418, 42, 405, 467, 256, 126, 274, 59, 509, 286, 394, 33, 177, 349, 225, 199, 105, 38, 364, 216, 318, 204, 7, 407, 162, 335, 234, 200, 219, 62, 235, 144, 64, 275, 373, 401, 441, 278, 61, 324, 231, 424, 26, 221, 22, 30, 29, 268, 146, 217, 486, 273, 362, 193, 307, 276, 280, 83, 386, 358, 363, 115, 155, 473, 369, 458, 128, 166, 357, 348, 388, 228, 113, 249, 439, 333, 347, 428, 135, 495, 297, 272, 223, 415, 323, 167, 20, 149, 413, 171, 94, 77, 213, 169, 420, 91, 483, 25, 190, 116, 377, 153, 375, 100, 340, 81, 430, 73, 131, 452, 451, 1, 282, 343, 442, 296, 201, 158, 322, 412, 436, 240, 293, 432, 381, 341, 246, 355, 175, 416, 433]","[34, 192, 500, 84, 29, 15, 496, 223, 466, 124, 32, 326, 64, 49, 54, 239, 454, 123, 213, 342, 423, 38, 312, 382, 375, 389, 190, 126, 141, 445, 272, 437, 139, 409, 184, 347, 162, 267, 426, 481, 422, 471, 418, 263, 23, 433, 198, 205, 299, 270, 305, 296, 229, 113, 16, 251, 506, 201, 3, 371, 501, 173, 82, 360, 207, 46, 412, 277, 473, 93, 388, 116, 107, 363, 366, 31, 331, 220, 72, 171, 355, 78, 401, 325, 455, 279, 253, 397, 249, 0, 216, 240, 234, 109, 498, 245, 87, 322, 53, 145, 14, 448, 415, 118, 144, 402, 138, 485, 257, 509, 181, 468, 108, 165, 301, 30, 111, 510, 177, 90, 50, 344, 115, 503, 374, 329, 52, 406, 408, 243, 219, 450, 365, 228, 307, 369, 150, 259, 311, 39, 180, 135, 215, 255, 51, 261, 434, 86, 35, 333, 379, 293, 283, 488, 446, 174, 152, 236, 457, 178, 405, 318, 175, 146, 291, 492, 133, 20, 60, 320, 396, 334, 159, 140, 336, 179, 114, 487, 199, 18, 395, 81, 122, 290, 489, 117, 431, 258, 214, 99, 376, 197, 351, 480, 66, 11, 155, 309, 278, 373, 100, 28, 354, 1, 508, 398, 158, 172, 71, 464, 232, 80, 284, 203, 134, 281, 362, 176, 266, 40, 208, 370, 462, 303, 143, 497, 449, 315, 19, 416, 458, 440, 483, 47, 194, 128, 210, 264, 384, 206, 339, 167, 269, 282, 25, 377, 493, 68, 252, 89, 42, 428, 338, 478, 300, 195]","[0, 1, 3, 16, 20, 23, 25, 29, 30, 32, 34, 35, 38, 39, 42, 47, 52, 64, 68, 80, 81, 84, 89, 100, 108, 111, 113, 115, 116, 122, 126, 128, 133, 134, 135, 140, 144, 146, 152, 155, 158, 162, 167, 171, 175, 177, 178, 184, 190, 199, 201, 203, 208, 213, 216, 219, 223, 228, 229, 234, 240, 249, 252, 257, 264, 269, 270, 272, 278, 282, 284, 290, 293, 296, 299, 301, 307, 309, 318, 322, 333, 334, 344, 347, 355, 362, 363, 369, 371, 373, 374, 375, 377, 388, 396, 397, 401, 402, 405, 406, 408, 412, 415, 416, 418, 423, 428, 431, 433, 434, 448, 449, 450, 457, 458, 473, 478, 480, 481, 483, 487, 488, 489, 492, 497, 500, 509]"
98,"[284, 394, 294, 184, 217, 246, 66, 265, 95, 285, 37, 219, 7, 362, 379, 392, 279, 346, 138, 260, 426, 60, 11, 199, 262, 456, 109, 73, 206, 365, 126, 306, 257, 224, 276, 313, 153, 164, 446, 61, 505, 125, 148, 503, 194, 238, 415, 440, 178, 117, 41, 376, 230, 271, 86, 122, 182, 213, 375, 218, 65, 38, 292, 395, 52, 227, 391, 414, 63, 111, 331, 282, 479, 319, 173, 9, 250, 495, 4, 354, 368, 349, 191, 272, 40, 174, 110, 32, 98, 441, 225, 491, 280, 107, 59, 160, 311, 23, 21, 223, 186, 135, 134, 84, 156, 434, 113, 195, 146, 27, 171, 190, 55, 240, 130, 506, 298, 291, 14, 253, 181, 139, 464, 406, 200, 261, 332, 179, 498, 158, 457, 259, 443, 248, 210, 103, 363, 364, 386, 196, 46, 336, 399, 409, 76, 263, 499, 358, 133, 502, 180, 351, 449, 89, 278, 405, 312, 431, 352, 453, 78, 30, 209, 468, 228, 189, 496, 237, 152, 3, 442, 404, 241, 62, 149, 212, 166, 444, 360, 475, 334, 57, 353, 418, 508, 300, 454, 461, 251, 51, 293, 0, 177, 172, 151, 451, 8, 433, 136, 321, 366, 49, 463, 296, 87, 141, 478, 307, 482, 232, 97, 436, 328, 247, 510, 305, 221, 494, 115, 120, 56, 452, 350, 214, 242, 53, 25, 310, 480, 304, 31, 469, 106, 93, 471, 488, 450, 162, 324, 67, 193, 401, 428, 131, 329, 417, 318, 100, 34, 423, 425, 411, 484, 168, 39, 396]","[474, 158, 315, 164, 159, 433, 329, 440, 479, 226, 318, 221, 386, 171, 212, 498, 59, 136, 220, 281, 328, 373, 449, 391, 454, 308, 107, 49, 25, 189, 84, 292, 277, 184, 92, 259, 124, 463, 476, 313, 477, 348, 377, 111, 215, 52, 185, 24, 510, 217, 219, 191, 160, 460, 403, 21, 353, 309, 456, 448, 297, 424, 326, 19, 48, 149, 22, 127, 410, 327, 490, 223, 475, 390, 238, 83, 109, 13, 186, 375, 222, 74, 151, 237, 244, 170, 112, 408, 165, 362, 241, 45, 422, 126, 85, 250, 461, 198, 450, 30, 355, 119, 370, 229, 97, 428, 122, 346, 331, 347, 335, 102, 116, 369, 8, 129, 466, 415, 135, 439, 176, 469, 458, 9, 89, 352, 167, 95, 210, 437, 144, 37, 174, 298, 430, 7, 196, 242, 208, 91, 438, 393, 53, 399, 137, 427, 240, 503, 406, 31, 36, 462, 29, 404, 491, 459, 284, 349, 228, 472, 392, 99, 452, 507, 204, 39, 274, 233, 178, 115, 246, 502, 443, 101, 202, 34, 445, 332, 359, 69, 457, 402, 44, 280, 483, 17, 376, 397, 288, 2, 467, 61, 336, 232, 301, 489, 243, 51, 499, 180, 480, 249, 14, 481, 296, 268, 384, 283, 468, 295, 65, 501, 71, 508, 401, 293, 425, 486, 78, 63, 381, 304, 306, 344, 341, 239, 230, 55, 357, 70, 394, 108, 147, 56, 28, 5, 464, 253, 371, 289, 279, 161, 282, 412, 509, 131, 314, 287, 79, 166, 94, 32, 207, 12, 345, 478]","[7, 8, 9, 14, 21, 25, 30, 31, 32, 34, 37, 39, 49, 51, 52, 53, 55, 56, 59, 61, 63, 65, 78, 84, 89, 95, 97, 107, 109, 111, 115, 122, 126, 131, 135, 136, 149, 151, 158, 160, 164, 166, 171, 174, 178, 180, 184, 186, 189, 191, 196, 210, 212, 217, 219, 221, 223, 228, 230, 232, 237, 238, 240, 241, 242, 246, 250, 253, 259, 279, 280, 282, 284, 292, 293, 296, 298, 304, 306, 313, 318, 328, 329, 331, 332, 336, 346, 349, 352, 353, 362, 375, 376, 386, 391, 392, 394, 399, 401, 404, 406, 415, 425, 428, 433, 440, 443, 449, 450, 452, 454, 456, 457, 461, 463, 464, 468, 469, 475, 478, 479, 480, 491, 498, 499, 502, 503, 508, 510]"
99,"[469, 341, 224, 197, 158, 276, 8, 477, 412, 351, 44, 145, 208, 398, 386, 420, 440, 116, 137, 84, 89, 129, 254, 366, 317, 33, 26, 100, 444, 389, 281, 499, 81, 24, 50, 70, 184, 76, 495, 66, 94, 506, 53, 453, 391, 68, 504, 313, 323, 422, 212, 136, 179, 360, 91, 277, 239, 191, 451, 193, 156, 219, 93, 374, 200, 17, 407, 299, 119, 429, 426, 135, 118, 30, 434, 222, 481, 177, 260, 16, 58, 144, 249, 450, 342, 486, 411, 215, 402, 182, 138, 382, 431, 42, 240, 468, 103, 56, 399, 353, 275, 107, 49, 487, 406, 497, 400, 166, 403, 419, 140, 273, 465, 172, 48, 243, 229, 83, 45, 493, 175, 475, 1, 311, 60, 415, 40, 409, 109, 225, 165, 61, 88, 121, 209, 67, 235, 35, 483, 510, 378, 294, 338, 280, 163, 104, 373, 131, 384, 126, 96, 231, 69, 268, 87, 180, 456, 233, 168, 363, 52, 242, 496, 359, 370, 223, 133, 355, 314, 287, 101, 79, 491, 285, 408, 74, 18, 347, 153, 125, 236, 433, 424, 250, 13, 11, 417, 303, 155, 437, 332, 301, 503, 123, 288, 2, 357, 339, 221, 85, 198, 448, 86, 203, 501, 114, 346, 64, 278, 95, 39, 365, 189, 464, 247, 217, 392, 333, 57, 284, 63, 362, 286, 443, 293, 316, 196, 435, 72, 367, 410, 383, 252, 266, 327, 185, 22, 458, 29, 361, 302, 326, 54, 211, 178, 90, 159, 0, 312, 350, 325, 461, 345, 237, 421, 328]","[332, 392, 53, 313, 479, 38, 212, 206, 49, 458, 128, 91, 288, 203, 9, 117, 126, 205, 215, 157, 20, 364, 134, 125, 72, 484, 405, 289, 245, 356, 482, 239, 221, 510, 493, 383, 124, 401, 76, 271, 104, 408, 377, 337, 340, 343, 362, 19, 43, 21, 0, 115, 51, 498, 171, 198, 399, 280, 251, 268, 106, 278, 209, 308, 440, 309, 483, 108, 255, 15, 70, 66, 263, 95, 441, 101, 445, 179, 450, 204, 31, 287, 478, 27, 99, 508, 237, 465, 8, 59, 87, 50, 78, 62, 404, 314, 98, 219, 148, 266, 28, 161, 73, 329, 97, 505, 283, 290, 246, 252, 229, 449, 321, 113, 238, 139, 172, 45, 260, 137, 130, 262, 446, 453, 141, 226, 25, 428, 507, 208, 189, 210, 305, 211, 378, 506, 342, 26, 144, 461, 143, 310, 303, 380, 348, 344, 2, 54, 299, 318, 281, 48, 75, 261, 463, 214, 418, 467, 339, 414, 121, 83, 317, 13, 127, 129, 269, 422, 359, 402, 327, 466, 488, 351, 346, 165, 319, 361, 390, 140, 384, 426, 358, 421, 162, 509, 431, 291, 116, 497, 395, 178, 201, 366, 194, 322, 490, 90, 333, 188, 192, 292, 341, 250, 193, 182, 427, 174, 297, 432, 456, 425, 74, 199, 382, 468, 335, 195, 94, 374, 68, 486, 285, 151, 325, 452, 32, 331, 282, 259, 387, 315, 295, 369, 462, 92, 249, 409, 183, 52, 434, 398, 360, 381, 71, 375, 133, 460, 293, 420, 416, 154, 81, 247, 186, 84]","[0, 2, 8, 13, 26, 45, 48, 49, 50, 52, 53, 54, 66, 68, 70, 72, 74, 76, 81, 83, 84, 87, 90, 91, 94, 95, 101, 104, 116, 121, 125, 126, 129, 133, 137, 140, 144, 165, 172, 178, 179, 182, 189, 193, 198, 203, 208, 209, 211, 212, 215, 219, 221, 229, 237, 239, 247, 249, 250, 252, 260, 266, 268, 278, 280, 281, 285, 287, 288, 293, 299, 303, 313, 314, 317, 325, 327, 332, 333, 339, 341, 342, 346, 351, 359, 360, 361, 362, 366, 374, 378, 382, 383, 384, 392, 398, 399, 402, 408, 409, 420, 421, 422, 426, 431, 434, 440, 450, 453, 456, 458, 461, 465, 468, 483, 486, 493, 497, 506, 510]"
