0,"[145, 131, 11, 108, 124, 44, 50, 128, 10, 191, 186, 38, 23, 45, 31, 134, 137, 56, 89, 152, 33, 154, 109, 0, 40, 117, 140, 20, 119, 67, 18, 110, 118, 178, 170, 173, 28, 127, 15, 17, 41, 6, 111, 174, 149, 98, 123, 141, 49, 116, 2, 168, 85, 65, 147, 179, 139, 36, 146, 121, 126, 79, 130, 144, 43, 82, 64, 167, 59, 159, 25, 39, 37, 187, 188, 105, 96, 55, 172, 32, 29, 24, 46, 84, 157, 107, 71, 176, 113, 104, 5, 66, 47, 158, 112, 53]","[68, 129, 38, 118, 5, 146, 59, 98, 3, 140, 76, 128, 189, 70, 185, 56, 73, 61, 124, 155, 63, 82, 45, 162, 15, 23, 102, 80, 65, 93, 69, 123, 138, 116, 143, 9, 170, 19, 126, 83, 183, 22, 40, 163, 26, 20, 25, 139, 168, 53, 13, 72, 117, 108, 78, 77, 105, 54, 175, 55, 179, 167, 107, 48, 28, 94, 95, 109, 50, 21, 32, 4, 158, 33, 16, 14, 184, 187, 166, 66, 52, 88, 165, 34, 1, 159, 62, 171, 30, 154, 42, 31, 161, 51, 92, 106]","[5, 15, 20, 23, 25, 28, 31, 32, 33, 38, 40, 45, 50, 53, 55, 56, 59, 65, 66, 82, 98, 105, 107, 108, 109, 116, 117, 118, 123, 124, 126, 128, 139, 140, 146, 154, 158, 159, 167, 168, 170, 179, 187]"
1,"[8, 12, 82, 117, 46, 190, 38, 95, 44, 76, 113, 66, 158, 164, 97, 182, 181, 110, 81, 150, 161, 53, 47, 126, 83, 43, 171, 106, 91, 72, 94, 96, 11, 104, 135, 56, 175, 134, 93, 101, 114, 61, 118, 35, 139, 69, 124, 15, 36, 183, 154, 88, 157, 20, 188, 146, 187, 98, 191, 100, 80, 120, 71, 136, 179, 144, 159, 174, 121, 138, 50, 68, 70, 52, 67, 57, 165, 152, 149, 178, 7, 23, 170, 19, 137, 29, 105, 3, 107, 177, 172, 48, 186, 169, 31, 63]","[58, 47, 127, 122, 46, 35, 149, 110, 18, 23, 45, 187, 33, 130, 75, 50, 98, 190, 44, 141, 136, 42, 176, 14, 191, 175, 114, 132, 178, 172, 99, 39, 84, 2, 76, 104, 6, 70, 61, 181, 16, 19, 71, 68, 115, 0, 67, 86, 148, 65, 161, 163, 83, 24, 48, 30, 63, 66, 107, 1, 101, 157, 109, 59, 183, 80, 106, 151, 78, 41, 54, 184, 138, 128, 21, 102, 38, 137, 29, 164, 26, 34, 100, 51, 10, 147, 28, 12, 174, 62, 134, 126, 103, 173, 120, 166]","[12, 19, 23, 29, 35, 38, 44, 46, 47, 48, 50, 61, 63, 66, 67, 68, 70, 71, 76, 80, 83, 98, 100, 101, 104, 106, 107, 110, 114, 120, 126, 134, 136, 137, 138, 149, 157, 161, 164, 172, 174, 175, 178, 181, 183, 187, 190, 191]"
2,"[70, 62, 80, 142, 69, 93, 107, 11, 149, 66, 134, 139, 92, 50, 131, 167, 17, 6, 72, 163, 106, 16, 31, 191, 0, 181, 61, 190, 112, 5, 43, 111, 41, 49, 38, 176, 169, 133, 74, 159, 57, 132, 64, 21, 47, 67, 162, 157, 114, 147, 45, 26, 46, 104, 18, 54, 141, 187, 14, 101, 56, 110, 177, 155, 103, 25, 109, 15, 3, 136, 29, 37, 178, 83, 82, 116, 13, 123, 42, 91, 27, 100, 124, 154, 98, 175, 126, 44, 130, 127, 164, 34, 4, 105, 28, 85]","[53, 75, 71, 20, 189, 14, 131, 107, 47, 37, 155, 148, 177, 72, 141, 93, 23, 7, 49, 157, 105, 138, 103, 132, 102, 179, 16, 140, 29, 124, 24, 45, 106, 108, 161, 62, 70, 123, 176, 101, 19, 172, 69, 95, 91, 92, 128, 175, 152, 156, 126, 39, 158, 159, 60, 100, 153, 169, 84, 112, 162, 44, 55, 80, 8, 180, 9, 120, 33, 136, 96, 104, 0, 81, 85, 160, 59, 98, 89, 171, 119, 2, 42, 116, 38, 134, 78, 94, 142, 58, 149, 67, 61, 146, 165, 48]","[0, 14, 16, 29, 37, 38, 42, 44, 45, 47, 49, 61, 62, 67, 69, 70, 72, 80, 85, 91, 92, 93, 98, 100, 101, 103, 104, 105, 106, 107, 112, 116, 123, 124, 126, 131, 132, 134, 136, 141, 142, 149, 155, 157, 159, 162, 169, 175, 176, 177]"
3,"[189, 68, 131, 142, 89, 3, 140, 150, 145, 177, 162, 59, 79, 114, 103, 6, 107, 174, 112, 11, 62, 10, 152, 58, 19, 81, 40, 8, 159, 13, 98, 122, 27, 15, 30, 147, 126, 65, 137, 156, 187, 102, 41, 42, 148, 60, 95, 118, 69, 85, 110, 29, 170, 97, 87, 70, 82, 139, 94, 144, 93, 18, 178, 61, 99, 90, 119, 55, 38, 125, 66, 26, 129, 176, 67, 127, 96, 71, 78, 45, 25, 101, 7, 50, 22, 158, 5, 171, 183, 163, 43, 132, 21, 44, 133, 180]","[62, 18, 68, 128, 58, 95, 125, 100, 99, 129, 71, 76, 96, 120, 16, 79, 114, 148, 134, 164, 1, 187, 144, 72, 163, 92, 59, 51, 111, 42, 151, 182, 17, 149, 73, 77, 133, 84, 53, 87, 52, 143, 165, 66, 22, 150, 85, 162, 184, 112, 44, 43, 154, 136, 25, 121, 60, 169, 34, 14, 181, 45, 32, 63, 35, 177, 104, 97, 49, 160, 56, 65, 47, 37, 190, 30, 12, 115, 116, 33, 127, 103, 38, 140, 147, 46, 6, 108, 29, 122, 9, 179, 21, 101, 3, 137]","[3, 6, 18, 21, 22, 25, 29, 30, 38, 42, 43, 44, 45, 58, 59, 60, 62, 65, 66, 68, 71, 79, 85, 87, 95, 96, 97, 99, 101, 103, 112, 114, 122, 125, 127, 129, 133, 137, 140, 144, 147, 148, 150, 162, 163, 177, 187]"
4,"[85, 149, 186, 118, 48, 4, 170, 134, 38, 98, 133, 17, 155, 81, 70, 32, 43, 30, 84, 165, 39, 89, 185, 102, 131, 59, 96, 24, 90, 172, 137, 169, 12, 45, 40, 91, 82, 120, 68, 160, 113, 110, 179, 138, 161, 117, 126, 107, 136, 23, 135, 124, 150, 184, 11, 167, 95, 66, 69, 20, 119, 83, 33, 64, 188, 0, 62, 176, 42, 1, 60, 156, 175, 63, 58, 15, 25, 112, 56, 8, 50, 144, 34, 80, 2, 22, 67, 86, 140, 123, 189, 183, 88, 115, 7, 41]","[91, 88, 36, 134, 187, 64, 15, 22, 69, 152, 23, 170, 49, 29, 58, 47, 182, 108, 118, 8, 155, 184, 181, 117, 169, 14, 100, 83, 102, 28, 96, 43, 92, 44, 166, 131, 12, 154, 74, 62, 48, 150, 164, 6, 163, 151, 37, 149, 146, 53, 110, 76, 136, 120, 3, 30, 165, 185, 1, 183, 162, 33, 191, 68, 188, 138, 85, 97, 84, 178, 137, 86, 115, 4, 13, 158, 126, 38, 40, 10, 159, 34, 56, 54, 180, 104, 5, 179, 156, 121, 112, 16, 172, 51, 101, 50]","[1, 4, 8, 12, 15, 22, 23, 30, 33, 34, 38, 40, 43, 48, 50, 56, 58, 62, 64, 68, 69, 83, 84, 85, 86, 88, 91, 96, 102, 110, 112, 115, 117, 118, 120, 126, 131, 134, 136, 137, 138, 149, 150, 155, 156, 165, 169, 170, 172, 179, 183, 184, 185, 188]"
5,"[24, 63, 109, 88, 40, 118, 57, 151, 35, 170, 152, 116, 2, 100, 9, 128, 37, 123, 71, 62, 8, 141, 158, 112, 56, 137, 81, 87, 184, 126, 22, 21, 133, 11, 131, 183, 54, 61, 60, 176, 172, 67, 148, 134, 177, 16, 175, 49, 161, 83, 38, 159, 165, 85, 52, 23, 135, 180, 96, 68, 58, 90, 132, 124, 162, 65, 119, 101, 160, 164, 147, 189, 64, 59, 155, 36, 190, 139, 73, 92, 111, 156, 42, 91, 166, 98, 157, 163, 39, 5, 34, 86, 94, 181, 77, 55]","[75, 126, 1, 21, 87, 71, 146, 6, 0, 60, 131, 61, 119, 44, 27, 23, 68, 151, 165, 3, 154, 47, 132, 170, 50, 78, 149, 134, 69, 76, 103, 45, 122, 181, 95, 37, 62, 115, 139, 14, 54, 80, 81, 36, 138, 46, 8, 116, 49, 99, 167, 159, 142, 35, 120, 168, 92, 112, 182, 169, 11, 70, 133, 66, 180, 16, 58, 51, 152, 20, 31, 155, 157, 143, 52, 135, 88, 144, 189, 32, 17, 91, 53, 25, 79, 163, 128, 107, 102, 26, 178, 166, 176, 109, 145, 39]","[8, 11, 16, 21, 23, 35, 36, 37, 39, 49, 52, 54, 58, 60, 61, 62, 68, 71, 81, 87, 88, 91, 92, 109, 112, 116, 119, 126, 128, 131, 132, 133, 134, 135, 139, 151, 152, 155, 157, 159, 163, 165, 166, 170, 176, 180, 181, 189]"
6,"[0, 9, 28, 111, 82, 44, 2, 146, 60, 103, 61, 153, 93, 64, 128, 114, 105, 37, 115, 179, 7, 24, 171, 127, 4, 120, 172, 178, 180, 147, 167, 65, 21, 25, 174, 125, 117, 10, 131, 86, 135, 53, 154, 163, 99, 133, 50, 57, 113, 143, 152, 116, 36, 47, 165, 181, 81, 166, 39, 83, 17, 58, 177, 77, 164, 75, 48, 67, 52, 90, 40, 76, 97, 141, 92, 104, 69, 34, 3, 176, 85, 182, 49, 89, 124, 87, 68, 46, 145, 8, 59, 16, 110, 51, 106, 55]","[132, 66, 73, 121, 37, 120, 72, 39, 167, 113, 47, 174, 142, 170, 99, 157, 148, 173, 70, 126, 42, 102, 56, 119, 71, 117, 69, 63, 190, 130, 64, 136, 168, 33, 50, 133, 186, 26, 108, 149, 175, 79, 127, 111, 67, 191, 156, 85, 129, 177, 188, 159, 35, 0, 141, 100, 89, 2, 61, 164, 83, 128, 11, 103, 189, 27, 118, 180, 151, 16, 181, 68, 22, 77, 80, 62, 36, 7, 154, 165, 45, 74, 94, 13, 51, 144, 65, 18, 134, 60, 150, 152, 162, 75, 86, 178]","[0, 2, 7, 16, 36, 37, 39, 47, 50, 51, 60, 61, 64, 65, 67, 68, 69, 75, 77, 83, 85, 86, 89, 99, 103, 111, 113, 117, 120, 127, 128, 133, 141, 152, 154, 164, 165, 167, 174, 177, 178, 180, 181]"
7,"[7, 57, 26, 42, 184, 127, 75, 156, 79, 163, 78, 151, 166, 6, 167, 147, 65, 23, 107, 139, 77, 100, 105, 41, 137, 90, 81, 17, 29, 161, 152, 31, 59, 96, 69, 128, 0, 62, 11, 125, 45, 12, 13, 68, 3, 171, 88, 106, 70, 170, 142, 110, 179, 20, 178, 33, 177, 186, 164, 1, 120, 38, 53, 165, 162, 8, 89, 109, 51, 54, 145, 115, 85, 112, 36, 160, 30, 143, 43, 27, 153, 190, 188, 37, 126, 173, 76, 34, 185, 58, 83, 138, 49, 140, 22, 176]","[115, 17, 107, 125, 152, 40, 151, 67, 159, 92, 60, 180, 63, 100, 137, 82, 187, 186, 104, 150, 116, 165, 133, 6, 7, 168, 182, 98, 114, 53, 62, 124, 2, 64, 175, 28, 10, 188, 33, 52, 139, 97, 94, 87, 29, 27, 8, 89, 81, 76, 163, 138, 162, 167, 77, 38, 99, 70, 44, 143, 19, 14, 25, 50, 141, 30, 41, 35, 103, 131, 128, 169, 132, 179, 176, 56, 127, 36, 46, 160, 106, 145, 146, 18, 173, 90, 23, 39, 113, 148, 158, 109, 4, 95, 55, 184]","[6, 7, 8, 17, 23, 27, 29, 30, 33, 36, 38, 41, 53, 62, 70, 76, 77, 81, 89, 90, 100, 106, 107, 109, 115, 125, 127, 128, 137, 138, 139, 143, 145, 151, 152, 160, 162, 163, 165, 167, 173, 176, 179, 184, 186, 188]"
8,"[108, 17, 115, 51, 109, 189, 4, 180, 113, 61, 123, 153, 157, 43, 44, 8, 96, 78, 191, 45, 22, 60, 187, 139, 14, 178, 76, 65, 184, 142, 185, 170, 130, 84, 112, 89, 160, 169, 181, 133, 188, 152, 146, 68, 86, 1, 120, 122, 7, 70, 94, 48, 116, 25, 190, 80, 132, 36, 155, 136, 149, 72, 28, 39, 5, 18, 128, 40, 19, 186, 98, 79, 118, 15, 156, 24, 55, 63, 38, 135, 172, 127, 52, 183, 81, 138, 100, 126, 71, 35, 21, 75, 165, 54, 23, 114]","[29, 137, 60, 10, 164, 4, 117, 154, 16, 14, 38, 138, 54, 171, 9, 23, 57, 99, 112, 141, 140, 183, 181, 49, 28, 61, 178, 165, 180, 125, 74, 123, 84, 17, 59, 174, 170, 68, 2, 173, 132, 30, 8, 104, 127, 151, 116, 52, 13, 97, 94, 36, 19, 93, 5, 87, 162, 82, 85, 50, 62, 0, 186, 86, 71, 133, 58, 96, 42, 53, 33, 184, 105, 135, 56, 81, 35, 122, 88, 18, 66, 72, 153, 187, 148, 44, 25, 150, 20, 139, 67, 100, 146, 106, 143, 163]","[4, 5, 8, 14, 17, 18, 19, 23, 25, 28, 35, 36, 38, 44, 52, 54, 60, 61, 68, 71, 72, 81, 84, 86, 94, 96, 100, 112, 116, 122, 123, 127, 132, 133, 135, 138, 139, 146, 153, 165, 170, 178, 180, 181, 183, 184, 186, 187]"
9,"[56, 2, 87, 71, 117, 160, 140, 121, 17, 127, 43, 101, 9, 77, 113, 76, 30, 166, 129, 177, 137, 51, 85, 132, 176, 18, 179, 59, 78, 12, 120, 165, 156, 189, 145, 14, 74, 93, 112, 69, 61, 46, 158, 21, 109, 32, 66, 147, 155, 63, 181, 24, 100, 75, 188, 67, 167, 135, 182, 49, 50, 39, 19, 116, 52, 68, 141, 57, 183, 33, 136, 62, 157, 124, 15, 44, 168, 191, 163, 151, 45, 25, 41, 128, 90, 111, 138, 48, 22, 134, 96, 40, 186, 72, 27, 65]","[188, 115, 27, 99, 97, 120, 87, 109, 174, 35, 14, 64, 51, 179, 9, 169, 86, 129, 83, 145, 180, 106, 96, 34, 23, 128, 84, 44, 143, 91, 141, 157, 166, 150, 159, 21, 81, 15, 111, 182, 171, 47, 20, 147, 68, 12, 90, 119, 28, 125, 123, 168, 148, 4, 103, 190, 57, 122, 178, 10, 88, 155, 95, 132, 104, 48, 93, 105, 170, 167, 66, 117, 60, 8, 53, 116, 56, 144, 52, 126, 177, 13, 19, 32, 149, 3, 77, 121, 46, 185, 39, 137, 89, 80, 63, 85]","[9, 12, 14, 15, 19, 21, 27, 32, 39, 44, 46, 48, 51, 52, 56, 57, 63, 66, 68, 77, 85, 87, 90, 93, 96, 109, 111, 116, 117, 120, 121, 128, 129, 132, 137, 141, 145, 147, 155, 157, 166, 167, 168, 177, 179, 182, 188]"
10,"[185, 181, 52, 174, 54, 57, 87, 19, 24, 95, 39, 180, 1, 132, 31, 86, 103, 104, 49, 82, 33, 112, 166, 94, 51, 32, 13, 74, 186, 135, 88, 75, 140, 27, 157, 79, 156, 72, 128, 139, 158, 110, 0, 70, 109, 99, 48, 108, 38, 40, 173, 42, 8, 170, 182, 58, 122, 34, 41, 191, 26, 50, 189, 164, 106, 131, 7, 55, 188, 60, 47, 81, 18, 98, 178, 163, 22, 187, 118, 92, 152, 10, 126, 37, 116, 69, 177, 30, 102, 184, 77, 35, 73, 56, 130, 136]","[176, 24, 4, 184, 53, 14, 6, 173, 93, 10, 125, 165, 159, 69, 37, 112, 63, 168, 174, 99, 127, 61, 167, 40, 191, 188, 75, 108, 102, 166, 15, 36, 139, 44, 42, 186, 138, 17, 122, 26, 119, 163, 128, 129, 153, 87, 121, 68, 56, 32, 116, 164, 2, 118, 107, 88, 178, 51, 3, 28, 148, 190, 123, 92, 158, 33, 34, 177, 144, 156, 106, 182, 126, 64, 30, 84, 57, 152, 175, 185, 150, 62, 109, 114, 16, 70, 73, 65, 137, 149, 11, 67, 82, 38, 5, 117]","[10, 24, 26, 30, 32, 33, 34, 37, 38, 40, 42, 51, 56, 57, 69, 70, 73, 75, 82, 87, 88, 92, 99, 102, 106, 108, 109, 112, 116, 118, 122, 126, 128, 139, 152, 156, 158, 163, 164, 166, 173, 174, 177, 178, 182, 184, 185, 186, 188, 191]"
11,"[8, 158, 93, 178, 159, 162, 168, 181, 129, 54, 171, 179, 24, 165, 27, 146, 3, 28, 64, 58, 95, 63, 13, 97, 145, 130, 180, 173, 53, 16, 143, 135, 150, 160, 185, 29, 167, 157, 35, 77, 10, 174, 22, 189, 44, 148, 114, 51, 48, 55, 31, 187, 1, 84, 36, 12, 81, 100, 32, 25, 170, 21, 43, 154, 52, 177, 101, 78, 82, 108, 7, 134, 141, 106, 6, 74, 190, 49, 83, 144, 175, 75, 183, 98, 122, 33, 151, 92, 62, 152, 188, 138, 94, 61, 128, 107]","[29, 150, 119, 105, 75, 43, 86, 186, 80, 27, 8, 136, 82, 152, 55, 50, 162, 70, 157, 104, 158, 26, 34, 148, 76, 182, 56, 30, 28, 159, 13, 137, 183, 99, 98, 153, 118, 31, 20, 188, 123, 163, 63, 170, 100, 94, 73, 97, 177, 60, 144, 124, 115, 41, 179, 140, 92, 113, 146, 110, 84, 17, 173, 164, 35, 172, 38, 154, 184, 107, 114, 165, 44, 57, 96, 83, 24, 93, 178, 49, 166, 161, 61, 109, 3, 32, 131, 37, 101, 51, 39, 12, 89, 145, 42, 191]","[3, 8, 12, 13, 24, 27, 28, 29, 31, 32, 35, 43, 44, 49, 51, 55, 61, 63, 75, 82, 83, 84, 92, 93, 94, 97, 98, 100, 101, 107, 114, 144, 145, 146, 148, 150, 152, 154, 157, 158, 159, 162, 165, 170, 173, 177, 178, 179, 183, 188]"
12,"[169, 173, 78, 101, 123, 33, 108, 90, 24, 164, 40, 151, 45, 0, 75, 46, 117, 185, 146, 42, 155, 21, 160, 67, 44, 50, 29, 31, 105, 126, 94, 167, 183, 6, 26, 89, 72, 147, 138, 53, 171, 43, 168, 14, 130, 7, 41, 112, 74, 162, 131, 82, 5, 141, 92, 76, 110, 62, 148, 49, 181, 190, 71, 8, 81, 25, 57, 16, 3, 149, 22, 153, 54, 144, 107, 100, 86, 170, 129, 2, 127, 68, 177, 152, 18, 9, 163, 79, 12, 134, 93, 59, 66, 77, 99, 27]","[82, 63, 184, 64, 19, 9, 7, 174, 44, 54, 145, 121, 102, 66, 104, 16, 164, 27, 33, 108, 60, 107, 120, 136, 106, 139, 51, 73, 32, 163, 148, 22, 59, 189, 188, 42, 180, 190, 76, 111, 187, 43, 37, 39, 89, 17, 149, 186, 135, 52, 2, 55, 146, 84, 88, 61, 181, 95, 126, 80, 105, 125, 0, 3, 152, 69, 87, 40, 170, 176, 118, 128, 18, 31, 133, 143, 10, 50, 151, 122, 112, 191, 178, 117, 182, 166, 15, 113, 172, 175, 179, 90, 162, 153, 97, 156]","[0, 2, 3, 7, 9, 16, 18, 22, 27, 31, 33, 40, 42, 43, 44, 50, 54, 59, 66, 76, 82, 89, 90, 105, 107, 108, 112, 117, 126, 146, 148, 149, 151, 152, 153, 162, 163, 164, 170, 181, 190]"
13,"[146, 53, 69, 15, 172, 184, 13, 85, 72, 104, 171, 65, 177, 81, 127, 11, 191, 147, 102, 39, 162, 125, 24, 170, 153, 163, 66, 110, 106, 86, 61, 122, 80, 131, 157, 92, 19, 167, 93, 159, 34, 47, 32, 118, 64, 54, 35, 158, 88, 166, 105, 50, 84, 51, 36, 8, 29, 174, 63, 115, 18, 21, 20, 136, 58, 108, 48, 186, 43, 116, 87, 156, 9, 4, 49, 144, 74, 150, 0, 75, 137, 124, 114, 68, 100, 90, 98, 95, 67, 73, 135, 181, 160, 130, 28, 101]","[35, 140, 142, 3, 106, 108, 123, 133, 100, 68, 18, 2, 129, 80, 77, 45, 189, 13, 173, 36, 29, 9, 63, 154, 163, 165, 85, 111, 59, 54, 120, 147, 180, 17, 168, 72, 118, 87, 177, 6, 152, 88, 159, 141, 78, 22, 26, 50, 57, 43, 27, 28, 167, 62, 73, 4, 15, 145, 38, 172, 97, 48, 92, 162, 153, 53, 109, 16, 131, 21, 64, 8, 117, 185, 34, 191, 102, 74, 33, 47, 71, 70, 137, 37, 98, 188, 179, 178, 89, 95, 105, 158, 124, 139, 161, 40]","[4, 8, 9, 13, 15, 18, 21, 28, 29, 34, 35, 36, 43, 47, 48, 50, 53, 54, 63, 64, 68, 72, 73, 74, 80, 85, 87, 88, 92, 95, 98, 100, 102, 105, 106, 108, 118, 124, 131, 137, 147, 153, 158, 159, 162, 163, 167, 172, 177, 191]"
14,"[19, 92, 16, 154, 148, 137, 140, 47, 157, 52, 151, 45, 13, 106, 37, 156, 40, 90, 179, 12, 69, 161, 86, 87, 185, 3, 4, 82, 25, 28, 77, 63, 103, 81, 123, 163, 33, 107, 79, 30, 72, 68, 186, 56, 166, 149, 41, 43, 46, 124, 8, 109, 119, 22, 42, 54, 150, 0, 115, 10, 162, 145, 177, 138, 14, 164, 113, 74, 139, 96, 80, 173, 116, 84, 6, 105, 110, 181, 182, 39, 32, 34, 67, 189, 17, 131, 18, 76, 153, 48, 36, 78, 71, 64, 104, 95]","[70, 12, 30, 84, 172, 125, 153, 32, 80, 164, 55, 85, 94, 182, 18, 89, 189, 127, 162, 159, 120, 130, 3, 4, 186, 27, 0, 93, 42, 78, 5, 88, 63, 158, 82, 24, 86, 117, 99, 74, 83, 67, 76, 92, 40, 11, 90, 173, 25, 22, 136, 183, 73, 157, 177, 123, 100, 146, 68, 60, 52, 10, 65, 64, 190, 75, 114, 143, 29, 122, 81, 15, 35, 50, 16, 49, 33, 45, 160, 57, 113, 139, 28, 66, 7, 148, 58, 185, 87, 71, 107, 31, 180, 36, 134, 77]","[0, 3, 4, 10, 12, 16, 18, 22, 25, 28, 30, 32, 33, 36, 40, 42, 45, 52, 63, 64, 67, 68, 71, 74, 76, 77, 78, 80, 81, 82, 84, 86, 87, 90, 92, 107, 113, 123, 139, 148, 153, 157, 162, 164, 173, 177, 182, 185, 186, 189]"
15,"[63, 44, 87, 186, 123, 129, 40, 149, 84, 125, 100, 17, 4, 141, 2, 83, 79, 86, 3, 116, 50, 95, 13, 90, 71, 39, 188, 101, 111, 61, 55, 92, 15, 70, 78, 59, 173, 1, 147, 72, 22, 124, 175, 150, 185, 56, 25, 34, 32, 133, 144, 170, 162, 130, 66, 171, 49, 52, 62, 184, 152, 183, 8, 151, 137, 132, 165, 104, 120, 119, 159, 28, 35, 46, 117, 112, 108, 21, 160, 5, 176, 74, 114, 42, 128, 16, 134, 105, 118, 76, 102, 27, 89, 157, 167, 68]","[97, 171, 42, 81, 96, 73, 162, 118, 153, 66, 36, 170, 172, 40, 60, 139, 147, 121, 92, 116, 35, 65, 123, 58, 115, 183, 53, 13, 133, 39, 100, 124, 38, 12, 107, 169, 164, 29, 156, 134, 149, 52, 129, 159, 7, 54, 8, 43, 167, 181, 74, 85, 190, 26, 31, 173, 32, 155, 151, 11, 41, 148, 122, 166, 158, 180, 161, 186, 3, 150, 137, 56, 132, 2, 34, 5, 145, 109, 103, 136, 59, 61, 130, 143, 112, 140, 95, 141, 146, 69, 62, 163, 71, 176, 23, 178]","[2, 3, 5, 8, 13, 32, 34, 35, 39, 40, 42, 52, 56, 59, 61, 62, 66, 71, 74, 92, 95, 100, 112, 116, 118, 123, 124, 129, 130, 132, 133, 134, 137, 141, 147, 149, 150, 151, 159, 162, 167, 170, 171, 173, 176, 183, 186]"
16,"[171, 4, 55, 140, 34, 115, 62, 129, 142, 35, 71, 33, 156, 100, 69, 25, 94, 170, 60, 187, 103, 26, 180, 169, 110, 147, 176, 32, 5, 38, 40, 37, 8, 84, 189, 105, 125, 43, 107, 76, 81, 160, 119, 123, 64, 31, 70, 57, 132, 112, 159, 88, 20, 124, 56, 143, 16, 148, 75, 72, 9, 178, 157, 173, 65, 135, 42, 83, 172, 122, 97, 139, 27, 1, 131, 21, 127, 73, 155, 23, 18, 22, 89, 68, 24, 174, 128, 151, 47, 141, 133, 130, 179, 79, 134, 61]","[121, 125, 162, 112, 178, 146, 66, 6, 28, 97, 154, 60, 5, 78, 107, 188, 95, 182, 156, 65, 7, 124, 118, 120, 17, 50, 21, 163, 172, 143, 90, 10, 139, 165, 117, 167, 128, 63, 48, 168, 29, 111, 74, 53, 137, 32, 61, 190, 9, 174, 92, 141, 89, 129, 31, 57, 80, 113, 130, 144, 38, 114, 88, 12, 41, 27, 0, 68, 103, 152, 104, 181, 108, 35, 123, 150, 3, 33, 185, 179, 191, 42, 45, 122, 136, 116, 109, 176, 99, 160, 131, 51, 126, 39, 106, 62]","[5, 9, 21, 27, 31, 32, 33, 35, 38, 42, 57, 60, 61, 62, 65, 68, 88, 89, 97, 103, 107, 112, 122, 123, 124, 125, 128, 129, 130, 131, 139, 141, 143, 156, 160, 172, 174, 176, 178, 179]"
17,"[174, 139, 169, 168, 184, 145, 51, 161, 90, 130, 131, 30, 3, 155, 124, 58, 153, 9, 59, 53, 52, 113, 84, 180, 178, 102, 114, 44, 132, 116, 42, 147, 105, 31, 24, 28, 128, 69, 146, 123, 81, 49, 6, 93, 89, 33, 163, 141, 40, 173, 91, 166, 35, 111, 4, 34, 57, 109, 32, 63, 158, 25, 76, 23, 15, 137, 189, 79, 157, 176, 2, 140, 133, 45, 104, 160, 126, 77, 121, 181, 87, 127, 48, 149, 0, 95, 134, 70, 85, 182, 186, 159, 5, 72, 27, 60]","[30, 51, 138, 121, 176, 108, 48, 79, 77, 72, 49, 141, 95, 172, 7, 56, 186, 60, 21, 36, 64, 17, 129, 102, 148, 18, 12, 92, 171, 185, 100, 131, 154, 182, 53, 19, 31, 191, 46, 63, 2, 69, 34, 54, 112, 39, 153, 26, 115, 143, 13, 156, 105, 1, 55, 157, 189, 133, 10, 22, 145, 136, 68, 28, 0, 47, 98, 41, 96, 42, 134, 104, 3, 84, 5, 65, 179, 177, 11, 4, 75, 180, 44, 52, 20, 103, 107, 45, 66, 149, 127, 118, 135, 97, 139, 113]","[0, 2, 3, 4, 5, 28, 30, 31, 34, 42, 44, 45, 48, 49, 51, 52, 53, 60, 63, 69, 72, 77, 79, 84, 95, 102, 104, 105, 113, 121, 127, 131, 133, 134, 139, 141, 145, 149, 153, 157, 176, 180, 182, 186, 189]"
18,"[37, 98, 119, 33, 141, 34, 113, 167, 191, 169, 61, 2, 78, 176, 107, 5, 161, 87, 56, 149, 112, 144, 72, 13, 168, 59, 55, 115, 57, 69, 110, 75, 132, 67, 14, 184, 88, 17, 84, 51, 60, 47, 163, 111, 65, 50, 126, 93, 24, 44, 105, 123, 166, 100, 135, 130, 77, 7, 42, 172, 170, 190, 175, 0, 159, 12, 138, 125, 36, 185, 62, 158, 83, 118, 54, 186, 85, 94, 92, 150, 136, 35, 58, 120, 76, 4, 23, 178, 40, 146, 6, 19, 89, 27, 140, 154]","[49, 114, 160, 113, 44, 31, 20, 149, 116, 88, 66, 98, 54, 39, 180, 153, 50, 143, 147, 151, 92, 63, 17, 64, 154, 130, 124, 184, 131, 47, 45, 41, 103, 166, 189, 6, 89, 10, 181, 134, 140, 87, 71, 56, 159, 96, 139, 104, 191, 117, 24, 172, 19, 57, 86, 118, 1, 119, 161, 35, 65, 190, 157, 158, 29, 167, 78, 46, 128, 163, 137, 121, 4, 32, 7, 135, 26, 74, 40, 170, 186, 13, 156, 37, 79, 68, 97, 141, 133, 165, 145, 84, 77, 51, 36, 76]","[4, 6, 7, 13, 17, 19, 24, 35, 36, 37, 40, 44, 47, 50, 51, 54, 56, 57, 65, 76, 77, 78, 84, 87, 88, 89, 92, 98, 113, 118, 119, 130, 135, 140, 141, 149, 154, 158, 159, 161, 163, 166, 167, 170, 172, 184, 186, 190, 191]"
19,"[73, 65, 85, 167, 81, 122, 131, 36, 26, 190, 166, 5, 178, 158, 68, 123, 41, 124, 98, 56, 79, 104, 88, 116, 72, 80, 66, 38, 187, 35, 90, 154, 118, 119, 99, 52, 101, 165, 169, 97, 142, 95, 21, 47, 102, 121, 153, 168, 63, 44, 175, 18, 177, 157, 39, 4, 130, 133, 115, 7, 49, 34, 55, 191, 100, 112, 32, 132, 69, 87, 160, 144, 3, 61, 149, 127, 107, 138, 117, 105, 58, 28, 30, 46, 94, 22, 137, 62, 110, 13, 17, 135, 29, 184, 86, 42]","[39, 87, 142, 190, 149, 112, 68, 95, 182, 22, 24, 162, 64, 169, 128, 129, 135, 12, 77, 177, 38, 97, 52, 130, 174, 155, 140, 133, 86, 108, 49, 175, 183, 76, 63, 146, 96, 84, 18, 29, 137, 170, 91, 3, 143, 147, 41, 134, 144, 0, 50, 56, 168, 85, 69, 2, 19, 55, 17, 138, 131, 37, 46, 127, 99, 172, 126, 186, 62, 187, 94, 43, 61, 125, 106, 124, 16, 89, 178, 4, 47, 154, 115, 31, 74, 44, 92, 60, 54, 100, 185, 34, 7, 152, 141, 167]","[3, 4, 7, 17, 18, 22, 29, 34, 38, 39, 41, 44, 46, 47, 49, 52, 55, 56, 61, 62, 63, 68, 69, 85, 86, 87, 94, 95, 97, 99, 100, 112, 115, 124, 127, 130, 131, 133, 135, 137, 138, 142, 144, 149, 154, 167, 168, 169, 175, 177, 178, 187, 190]"
20,"[74, 50, 185, 188, 0, 106, 12, 184, 14, 59, 81, 189, 151, 69, 68, 123, 41, 172, 85, 119, 162, 82, 10, 146, 149, 120, 133, 17, 141, 176, 111, 54, 171, 47, 124, 84, 127, 60, 55, 182, 67, 134, 104, 136, 34, 178, 56, 154, 114, 148, 190, 121, 66, 22, 70, 28, 170, 6, 183, 173, 159, 186, 38, 45, 128, 25, 39, 137, 161, 27, 13, 33, 91, 116, 135, 143, 23, 64, 144, 73, 118, 87, 168, 42, 40, 138, 61, 76, 158, 101, 86, 130, 31, 5, 3, 80]","[85, 188, 99, 59, 55, 51, 133, 77, 83, 39, 79, 191, 144, 91, 108, 116, 187, 93, 23, 105, 12, 143, 161, 101, 123, 62, 167, 86, 109, 84, 63, 151, 185, 136, 21, 135, 138, 149, 7, 95, 15, 68, 24, 71, 56, 69, 50, 90, 190, 17, 57, 157, 178, 139, 61, 16, 18, 159, 104, 70, 131, 33, 29, 118, 36, 20, 176, 87, 27, 137, 120, 98, 150, 38, 130, 37, 170, 65, 112, 155, 142, 82, 181, 172, 22, 132, 177, 147, 94, 119, 72, 182, 76, 75, 102, 152]","[12, 17, 22, 23, 27, 33, 38, 39, 50, 55, 56, 59, 61, 68, 69, 70, 76, 82, 84, 85, 86, 87, 91, 101, 104, 116, 118, 119, 120, 123, 130, 133, 135, 136, 137, 138, 143, 144, 149, 151, 159, 161, 170, 172, 176, 178, 182, 185, 188, 190]"
21,"[127, 122, 103, 49, 72, 100, 28, 115, 159, 22, 185, 146, 187, 68, 148, 5, 47, 95, 160, 189, 179, 88, 14, 26, 12, 61, 90, 132, 74, 140, 55, 166, 56, 97, 57, 62, 31, 15, 123, 63, 65, 1, 190, 4, 91, 186, 161, 76, 172, 96, 98, 150, 164, 144, 171, 85, 191, 105, 158, 21, 70, 138, 40, 41, 142, 134, 69, 113, 10, 44, 154, 125, 84, 131, 101, 45, 107, 120, 89, 156, 83, 50, 34, 183, 175, 11, 182, 29, 35, 23, 6, 0, 143, 39, 38, 16]","[43, 118, 7, 177, 87, 57, 21, 116, 120, 190, 102, 138, 19, 136, 188, 73, 10, 187, 68, 185, 82, 170, 84, 34, 81, 66, 92, 113, 95, 72, 47, 74, 2, 67, 155, 29, 139, 105, 86, 3, 128, 109, 147, 15, 94, 26, 137, 181, 60, 77, 42, 63, 23, 101, 112, 130, 11, 108, 52, 58, 133, 189, 161, 45, 8, 32, 35, 88, 22, 127, 143, 12, 62, 69, 179, 24, 165, 13, 163, 126, 103, 175, 167, 144, 71, 154, 132, 61, 93, 64, 9, 152, 27, 146, 169, 160]","[10, 11, 12, 15, 21, 22, 23, 26, 29, 34, 35, 45, 47, 57, 61, 62, 63, 68, 69, 72, 74, 84, 88, 95, 101, 103, 105, 113, 120, 127, 132, 138, 143, 144, 146, 154, 160, 161, 175, 179, 185, 187, 189, 190]"
22,"[104, 97, 84, 144, 49, 67, 179, 113, 18, 183, 72, 187, 145, 28, 51, 16, 26, 111, 22, 25, 172, 130, 184, 162, 10, 85, 0, 140, 120, 19, 4, 185, 20, 17, 77, 40, 15, 32, 62, 58, 34, 96, 29, 150, 166, 146, 11, 1, 9, 137, 98, 79, 148, 157, 23, 57, 175, 186, 110, 6, 132, 167, 118, 139, 35, 87, 161, 173, 12, 48, 30, 21, 69, 41, 83, 136, 158, 119, 13, 7, 123, 124, 42, 90, 103, 125, 33, 190, 180, 80, 94, 47, 88, 64, 76, 36]","[188, 1, 79, 114, 124, 163, 55, 142, 86, 146, 41, 140, 92, 182, 184, 128, 160, 183, 95, 57, 119, 14, 62, 47, 90, 42, 106, 110, 175, 91, 80, 134, 37, 155, 133, 154, 38, 7, 3, 9, 167, 18, 40, 150, 36, 113, 139, 46, 186, 111, 82, 157, 15, 56, 172, 161, 179, 153, 103, 112, 0, 77, 28, 63, 170, 2, 121, 164, 74, 5, 120, 48, 189, 187, 148, 162, 156, 117, 20, 147, 17, 191, 94, 43, 66, 178, 54, 65, 78, 115, 173, 68, 168, 107, 181, 33]","[0, 1, 7, 9, 15, 17, 18, 20, 28, 33, 36, 40, 41, 42, 47, 48, 57, 62, 77, 79, 80, 90, 94, 103, 110, 111, 113, 119, 120, 124, 139, 140, 146, 148, 150, 157, 161, 162, 167, 172, 173, 175, 179, 183, 184, 186, 187]"
23,"[28, 133, 91, 177, 129, 179, 63, 186, 61, 5, 76, 140, 44, 68, 18, 151, 110, 163, 64, 172, 60, 43, 105, 34, 78, 153, 85, 175, 154, 166, 147, 75, 35, 137, 37, 107, 15, 46, 92, 16, 142, 41, 33, 73, 80, 165, 144, 127, 22, 59, 72, 109, 70, 74, 138, 3, 29, 9, 36, 164, 139, 141, 160, 30, 49, 90, 14, 168, 77, 89, 101, 56, 97, 87, 122, 27, 69, 96, 131, 88, 121, 79, 17, 102, 180, 155, 66, 94, 190, 100, 55, 116, 40, 115, 113, 123]","[122, 190, 92, 47, 179, 133, 96, 85, 148, 112, 141, 97, 39, 29, 177, 3, 108, 77, 31, 119, 74, 180, 103, 181, 88, 129, 12, 34, 18, 143, 150, 166, 43, 17, 191, 178, 52, 62, 59, 162, 28, 78, 107, 19, 66, 40, 173, 1, 46, 131, 120, 139, 100, 44, 49, 102, 24, 79, 130, 113, 144, 82, 42, 161, 165, 10, 140, 91, 65, 89, 146, 6, 54, 64, 168, 87, 136, 105, 176, 84, 71, 163, 147, 174, 134, 41, 58, 90, 76, 63, 138, 153, 175, 172, 51, 99]","[3, 17, 18, 28, 29, 34, 40, 41, 43, 44, 46, 49, 59, 63, 64, 66, 74, 76, 77, 78, 79, 85, 87, 88, 89, 90, 91, 92, 96, 97, 100, 102, 105, 107, 113, 122, 129, 131, 133, 138, 139, 140, 141, 144, 147, 153, 163, 165, 166, 168, 172, 175, 177, 179, 180, 190]"
24,"[124, 156, 35, 140, 88, 2, 67, 165, 98, 184, 91, 7, 161, 16, 64, 13, 163, 142, 57, 76, 78, 181, 74, 31, 134, 137, 150, 125, 190, 68, 116, 30, 43, 102, 97, 23, 147, 177, 152, 14, 139, 178, 168, 175, 145, 0, 106, 17, 42, 71, 144, 50, 169, 95, 179, 119, 6, 89, 122, 94, 22, 118, 9, 185, 173, 121, 92, 27, 117, 141, 62, 182, 180, 186, 46, 105, 33, 18, 77, 65, 36, 128, 19, 160, 12, 75, 188, 82, 159, 176, 131, 103, 39, 167, 107, 96]","[38, 96, 145, 184, 80, 40, 14, 15, 50, 73, 94, 55, 91, 4, 98, 130, 174, 115, 13, 95, 27, 173, 136, 116, 12, 113, 3, 121, 168, 0, 47, 191, 142, 72, 102, 120, 10, 70, 149, 69, 1, 167, 86, 123, 103, 146, 160, 151, 21, 83, 105, 59, 51, 179, 185, 137, 68, 118, 108, 144, 78, 134, 126, 57, 147, 60, 110, 52, 9, 171, 166, 114, 139, 33, 35, 81, 135, 122, 49, 183, 76, 143, 159, 36, 29, 172, 46, 61, 97, 129, 5, 106, 148, 71, 104, 90]","[0, 9, 12, 13, 14, 27, 33, 35, 36, 46, 50, 57, 68, 71, 76, 78, 91, 94, 95, 96, 97, 98, 102, 103, 105, 106, 116, 118, 121, 122, 134, 137, 139, 142, 144, 145, 147, 159, 160, 167, 168, 173, 179, 184, 185]"
25,"[90, 99, 177, 66, 8, 130, 69, 121, 25, 14, 52, 50, 108, 26, 159, 118, 49, 65, 75, 114, 83, 122, 57, 103, 126, 169, 160, 41, 7, 166, 143, 20, 104, 28, 113, 36, 111, 123, 106, 117, 155, 12, 152, 74, 171, 72, 32, 120, 154, 97, 134, 173, 132, 93, 86, 175, 61, 64, 191, 6, 98, 44, 63, 186, 183, 80, 33, 53, 129, 144, 102, 73, 56, 87, 112, 139, 147, 146, 148, 188, 182, 18, 59, 179, 116, 47, 16, 11, 135, 181, 24, 37, 131, 151, 184, 163]","[139, 183, 165, 134, 109, 88, 191, 55, 27, 149, 148, 50, 117, 143, 106, 126, 173, 151, 2, 119, 118, 37, 40, 185, 10, 80, 152, 123, 113, 39, 48, 132, 66, 5, 114, 79, 12, 51, 188, 63, 145, 120, 182, 157, 74, 43, 25, 181, 83, 77, 155, 86, 171, 28, 125, 45, 133, 122, 101, 6, 91, 174, 8, 62, 154, 46, 168, 159, 102, 75, 33, 47, 24, 81, 65, 73, 23, 103, 59, 163, 186, 161, 150, 1, 110, 158, 178, 84, 19, 107, 128, 78, 52, 64, 146, 44]","[6, 8, 12, 24, 25, 28, 33, 37, 44, 47, 50, 52, 59, 63, 64, 65, 66, 73, 74, 75, 80, 83, 86, 102, 103, 106, 113, 114, 117, 118, 120, 122, 123, 126, 132, 134, 139, 143, 146, 148, 151, 152, 154, 155, 159, 163, 171, 173, 181, 182, 183, 186, 188, 191]"
26,"[159, 98, 99, 167, 33, 179, 88, 161, 41, 35, 56, 53, 57, 37, 63, 182, 102, 104, 43, 103, 76, 156, 5, 165, 158, 118, 130, 74, 174, 1, 149, 157, 100, 4, 145, 115, 17, 82, 34, 18, 121, 81, 2, 148, 111, 181, 180, 52, 44, 137, 144, 11, 62, 95, 38, 7, 65, 15, 136, 96, 30, 3, 89, 177, 160, 51, 69, 101, 109, 108, 183, 146, 87, 134, 124, 141, 188, 84, 70, 73, 86, 80, 68, 123, 59, 120, 105, 29, 186, 176, 71, 21, 187, 28, 173, 46]","[143, 181, 4, 8, 39, 40, 180, 90, 86, 147, 172, 2, 64, 92, 126, 102, 115, 177, 173, 38, 32, 99, 139, 145, 14, 129, 81, 160, 42, 190, 69, 28, 36, 176, 49, 41, 59, 66, 17, 100, 191, 101, 130, 29, 71, 82, 158, 20, 65, 170, 98, 110, 93, 57, 123, 107, 51, 148, 7, 157, 134, 46, 111, 37, 132, 183, 116, 22, 122, 76, 12, 184, 169, 154, 33, 153, 53, 108, 48, 162, 182, 175, 113, 128, 80, 67, 119, 61, 47, 73, 127, 104, 83, 15, 68, 168]","[2, 4, 7, 15, 17, 28, 29, 33, 37, 38, 41, 46, 51, 53, 57, 59, 65, 68, 69, 71, 73, 76, 80, 81, 82, 86, 98, 99, 100, 101, 102, 104, 108, 111, 115, 123, 130, 134, 145, 148, 157, 158, 160, 173, 176, 177, 180, 181, 182, 183]"
27,"[44, 79, 59, 70, 101, 69, 141, 180, 142, 8, 21, 86, 91, 55, 14, 178, 144, 162, 33, 47, 75, 161, 117, 41, 27, 127, 29, 138, 109, 64, 107, 18, 62, 81, 149, 186, 39, 156, 17, 54, 166, 74, 102, 125, 143, 99, 188, 90, 1, 48, 57, 24, 120, 84, 148, 20, 181, 19, 135, 36, 113, 122, 172, 131, 22, 126, 58, 16, 128, 103, 63, 37, 179, 132, 96, 34, 108, 30, 53, 174, 154, 145, 112, 12, 6, 61, 82, 176, 38, 164, 87, 88, 66, 158, 146, 147]","[175, 181, 1, 136, 140, 51, 118, 102, 32, 25, 156, 48, 155, 68, 43, 28, 18, 168, 179, 132, 117, 60, 191, 106, 42, 14, 44, 127, 163, 8, 7, 41, 21, 82, 97, 65, 77, 49, 93, 30, 19, 152, 84, 3, 114, 91, 178, 52, 98, 88, 177, 126, 120, 187, 182, 105, 135, 143, 144, 99, 26, 158, 190, 154, 54, 101, 107, 166, 171, 69, 108, 92, 63, 138, 2, 33, 186, 90, 66, 85, 146, 55, 112, 173, 47, 128, 87, 70, 133, 56, 61, 62, 109, 79, 115, 24]","[1, 8, 14, 18, 19, 21, 24, 30, 33, 41, 44, 47, 48, 54, 55, 61, 62, 63, 66, 69, 70, 79, 82, 84, 87, 88, 90, 91, 99, 101, 102, 107, 108, 109, 112, 117, 120, 126, 127, 128, 132, 135, 138, 143, 144, 146, 154, 156, 158, 166, 178, 179, 181, 186]"
28,"[37, 32, 16, 15, 47, 170, 178, 52, 44, 158, 167, 93, 138, 23, 187, 36, 94, 151, 119, 85, 29, 190, 160, 115, 49, 18, 98, 125, 161, 35, 74, 91, 112, 87, 12, 0, 17, 4, 20, 31, 21, 83, 141, 136, 188, 7, 177, 127, 171, 100, 174, 191, 110, 54, 11, 130, 122, 46, 78, 72, 14, 149, 134, 107, 131, 137, 39, 135, 70, 40, 84, 184, 82, 156, 6, 114, 182, 148, 132, 183, 164, 60, 139, 64, 123, 27, 113, 180, 62, 10, 8, 104, 144, 179, 128, 116]","[137, 24, 143, 159, 22, 65, 102, 14, 101, 83, 25, 40, 129, 121, 150, 66, 167, 123, 188, 122, 79, 17, 39, 53, 18, 106, 140, 59, 30, 186, 173, 38, 175, 62, 10, 158, 96, 6, 162, 48, 70, 131, 45, 189, 118, 154, 185, 4, 94, 147, 148, 109, 86, 27, 146, 153, 91, 133, 107, 160, 15, 9, 184, 124, 28, 21, 157, 113, 85, 81, 90, 164, 92, 155, 63, 111, 7, 50, 52, 89, 41, 58, 77, 149, 74, 108, 0, 33, 180, 142, 20, 130, 165, 174, 68, 55]","[0, 4, 6, 7, 10, 14, 15, 17, 18, 20, 21, 27, 39, 40, 52, 62, 70, 74, 83, 85, 91, 94, 107, 113, 122, 123, 130, 131, 137, 148, 149, 158, 160, 164, 167, 174, 180, 184, 188]"
29,"[179, 79, 85, 46, 18, 12, 65, 41, 186, 20, 118, 11, 70, 72, 126, 47, 177, 33, 151, 73, 138, 137, 128, 51, 90, 185, 8, 114, 175, 57, 38, 164, 174, 140, 148, 125, 45, 145, 178, 124, 91, 19, 162, 7, 17, 172, 58, 81, 191, 52, 71, 158, 56, 26, 136, 122, 53, 25, 15, 63, 107, 80, 109, 190, 31, 69, 147, 0, 169, 112, 44, 131, 154, 184, 88, 86, 144, 129, 92, 50, 4, 166, 2, 188, 59, 99, 139, 157, 37, 163, 94, 168, 105, 117, 149, 24]","[102, 181, 24, 115, 43, 129, 166, 137, 95, 167, 132, 151, 21, 186, 116, 190, 160, 183, 184, 89, 61, 67, 148, 130, 69, 118, 162, 154, 145, 99, 139, 87, 111, 46, 58, 146, 170, 71, 165, 78, 155, 177, 81, 171, 189, 169, 97, 182, 23, 96, 117, 86, 103, 2, 98, 84, 52, 147, 47, 42, 133, 101, 51, 104, 37, 93, 136, 176, 50, 32, 138, 127, 31, 124, 122, 10, 39, 82, 9, 16, 60, 178, 66, 143, 185, 163, 109, 141, 159, 100, 72, 187, 45, 26, 36, 4]","[2, 4, 24, 26, 31, 37, 45, 46, 47, 50, 51, 52, 58, 69, 71, 72, 81, 86, 99, 109, 117, 118, 122, 124, 129, 136, 137, 138, 139, 145, 147, 148, 151, 154, 162, 163, 166, 169, 177, 178, 184, 185, 186, 190]"
30,"[163, 61, 101, 118, 53, 123, 124, 68, 135, 47, 91, 8, 43, 14, 136, 67, 13, 75, 127, 153, 55, 15, 88, 134, 44, 50, 172, 169, 79, 173, 165, 36, 103, 12, 54, 109, 161, 137, 122, 2, 42, 146, 180, 20, 174, 83, 111, 90, 167, 76, 114, 92, 30, 105, 73, 86, 102, 77, 41, 120, 183, 74, 80, 32, 52, 187, 108, 96, 35, 57, 56, 38, 9, 176, 157, 3, 185, 179, 155, 188, 104, 156, 144, 110, 78, 171, 25, 39, 191, 189, 85, 40, 69, 121, 4, 11]","[120, 60, 73, 135, 132, 31, 54, 85, 184, 110, 37, 62, 48, 181, 93, 84, 71, 59, 94, 174, 89, 72, 142, 128, 13, 166, 106, 182, 38, 69, 51, 163, 131, 96, 53, 149, 124, 107, 153, 66, 162, 176, 56, 25, 185, 137, 74, 50, 150, 64, 58, 188, 119, 79, 34, 4, 2, 169, 14, 70, 154, 47, 108, 105, 183, 130, 189, 141, 16, 6, 52, 117, 180, 82, 126, 99, 57, 0, 8, 151, 97, 32, 29, 55, 177, 127, 18, 21, 129, 136, 125, 187, 30, 35, 49, 68]","[2, 4, 8, 13, 14, 25, 30, 32, 35, 38, 47, 50, 52, 53, 54, 55, 56, 57, 68, 69, 73, 74, 79, 85, 96, 105, 108, 110, 120, 124, 127, 135, 136, 137, 153, 163, 169, 174, 176, 180, 183, 185, 187, 188, 189]"
31,"[96, 179, 121, 109, 130, 190, 18, 41, 105, 187, 161, 140, 4, 125, 167, 11, 143, 75, 112, 183, 186, 50, 164, 66, 33, 160, 49, 159, 30, 48, 189, 35, 44, 166, 123, 133, 172, 27, 129, 162, 43, 157, 12, 111, 17, 21, 2, 116, 132, 39, 31, 154, 68, 25, 74, 144, 176, 15, 128, 135, 77, 94, 101, 108, 156, 120, 54, 122, 155, 177, 32, 38, 3, 92, 42, 8, 146, 107, 40, 34, 142, 53, 118, 110, 80, 59, 87, 163, 173, 180, 184, 88, 1, 103, 175, 147]","[75, 177, 110, 135, 113, 150, 69, 33, 118, 49, 97, 22, 102, 116, 12, 147, 141, 28, 96, 159, 182, 132, 18, 0, 79, 185, 73, 175, 83, 151, 145, 59, 104, 57, 122, 156, 27, 29, 108, 16, 66, 165, 186, 77, 117, 152, 179, 166, 127, 87, 88, 76, 137, 89, 121, 129, 120, 111, 20, 99, 84, 105, 48, 9, 25, 136, 184, 176, 65, 85, 80, 140, 174, 7, 90, 153, 109, 45, 72, 106, 37, 100, 15, 35, 91, 86, 56, 170, 10, 82, 93, 131, 17, 92, 44, 4]","[4, 12, 15, 17, 18, 25, 27, 33, 35, 44, 48, 49, 59, 66, 75, 77, 80, 87, 88, 92, 96, 105, 108, 109, 110, 111, 116, 118, 120, 121, 122, 129, 132, 135, 140, 147, 156, 159, 166, 175, 176, 177, 179, 184, 186]"
32,"[97, 75, 30, 96, 59, 56, 5, 167, 38, 81, 177, 23, 143, 74, 66, 132, 186, 166, 111, 86, 91, 125, 0, 47, 152, 157, 63, 191, 183, 171, 42, 180, 13, 39, 33, 150, 45, 19, 22, 129, 57, 117, 161, 169, 88, 15, 93, 136, 162, 49, 148, 89, 77, 147, 164, 3, 44, 182, 9, 80, 112, 165, 7, 156, 134, 73, 137, 27, 138, 128, 70, 69, 130, 50, 154, 172, 32, 102, 114, 36, 170, 187, 21, 151, 16, 17, 10, 184, 163, 52, 139, 40, 18, 55, 103, 126]","[59, 90, 99, 157, 161, 110, 124, 17, 126, 13, 173, 50, 77, 132, 104, 100, 163, 96, 151, 102, 54, 152, 7, 142, 113, 39, 140, 2, 27, 89, 190, 10, 175, 169, 119, 6, 66, 31, 76, 121, 30, 5, 129, 189, 67, 174, 182, 160, 65, 181, 58, 114, 122, 72, 125, 112, 82, 162, 153, 34, 35, 188, 91, 117, 48, 9, 51, 25, 86, 36, 18, 46, 139, 115, 20, 101, 33, 29, 12, 44, 136, 144, 154, 14, 28, 24, 63, 84, 168, 92, 16, 80, 41, 62, 78, 156]","[5, 7, 9, 10, 13, 16, 17, 18, 27, 30, 33, 36, 39, 44, 50, 59, 63, 66, 77, 80, 86, 89, 91, 96, 102, 112, 114, 117, 125, 126, 129, 132, 136, 139, 151, 152, 154, 156, 157, 161, 162, 163, 169, 182]"
33,"[53, 167, 45, 168, 97, 99, 84, 135, 158, 147, 106, 40, 55, 182, 125, 64, 141, 114, 17, 150, 148, 39, 32, 134, 124, 74, 81, 146, 29, 90, 87, 123, 128, 164, 163, 76, 35, 13, 63, 62, 75, 133, 189, 6, 175, 34, 68, 132, 188, 190, 115, 70, 88, 27, 136, 3, 52, 129, 91, 94, 15, 159, 83, 102, 104, 82, 10, 105, 69, 145, 41, 140, 152, 160, 155, 122, 19, 181, 9, 186, 5, 43, 179, 0, 153, 178, 73, 119, 180, 23, 126, 51, 131, 54, 7, 191]","[158, 88, 6, 180, 95, 77, 92, 148, 121, 30, 185, 78, 79, 26, 139, 42, 57, 12, 155, 141, 10, 160, 151, 174, 31, 69, 81, 122, 112, 182, 93, 175, 19, 22, 43, 152, 133, 91, 74, 132, 68, 2, 181, 61, 60, 178, 29, 137, 125, 27, 89, 82, 170, 62, 130, 66, 111, 128, 108, 8, 49, 56, 14, 100, 45, 184, 123, 190, 33, 98, 1, 80, 165, 156, 177, 35, 47, 164, 40, 142, 188, 157, 154, 149, 51, 37, 86, 28, 168, 65, 162, 136, 54, 145, 16, 25]","[6, 10, 19, 27, 29, 35, 40, 43, 45, 51, 54, 62, 68, 69, 74, 81, 82, 88, 91, 122, 123, 125, 128, 132, 133, 136, 141, 145, 148, 152, 155, 158, 160, 164, 168, 175, 178, 180, 181, 182, 188, 190]"
34,"[158, 148, 95, 168, 121, 97, 162, 166, 117, 68, 145, 28, 57, 114, 159, 120, 8, 185, 71, 138, 181, 109, 64, 14, 124, 41, 35, 44, 122, 66, 21, 104, 174, 130, 182, 85, 179, 13, 189, 183, 29, 46, 147, 50, 40, 129, 176, 31, 47, 128, 69, 39, 52, 118, 107, 163, 87, 102, 164, 101, 15, 1, 171, 161, 125, 108, 79, 55, 157, 137, 172, 77, 9, 24, 82, 27, 58, 65, 144, 76, 150, 146, 3, 61, 113, 5, 111, 190, 177, 63, 22, 169, 131, 70, 134, 51]","[3, 153, 161, 36, 41, 19, 160, 174, 126, 69, 113, 152, 24, 84, 125, 163, 51, 15, 23, 80, 9, 118, 170, 12, 93, 165, 61, 164, 107, 17, 28, 187, 156, 27, 73, 21, 26, 53, 62, 59, 65, 140, 182, 112, 95, 143, 122, 50, 147, 158, 137, 115, 116, 31, 32, 70, 20, 66, 130, 39, 13, 25, 55, 121, 44, 89, 178, 35, 45, 58, 68, 0, 34, 105, 1, 42, 185, 136, 134, 171, 46, 4, 169, 99, 100, 76, 180, 155, 186, 127, 57, 77, 131, 117, 6, 64]","[1, 3, 9, 13, 15, 21, 24, 27, 28, 31, 35, 39, 41, 44, 46, 50, 51, 55, 57, 58, 61, 64, 65, 66, 68, 69, 70, 76, 77, 95, 107, 113, 117, 118, 121, 122, 125, 130, 131, 134, 137, 147, 158, 161, 163, 164, 169, 171, 174, 182, 185]"
35,"[35, 120, 13, 40, 94, 161, 17, 156, 184, 55, 49, 57, 115, 105, 126, 64, 168, 36, 99, 79, 28, 100, 21, 54, 86, 33, 96, 31, 106, 2, 34, 59, 8, 180, 43, 191, 123, 71, 20, 131, 92, 29, 22, 97, 45, 137, 160, 61, 190, 88, 7, 73, 11, 47, 139, 72, 103, 146, 74, 51, 75, 95, 41, 6, 155, 15, 108, 101, 164, 138, 186, 150, 9, 129, 167, 60, 145, 102, 121, 82, 151, 124, 26, 179, 148, 65, 175, 153, 91, 14, 172, 84, 44, 93, 46, 128]","[177, 190, 157, 56, 84, 130, 94, 39, 25, 16, 21, 176, 44, 170, 53, 156, 38, 153, 150, 14, 0, 164, 89, 184, 105, 49, 12, 23, 59, 5, 179, 80, 111, 69, 77, 166, 29, 187, 27, 48, 172, 85, 68, 10, 98, 63, 24, 191, 86, 101, 169, 102, 152, 154, 41, 122, 46, 93, 55, 79, 178, 58, 173, 31, 106, 28, 32, 91, 167, 4, 186, 82, 138, 64, 112, 144, 45, 33, 171, 137, 83, 95, 148, 8, 119, 2, 145, 42, 19, 52, 61, 117, 40, 151, 109, 6]","[2, 6, 8, 14, 21, 28, 29, 31, 33, 40, 41, 44, 45, 46, 49, 55, 59, 61, 64, 79, 82, 84, 86, 91, 93, 94, 95, 101, 102, 105, 106, 137, 138, 145, 148, 150, 151, 153, 156, 164, 167, 172, 179, 184, 186, 190, 191]"
36,"[85, 82, 131, 170, 70, 33, 9, 27, 96, 39, 30, 162, 119, 65, 144, 47, 69, 134, 75, 81, 180, 154, 72, 163, 150, 80, 31, 63, 141, 16, 129, 25, 97, 76, 19, 13, 114, 8, 187, 12, 61, 159, 87, 130, 190, 57, 155, 111, 2, 95, 107, 179, 161, 52, 35, 93, 189, 68, 182, 135, 48, 167, 112, 101, 78, 157, 147, 136, 53, 120, 138, 160, 184, 152, 98, 128, 140, 43, 18, 125, 142, 106, 92, 99, 6, 0, 11, 23, 59, 42, 186, 3, 66, 123, 181, 139]","[129, 109, 51, 89, 176, 174, 172, 42, 86, 35, 164, 60, 138, 183, 171, 108, 117, 47, 187, 87, 68, 56, 159, 118, 88, 140, 69, 181, 150, 24, 73, 169, 91, 156, 116, 22, 65, 135, 39, 62, 8, 145, 120, 139, 98, 3, 28, 186, 146, 125, 126, 94, 1, 188, 30, 170, 17, 52, 137, 92, 100, 102, 31, 112, 107, 177, 12, 131, 18, 122, 72, 105, 182, 40, 180, 165, 23, 178, 16, 191, 63, 14, 27, 134, 147, 97, 74, 19, 59, 144, 58, 110, 167, 29, 161, 142]","[3, 8, 12, 16, 18, 19, 23, 27, 30, 31, 35, 39, 42, 47, 52, 59, 63, 65, 68, 69, 72, 87, 92, 97, 98, 107, 112, 120, 125, 129, 131, 134, 135, 138, 139, 140, 142, 144, 147, 150, 159, 161, 167, 170, 180, 181, 182, 186, 187]"
37,"[91, 185, 100, 35, 167, 179, 5, 86, 17, 43, 189, 28, 53, 12, 161, 46, 0, 61, 158, 159, 8, 50, 42, 33, 188, 132, 37, 117, 121, 74, 26, 134, 135, 41, 97, 16, 95, 68, 1, 120, 75, 83, 49, 111, 84, 2, 85, 40, 72, 127, 51, 7, 119, 60, 168, 92, 176, 108, 133, 57, 109, 62, 138, 130, 122, 141, 181, 115, 129, 38, 149, 184, 89, 79, 93, 139, 14, 153, 155, 140, 170, 77, 123, 178, 144, 13, 66, 113, 81, 151, 180, 128, 71, 183, 76, 24]","[52, 150, 58, 110, 178, 105, 84, 184, 60, 20, 159, 40, 107, 113, 144, 181, 100, 190, 185, 3, 59, 4, 179, 171, 88, 101, 33, 78, 156, 98, 153, 50, 128, 19, 167, 62, 26, 80, 121, 67, 2, 143, 151, 188, 115, 77, 55, 43, 180, 8, 15, 114, 126, 54, 70, 163, 146, 61, 47, 39, 149, 165, 6, 12, 94, 85, 170, 127, 17, 140, 139, 169, 116, 11, 25, 45, 72, 56, 132, 63, 108, 162, 93, 29, 122, 109, 142, 73, 120, 176, 172, 34, 147, 145, 106, 46]","[2, 8, 12, 17, 26, 33, 40, 43, 46, 50, 60, 61, 62, 72, 77, 84, 85, 93, 100, 108, 109, 113, 115, 120, 121, 122, 127, 128, 132, 139, 140, 144, 149, 151, 153, 159, 167, 170, 176, 178, 179, 180, 181, 184, 185, 188]"
38,"[57, 114, 141, 157, 169, 147, 53, 46, 117, 74, 84, 107, 143, 161, 112, 68, 36, 181, 165, 152, 113, 91, 159, 99, 104, 2, 139, 123, 134, 48, 85, 184, 160, 66, 186, 8, 6, 31, 79, 126, 167, 138, 121, 173, 102, 93, 45, 100, 60, 33, 70, 54, 4, 25, 23, 35, 154, 170, 119, 132, 189, 191, 125, 111, 43, 22, 162, 129, 164, 64, 116, 44, 19, 20, 128, 47, 175, 15, 67, 11, 92, 50, 61, 122, 136, 118, 127, 86, 82, 158, 144, 69, 153, 16, 21, 38]","[159, 176, 181, 173, 164, 46, 188, 66, 37, 93, 5, 139, 140, 48, 75, 114, 22, 145, 156, 15, 60, 119, 42, 12, 158, 82, 162, 184, 16, 28, 85, 65, 91, 32, 40, 169, 21, 81, 141, 105, 26, 17, 126, 137, 138, 53, 86, 109, 147, 153, 1, 168, 108, 136, 71, 179, 167, 51, 111, 120, 6, 116, 98, 101, 59, 58, 190, 11, 80, 27, 52, 73, 161, 163, 9, 117, 110, 24, 134, 62, 151, 56, 178, 36, 88, 95, 122, 8, 133, 135, 45, 83, 175, 61, 160, 30]","[6, 8, 11, 15, 16, 21, 22, 36, 45, 46, 48, 53, 60, 61, 66, 82, 85, 86, 91, 93, 111, 114, 116, 117, 119, 122, 126, 134, 136, 138, 139, 141, 147, 153, 158, 159, 160, 161, 162, 164, 167, 169, 173, 175, 181, 184]"
39,"[24, 28, 47, 174, 112, 42, 121, 67, 3, 154, 29, 41, 128, 146, 134, 13, 116, 183, 22, 137, 105, 81, 178, 173, 15, 108, 65, 148, 44, 129, 177, 110, 122, 131, 12, 120, 106, 61, 59, 14, 104, 169, 181, 49, 118, 23, 115, 155, 176, 78, 6, 88, 89, 91, 17, 164, 117, 159, 33, 144, 152, 133, 75, 9, 1, 163, 54, 4, 160, 142, 170, 48, 87, 141, 114, 190, 46, 123, 166, 83, 60, 180, 149, 132, 157, 162, 92, 73, 36, 62, 187, 150, 189, 70, 45, 119]","[123, 186, 145, 132, 173, 147, 48, 191, 0, 22, 3, 183, 44, 18, 134, 31, 33, 16, 56, 65, 95, 94, 59, 136, 187, 76, 120, 36, 161, 170, 143, 189, 139, 43, 29, 78, 88, 82, 149, 107, 21, 138, 86, 178, 164, 133, 6, 77, 142, 8, 61, 26, 172, 72, 148, 151, 150, 96, 180, 64, 176, 135, 184, 177, 55, 174, 114, 46, 157, 102, 97, 116, 62, 13, 128, 112, 104, 121, 38, 127, 79, 7, 163, 47, 70, 51, 52, 53, 165, 146, 181, 168, 93, 41, 160, 71]","[3, 6, 13, 22, 29, 33, 36, 41, 44, 46, 47, 48, 59, 61, 62, 65, 70, 78, 88, 104, 112, 114, 116, 120, 121, 123, 128, 132, 133, 134, 142, 146, 148, 149, 150, 157, 160, 163, 164, 170, 173, 174, 176, 177, 178, 180, 181, 183, 187, 189]"
40,"[123, 6, 165, 61, 177, 41, 44, 60, 81, 40, 70, 12, 187, 158, 50, 122, 64, 144, 80, 15, 96, 7, 8, 69, 119, 89, 11, 28, 180, 84, 75, 175, 168, 46, 16, 17, 63, 55, 143, 114, 104, 139, 160, 52, 82, 67, 97, 19, 23, 79, 92, 38, 155, 27, 33, 24, 9, 131, 77, 142, 149, 4, 78, 22, 128, 101, 169, 185, 156, 146, 190, 18, 129, 186, 145, 153, 189, 148, 29, 73, 170, 53, 99, 32, 184, 138, 13, 14, 74, 173, 83, 174, 181, 91, 108, 179]","[45, 35, 36, 84, 122, 28, 136, 30, 173, 92, 126, 62, 151, 119, 131, 117, 33, 8, 51, 144, 55, 79, 159, 180, 56, 111, 89, 82, 98, 171, 13, 1, 105, 172, 41, 100, 40, 143, 141, 43, 90, 20, 157, 190, 86, 123, 21, 158, 64, 32, 10, 175, 179, 189, 2, 87, 54, 25, 142, 163, 94, 70, 152, 187, 148, 106, 5, 19, 93, 15, 174, 9, 127, 118, 83, 165, 78, 178, 156, 80, 134, 38, 26, 124, 48, 183, 184, 96, 128, 155, 6, 73, 18, 23, 34, 67]","[6, 8, 9, 13, 15, 18, 19, 23, 28, 32, 33, 38, 40, 41, 55, 64, 67, 70, 73, 78, 79, 80, 82, 83, 84, 89, 92, 96, 119, 122, 123, 128, 131, 142, 143, 144, 148, 155, 156, 158, 165, 173, 174, 175, 179, 180, 184, 187, 189, 190]"
41,"[50, 179, 186, 12, 148, 154, 127, 61, 110, 60, 74, 44, 27, 82, 176, 116, 81, 133, 47, 87, 75, 149, 178, 88, 128, 23, 73, 64, 174, 111, 80, 182, 3, 139, 118, 68, 189, 11, 13, 107, 54, 29, 76, 66, 69, 104, 126, 125, 161, 187, 41, 130, 92, 155, 52, 77, 31, 102, 114, 136, 34, 40, 185, 183, 158, 143, 32, 180, 156, 173, 106, 51, 120, 164, 83, 101, 113, 146, 22, 78, 97, 57, 184, 124, 37, 93, 18, 175, 165, 59, 19, 25, 65, 10, 86, 43]","[125, 100, 162, 120, 16, 158, 52, 53, 57, 50, 88, 64, 167, 81, 108, 77, 132, 22, 67, 75, 60, 131, 129, 106, 176, 166, 6, 97, 99, 153, 45, 115, 82, 62, 160, 184, 21, 83, 178, 1, 93, 173, 46, 8, 113, 161, 65, 41, 2, 103, 174, 191, 117, 36, 84, 98, 128, 15, 26, 78, 80, 134, 35, 168, 91, 63, 32, 138, 34, 156, 159, 56, 163, 179, 76, 89, 59, 95, 180, 172, 177, 121, 29, 71, 17, 18, 102, 123, 74, 130, 42, 11, 186, 111, 124, 94]","[11, 18, 22, 29, 32, 34, 41, 50, 52, 57, 59, 60, 64, 65, 74, 75, 76, 77, 78, 80, 81, 82, 83, 88, 93, 97, 102, 106, 111, 113, 120, 124, 125, 128, 130, 156, 158, 161, 173, 174, 176, 178, 179, 180, 184, 186]"
42,"[119, 74, 27, 3, 165, 84, 159, 93, 142, 107, 185, 33, 191, 47, 0, 69, 150, 151, 120, 172, 99, 183, 90, 111, 58, 46, 95, 20, 145, 125, 4, 177, 50, 110, 101, 147, 78, 121, 45, 108, 61, 67, 42, 116, 19, 156, 135, 79, 53, 122, 13, 17, 55, 1, 167, 117, 124, 140, 174, 5, 41, 141, 114, 48, 54, 127, 39, 166, 38, 56, 71, 170, 37, 92, 187, 76, 106, 57, 96, 81, 158, 186, 14, 152, 52, 22, 100, 97, 7, 62, 129, 44, 164, 168, 130, 181]","[82, 46, 64, 55, 9, 83, 107, 128, 59, 188, 87, 79, 12, 92, 146, 163, 62, 159, 112, 168, 103, 109, 148, 78, 97, 158, 57, 90, 151, 39, 100, 113, 94, 21, 150, 171, 105, 161, 50, 142, 49, 40, 152, 182, 111, 153, 65, 139, 37, 134, 149, 155, 157, 110, 2, 178, 16, 186, 44, 143, 84, 36, 127, 118, 77, 35, 133, 91, 45, 144, 131, 80, 85, 23, 93, 156, 28, 63, 10, 6, 24, 56, 115, 135, 89, 3, 47, 52, 29, 190, 169, 51, 22, 58, 69, 176]","[3, 22, 37, 39, 44, 45, 46, 47, 50, 52, 55, 56, 57, 58, 62, 69, 78, 79, 84, 90, 92, 93, 97, 100, 107, 110, 111, 127, 135, 142, 150, 151, 152, 156, 158, 159, 168, 186]"
43,"[190, 151, 172, 107, 60, 51, 183, 175, 120, 164, 1, 67, 144, 91, 150, 32, 186, 147, 146, 35, 71, 170, 27, 58, 3, 98, 117, 23, 89, 80, 22, 37, 4, 187, 85, 111, 48, 182, 116, 128, 15, 137, 167, 122, 7, 162, 177, 30, 184, 176, 73, 53, 143, 95, 138, 161, 43, 20, 133, 14, 41, 44, 158, 8, 39, 17, 179, 149, 33, 0, 168, 154, 52, 16, 42, 96, 166, 66, 19, 47, 188, 142, 115, 76, 45, 84, 75, 72, 68, 163, 110, 145, 29, 99, 124, 55]","[118, 18, 178, 95, 87, 113, 119, 65, 80, 146, 97, 172, 169, 98, 175, 50, 160, 121, 145, 17, 137, 132, 25, 177, 105, 92, 71, 101, 59, 183, 139, 4, 46, 99, 22, 51, 21, 130, 115, 28, 188, 124, 88, 11, 191, 66, 125, 116, 64, 179, 53, 34, 129, 120, 190, 14, 158, 68, 12, 27, 151, 86, 142, 52, 131, 90, 31, 168, 20, 83, 54, 150, 75, 189, 127, 43, 62, 153, 74, 73, 7, 144, 187, 2, 84, 173, 60, 112, 108, 149, 184, 94, 13, 134, 155, 16]","[4, 7, 14, 16, 17, 20, 22, 27, 43, 51, 52, 53, 60, 66, 68, 71, 73, 75, 80, 84, 95, 98, 99, 115, 116, 120, 124, 137, 142, 144, 145, 146, 149, 150, 151, 158, 168, 172, 175, 177, 179, 183, 184, 187, 188, 190]"
44,"[6, 12, 136, 71, 2, 11, 165, 132, 46, 176, 70, 73, 139, 106, 182, 111, 64, 17, 183, 145, 43, 157, 126, 67, 120, 62, 49, 30, 156, 54, 39, 107, 115, 138, 69, 181, 91, 76, 89, 163, 161, 85, 151, 61, 47, 28, 170, 8, 152, 149, 160, 32, 104, 103, 172, 84, 95, 127, 77, 18, 150, 137, 34, 31, 40, 191, 186, 24, 128, 35, 189, 171, 51, 86, 135, 58, 130, 9, 143, 57, 179, 88, 66, 29, 36, 1, 65, 164, 15, 112, 27, 105, 56, 102, 99, 25]","[77, 109, 55, 146, 93, 57, 9, 44, 76, 162, 126, 6, 184, 52, 85, 11, 152, 137, 148, 47, 188, 41, 169, 66, 187, 160, 154, 59, 40, 68, 24, 127, 81, 34, 176, 86, 186, 51, 28, 106, 0, 16, 124, 113, 64, 13, 22, 167, 164, 78, 179, 39, 173, 107, 70, 136, 72, 156, 12, 182, 114, 111, 95, 37, 94, 92, 132, 27, 50, 2, 23, 48, 91, 185, 3, 26, 14, 5, 150, 118, 110, 56, 90, 157, 38, 105, 143, 112, 7, 175, 130, 115, 122, 79, 29, 20]","[2, 6, 9, 11, 12, 24, 27, 28, 29, 34, 39, 40, 47, 51, 56, 57, 64, 66, 70, 76, 77, 85, 86, 91, 95, 105, 106, 107, 111, 112, 115, 126, 127, 130, 132, 136, 137, 143, 150, 152, 156, 157, 160, 164, 176, 179, 182, 186]"
45,"[11, 171, 36, 170, 81, 79, 67, 63, 13, 131, 39, 166, 55, 168, 64, 80, 156, 0, 73, 112, 123, 178, 10, 136, 4, 128, 144, 44, 174, 155, 12, 32, 16, 120, 101, 35, 53, 143, 181, 6, 189, 105, 127, 27, 147, 17, 85, 160, 129, 177, 18, 167, 41, 119, 154, 37, 142, 20, 82, 75, 26, 163, 108, 186, 157, 141, 187, 113, 117, 124, 169, 140, 100, 83, 137, 21, 23, 60, 94, 19, 59, 48, 5, 158, 58, 49, 148, 38, 3, 34, 30, 102, 183, 15, 84, 121]","[174, 64, 51, 135, 141, 156, 77, 171, 89, 84, 98, 160, 152, 158, 75, 41, 27, 61, 50, 45, 185, 150, 92, 2, 54, 66, 143, 22, 177, 105, 47, 11, 32, 6, 58, 31, 87, 146, 82, 123, 85, 157, 137, 78, 179, 145, 126, 112, 170, 104, 90, 131, 96, 29, 13, 175, 5, 1, 162, 52, 184, 80, 182, 101, 111, 9, 173, 188, 70, 120, 34, 26, 19, 83, 151, 91, 180, 15, 53, 190, 71, 76, 139, 57, 140, 55, 117, 114, 63, 129, 40, 48, 44, 14, 106, 30]","[5, 6, 11, 13, 15, 19, 26, 27, 30, 32, 34, 41, 44, 48, 53, 55, 58, 63, 64, 75, 80, 82, 83, 84, 85, 101, 105, 112, 117, 120, 123, 129, 131, 137, 140, 141, 143, 156, 157, 158, 160, 170, 171, 174, 177]"
46,"[35, 22, 113, 166, 25, 69, 17, 8, 80, 181, 172, 52, 186, 174, 37, 83, 55, 177, 88, 45, 146, 161, 42, 189, 155, 143, 61, 171, 117, 3, 111, 31, 7, 84, 163, 114, 141, 107, 97, 19, 170, 185, 102, 28, 100, 139, 140, 0, 164, 79, 147, 176, 81, 131, 128, 78, 99, 101, 144, 56, 115, 67, 148, 18, 91, 47, 13, 65, 86, 33, 95, 112, 96, 64, 51, 77, 132, 53, 54, 182, 142, 68, 59, 138, 191, 11, 58, 178, 46, 70, 44, 57, 32, 39, 122, 75]","[88, 129, 82, 76, 190, 8, 5, 87, 70, 74, 153, 186, 98, 166, 178, 130, 154, 3, 101, 61, 146, 132, 64, 6, 12, 115, 152, 175, 144, 109, 160, 72, 134, 24, 157, 187, 164, 14, 105, 27, 9, 169, 46, 59, 182, 123, 36, 58, 108, 151, 62, 183, 161, 100, 137, 78, 104, 69, 93, 54, 155, 10, 96, 63, 71, 41, 147, 57, 121, 94, 53, 188, 128, 145, 34, 73, 148, 177, 156, 189, 55, 40, 44, 173, 124, 125, 37, 179, 15, 99, 171, 116, 80, 165, 90, 136]","[3, 8, 37, 44, 46, 53, 54, 55, 57, 58, 59, 61, 64, 69, 70, 78, 80, 88, 96, 99, 100, 101, 115, 128, 132, 144, 146, 147, 148, 155, 161, 164, 166, 171, 177, 178, 182, 186, 189]"
47,"[151, 110, 8, 101, 109, 22, 6, 144, 5, 20, 51, 164, 176, 107, 187, 30, 65, 71, 49, 181, 31, 33, 57, 9, 59, 78, 146, 141, 133, 79, 166, 13, 142, 93, 68, 177, 125, 170, 127, 134, 108, 168, 129, 43, 139, 36, 137, 175, 145, 3, 124, 42, 86, 191, 75, 1, 114, 160, 15, 131, 24, 186, 14, 138, 165, 62, 18, 91, 2, 117, 26, 82, 32, 189, 106, 169, 112, 120, 0, 16, 130, 66, 94, 167, 21, 132, 156, 97, 47, 184, 54, 161, 37, 73, 126, 171]","[139, 100, 125, 14, 165, 179, 178, 140, 104, 103, 5, 133, 79, 106, 145, 166, 157, 3, 31, 9, 17, 40, 41, 117, 83, 30, 65, 88, 82, 151, 146, 68, 70, 182, 153, 29, 123, 90, 175, 6, 48, 190, 177, 44, 98, 185, 189, 102, 188, 167, 19, 131, 93, 114, 105, 27, 180, 1, 158, 128, 147, 81, 159, 49, 11, 94, 163, 191, 54, 89, 34, 91, 36, 119, 73, 60, 132, 72, 69, 173, 56, 162, 24, 144, 171, 12, 16, 112, 37, 59, 8, 64, 4, 138, 113, 118]","[1, 3, 5, 6, 8, 9, 14, 16, 24, 30, 31, 36, 37, 49, 54, 59, 65, 68, 73, 79, 82, 91, 93, 94, 106, 112, 114, 117, 125, 131, 132, 133, 138, 139, 144, 145, 146, 151, 165, 166, 167, 171, 175, 177, 189, 191]"
48,"[14, 33, 143, 72, 101, 116, 180, 39, 164, 124, 185, 27, 30, 53, 129, 98, 157, 86, 66, 51, 5, 24, 159, 99, 38, 174, 85, 55, 9, 191, 84, 166, 162, 45, 179, 96, 4, 163, 121, 78, 43, 149, 75, 151, 34, 183, 42, 139, 37, 161, 50, 167, 28, 137, 158, 0, 115, 171, 186, 134, 59, 106, 61, 154, 146, 126, 12, 127, 152, 144, 125, 56, 112, 67, 1, 92, 103, 97, 100, 21, 123, 147, 36, 65, 82, 40, 104, 165, 160, 155, 122, 173, 6, 148, 145, 11]","[127, 75, 74, 31, 70, 164, 184, 188, 52, 161, 24, 32, 186, 123, 40, 152, 0, 97, 125, 39, 136, 12, 57, 92, 131, 154, 91, 146, 42, 142, 47, 94, 14, 134, 181, 95, 145, 36, 162, 121, 155, 172, 90, 16, 139, 20, 99, 160, 7, 118, 96, 81, 86, 8, 163, 61, 67, 128, 124, 151, 104, 56, 108, 44, 84, 187, 29, 38, 190, 129, 71, 55, 105, 144, 153, 77, 106, 167, 169, 88, 180, 78, 175, 114, 11, 157, 2, 183, 119, 150, 4, 13, 72, 10, 165, 141]","[0, 4, 11, 12, 14, 24, 36, 38, 39, 40, 42, 55, 56, 61, 67, 72, 75, 78, 84, 86, 92, 96, 97, 99, 104, 106, 121, 123, 124, 125, 127, 129, 134, 139, 144, 145, 146, 151, 152, 154, 155, 157, 160, 161, 162, 163, 164, 165, 167, 180, 183, 186]"
49,"[144, 100, 157, 10, 140, 149, 128, 68, 94, 183, 137, 118, 35, 71, 5, 41, 162, 20, 89, 180, 103, 21, 16, 147, 133, 189, 91, 92, 119, 77, 24, 171, 46, 114, 85, 74, 102, 154, 175, 185, 151, 126, 76, 27, 95, 87, 105, 173, 108, 123, 131, 139, 169, 188, 106, 121, 51, 177, 9, 153, 81, 156, 186, 86, 42, 69, 113, 31, 117, 132, 165, 29, 96, 47, 61, 67, 53, 1, 34, 152, 88, 155, 37, 52, 174, 62, 158, 54, 145, 179, 84, 130, 170, 57, 146, 99]","[73, 128, 112, 6, 36, 159, 48, 160, 87, 83, 162, 50, 45, 103, 30, 13, 11, 10, 165, 167, 189, 188, 113, 171, 2, 179, 38, 86, 9, 120, 88, 151, 135, 152, 140, 109, 29, 34, 144, 107, 12, 134, 0, 56, 49, 14, 141, 82, 106, 32, 100, 170, 181, 105, 185, 154, 65, 85, 53, 41, 26, 91, 121, 173, 157, 116, 102, 99, 60, 67, 175, 139, 182, 72, 180, 176, 68, 43, 37, 110, 169, 178, 166, 22, 117, 80, 19, 54, 21, 146, 153, 92, 96, 74, 94, 1]","[1, 9, 10, 21, 29, 34, 37, 41, 53, 54, 67, 68, 74, 85, 86, 87, 88, 91, 92, 94, 96, 99, 100, 102, 103, 105, 106, 113, 117, 121, 128, 139, 140, 144, 146, 151, 152, 153, 154, 157, 162, 165, 169, 170, 171, 173, 175, 179, 180, 185, 188, 189]"
50,"[123, 44, 57, 144, 130, 113, 121, 133, 60, 118, 172, 41, 190, 167, 46, 34, 40, 8, 164, 175, 146, 141, 134, 173, 84, 158, 137, 107, 161, 83, 52, 103, 160, 105, 188, 156, 80, 65, 89, 110, 101, 92, 54, 62, 79, 29, 124, 39, 155, 114, 150, 97, 28, 99, 58, 140, 74, 73, 98, 128, 122, 185, 14, 37, 86, 159, 187, 169, 93, 126, 50, 142, 102, 112, 100, 116, 48, 171, 70, 174, 162, 96, 81, 85, 0, 131, 69, 33, 63, 25, 186, 129, 45, 180, 178, 23]","[162, 175, 169, 58, 110, 55, 24, 177, 187, 171, 112, 148, 23, 128, 48, 51, 170, 4, 83, 182, 37, 21, 181, 161, 92, 76, 73, 90, 104, 35, 142, 120, 77, 189, 71, 53, 18, 113, 16, 164, 156, 152, 75, 41, 8, 52, 42, 31, 28, 67, 103, 178, 49, 127, 84, 102, 184, 155, 134, 191, 78, 39, 64, 26, 122, 89, 32, 47, 130, 153, 159, 11, 96, 174, 72, 63, 13, 144, 167, 129, 59, 111, 69, 2, 188, 19, 66, 121, 82, 179, 17, 65, 87, 86, 57, 56]","[8, 23, 28, 37, 39, 41, 48, 52, 57, 58, 63, 65, 69, 73, 83, 84, 86, 89, 92, 96, 102, 103, 110, 112, 113, 121, 122, 128, 129, 130, 134, 142, 144, 155, 156, 159, 161, 162, 164, 167, 169, 171, 174, 175, 178, 187, 188]"
51,"[63, 180, 176, 33, 71, 165, 112, 124, 29, 86, 115, 19, 60, 143, 174, 13, 17, 109, 92, 144, 32, 40, 170, 5, 130, 65, 30, 85, 49, 173, 88, 189, 62, 28, 145, 48, 46, 101, 123, 37, 18, 82, 184, 24, 140, 97, 191, 25, 11, 138, 2, 31, 178, 159, 171, 183, 166, 108, 186, 53, 127, 117, 58, 95, 15, 158, 164, 177, 110, 98, 64, 69, 163, 128, 84, 47, 161, 75, 169, 41, 111, 102, 6, 3, 179, 96, 182, 153, 149, 73, 61, 121, 80, 22, 83, 168]","[66, 190, 67, 102, 64, 170, 73, 183, 101, 25, 42, 130, 68, 32, 6, 55, 52, 54, 33, 159, 61, 63, 175, 186, 123, 149, 139, 169, 79, 107, 132, 65, 155, 81, 89, 86, 87, 37, 162, 158, 134, 62, 136, 120, 1, 122, 98, 8, 90, 185, 181, 178, 105, 20, 104, 131, 88, 189, 82, 16, 58, 13, 168, 72, 18, 127, 3, 113, 47, 30, 43, 11, 146, 106, 53, 147, 117, 125, 161, 145, 40, 74, 163, 7, 14, 35, 182, 51, 77, 160, 112, 115, 138, 91, 28, 48]","[3, 6, 11, 13, 18, 25, 28, 30, 32, 33, 37, 40, 47, 48, 53, 58, 61, 62, 63, 64, 65, 73, 82, 86, 88, 98, 101, 102, 112, 115, 117, 123, 127, 130, 138, 145, 149, 158, 159, 161, 163, 168, 169, 170, 178, 182, 183, 186, 189]"
52,"[6, 135, 33, 137, 132, 37, 167, 164, 57, 50, 139, 114, 38, 183, 61, 144, 190, 100, 69, 165, 169, 96, 187, 91, 30, 117, 39, 22, 141, 14, 59, 10, 76, 84, 58, 62, 90, 36, 52, 150, 191, 103, 181, 115, 18, 138, 11, 126, 74, 99, 43, 2, 140, 185, 42, 170, 149, 180, 34, 110, 12, 161, 131, 70, 120, 29, 16, 175, 112, 65, 85, 48, 166, 7, 146, 20, 174, 168, 188, 147, 172, 67, 15, 1, 4, 79, 107, 130, 145, 51, 17, 108, 63, 136, 109, 159]","[11, 143, 120, 16, 123, 52, 109, 156, 99, 56, 6, 131, 145, 36, 51, 126, 7, 185, 177, 142, 57, 30, 90, 9, 149, 23, 81, 14, 182, 184, 70, 82, 49, 87, 35, 83, 0, 129, 105, 171, 1, 60, 170, 68, 189, 153, 190, 54, 15, 25, 188, 93, 39, 103, 139, 160, 124, 168, 13, 115, 164, 106, 75, 65, 27, 128, 151, 132, 133, 4, 180, 165, 55, 47, 181, 158, 12, 69, 116, 85, 162, 191, 66, 140, 107, 179, 80, 97, 112, 32, 41, 53, 44, 113, 167, 26]","[1, 4, 6, 7, 11, 12, 14, 15, 16, 30, 36, 39, 51, 52, 57, 65, 69, 70, 85, 90, 99, 103, 107, 109, 112, 115, 120, 126, 131, 132, 139, 140, 145, 149, 164, 165, 167, 168, 170, 180, 181, 185, 188, 190, 191]"
53,"[57, 14, 162, 98, 7, 131, 69, 114, 137, 23, 48, 79, 42, 86, 188, 39, 51, 2, 78, 144, 134, 54, 129, 156, 147, 15, 181, 169, 125, 45, 29, 161, 177, 94, 109, 92, 130, 66, 33, 20, 150, 191, 174, 173, 89, 158, 76, 110, 183, 107, 55, 97, 187, 65, 88, 178, 37, 68, 6, 87, 116, 164, 41, 138, 0, 149, 119, 171, 141, 24, 113, 60, 46, 34, 67, 145, 123, 36, 16, 19, 25, 71, 168, 153, 81, 59, 31, 91, 108, 56, 165, 52, 8, 77, 11, 74]","[156, 8, 95, 123, 69, 145, 116, 81, 57, 164, 128, 93, 40, 118, 105, 153, 119, 39, 165, 14, 134, 86, 1, 77, 189, 45, 87, 50, 125, 106, 80, 185, 94, 182, 151, 162, 58, 101, 21, 169, 114, 117, 62, 12, 73, 186, 161, 42, 171, 158, 10, 34, 140, 150, 31, 25, 148, 23, 76, 67, 157, 37, 109, 178, 79, 163, 61, 103, 59, 63, 43, 98, 143, 56, 135, 129, 2, 121, 64, 183, 35, 38, 3, 175, 72, 28, 46, 30, 83, 75, 97, 139, 124, 130, 51, 0]","[0, 2, 8, 14, 23, 25, 31, 34, 37, 39, 42, 45, 46, 51, 56, 57, 59, 67, 69, 76, 77, 79, 81, 86, 87, 94, 97, 98, 109, 114, 116, 119, 123, 125, 129, 130, 134, 145, 150, 153, 156, 158, 161, 162, 164, 165, 169, 171, 178, 183]"
54,"[150, 105, 26, 157, 180, 63, 41, 167, 162, 178, 47, 147, 60, 24, 115, 16, 85, 184, 76, 38, 181, 91, 190, 57, 145, 49, 52, 48, 28, 67, 188, 118, 154, 171, 93, 134, 146, 187, 102, 13, 66, 151, 113, 4, 17, 186, 101, 19, 80, 152, 20, 8, 111, 64, 133, 97, 3, 165, 144, 22, 148, 155, 143, 10, 21, 170, 98, 125, 35, 84, 173, 114, 65, 73, 176, 137, 83, 90, 42, 75, 156, 27, 123, 158, 116, 103, 11, 70, 34, 127, 100, 112, 159, 135, 0, 95]","[28, 121, 102, 107, 105, 95, 168, 1, 59, 82, 108, 75, 128, 163, 144, 88, 58, 20, 29, 48, 187, 184, 153, 152, 26, 64, 45, 55, 32, 79, 50, 30, 174, 25, 118, 157, 12, 155, 130, 18, 94, 146, 56, 23, 119, 43, 170, 169, 93, 83, 100, 7, 143, 110, 115, 158, 17, 165, 54, 46, 138, 98, 159, 81, 114, 3, 161, 151, 41, 133, 103, 2, 120, 125, 137, 24, 162, 139, 9, 37, 72, 142, 42, 92, 15, 31, 4, 175, 16, 38, 80, 87, 74, 188, 62, 47]","[3, 4, 16, 17, 20, 24, 26, 28, 38, 41, 42, 47, 48, 64, 75, 80, 83, 93, 95, 98, 100, 102, 103, 105, 114, 115, 118, 125, 133, 137, 143, 144, 146, 151, 152, 155, 157, 158, 159, 162, 165, 170, 184, 187, 188]"
55,"[85, 86, 155, 25, 100, 55, 75, 39, 13, 136, 177, 131, 15, 176, 14, 34, 41, 154, 160, 135, 4, 7, 114, 38, 51, 118, 93, 97, 54, 57, 182, 134, 164, 187, 140, 146, 65, 123, 181, 180, 78, 23, 185, 16, 158, 107, 105, 74, 169, 99, 139, 151, 43, 166, 56, 186, 79, 50, 137, 27, 108, 48, 142, 104, 162, 42, 46, 90, 145, 84, 138, 101, 163, 2, 26, 126, 188, 69, 117, 153, 20, 96, 63, 68, 71, 102, 178, 67, 122, 157, 128, 147, 172, 3, 94, 87]","[167, 82, 120, 72, 42, 146, 5, 163, 56, 150, 0, 62, 91, 168, 80, 126, 51, 149, 127, 66, 181, 50, 8, 153, 38, 41, 178, 39, 43, 166, 52, 98, 124, 123, 87, 13, 131, 95, 102, 174, 144, 169, 60, 76, 54, 145, 46, 187, 75, 78, 190, 191, 108, 23, 9, 15, 33, 48, 92, 67, 2, 132, 137, 152, 143, 53, 188, 59, 116, 107, 1, 22, 173, 155, 182, 12, 164, 134, 65, 10, 44, 156, 117, 93, 90, 179, 110, 121, 129, 81, 140, 147, 157, 6, 186, 84]","[2, 13, 15, 23, 38, 39, 41, 42, 43, 46, 48, 50, 51, 54, 56, 65, 67, 75, 78, 84, 87, 90, 93, 102, 107, 108, 117, 123, 126, 131, 134, 137, 140, 145, 146, 147, 153, 155, 157, 163, 164, 166, 169, 178, 181, 182, 186, 187, 188]"
56,"[162, 119, 170, 64, 178, 29, 134, 56, 123, 161, 16, 22, 40, 81, 146, 44, 144, 166, 177, 111, 15, 120, 115, 138, 143, 190, 102, 129, 72, 173, 35, 147, 183, 18, 114, 12, 87, 180, 52, 61, 110, 187, 172, 94, 7, 109, 140, 125, 1, 107, 156, 112, 167, 142, 2, 157, 100, 80, 51, 83, 176, 63, 4, 174, 169, 155, 79, 181, 175, 130, 127, 41, 45, 70, 133, 23, 9, 53, 184, 36, 27, 165, 26, 47, 131, 159, 124, 122, 113, 65, 78, 75, 85, 76, 90, 49]","[66, 10, 18, 169, 24, 51, 178, 119, 62, 182, 19, 144, 83, 112, 190, 133, 106, 118, 15, 142, 63, 60, 90, 154, 152, 22, 114, 162, 103, 134, 89, 2, 105, 111, 87, 8, 131, 65, 57, 13, 181, 99, 147, 11, 48, 171, 143, 45, 29, 7, 120, 82, 97, 136, 85, 55, 49, 176, 104, 0, 26, 102, 156, 59, 5, 174, 40, 184, 4, 84, 155, 94, 46, 159, 86, 140, 183, 139, 27, 61, 151, 101, 43, 72, 125, 64, 110, 117, 6, 73, 132, 38, 109, 80, 187, 23]","[2, 4, 7, 15, 18, 22, 23, 26, 27, 29, 40, 45, 49, 51, 61, 63, 64, 65, 72, 80, 83, 85, 87, 90, 94, 102, 109, 110, 111, 112, 114, 119, 120, 125, 131, 133, 134, 140, 142, 143, 144, 147, 155, 156, 159, 162, 169, 174, 176, 178, 181, 183, 184, 187, 190]"
57,"[35, 127, 48, 59, 73, 33, 14, 162, 103, 101, 25, 119, 186, 94, 123, 161, 83, 5, 69, 7, 111, 120, 88, 143, 180, 6, 136, 190, 70, 84, 141, 65, 63, 28, 23, 30, 99, 145, 3, 78, 178, 98, 4, 27, 39, 147, 44, 109, 117, 151, 171, 22, 160, 50, 174, 17, 43, 154, 125, 80, 185, 86, 31, 45, 114, 41, 102, 76, 130, 42, 140, 32, 52, 121, 47, 19, 55, 90, 142, 135, 148, 189, 177, 67, 175, 105, 53, 66, 124, 166, 8, 152, 81, 149, 10, 157]","[187, 186, 180, 0, 9, 90, 108, 164, 68, 97, 51, 8, 177, 162, 52, 144, 64, 175, 133, 182, 190, 135, 82, 188, 46, 132, 91, 96, 102, 29, 85, 95, 181, 35, 19, 61, 42, 109, 27, 48, 161, 114, 26, 74, 120, 1, 39, 65, 107, 124, 142, 72, 22, 84, 83, 20, 110, 105, 18, 41, 115, 103, 11, 172, 170, 140, 3, 60, 56, 17, 28, 130, 178, 104, 45, 143, 100, 116, 173, 54, 122, 13, 183, 43, 81, 136, 16, 146, 76, 12, 37, 153, 25, 94, 89, 118]","[3, 8, 17, 19, 22, 25, 27, 28, 35, 39, 41, 42, 43, 45, 48, 52, 65, 76, 81, 83, 84, 90, 94, 102, 103, 105, 109, 114, 120, 124, 130, 135, 136, 140, 142, 143, 161, 162, 175, 177, 178, 180, 186, 190]"
58,"[120, 123, 23, 29, 5, 1, 73, 169, 128, 159, 63, 175, 42, 68, 21, 0, 100, 78, 74, 35, 80, 52, 108, 115, 7, 190, 131, 84, 76, 47, 83, 170, 174, 135, 56, 60, 88, 71, 28, 90, 186, 110, 70, 12, 130, 59, 49, 157, 182, 117, 138, 179, 96, 133, 154, 184, 15, 72, 165, 40, 9, 185, 14, 64, 98, 94, 163, 75, 111, 58, 37, 24, 97, 8, 46, 145, 134, 183, 11, 137, 148, 45, 136, 22, 150, 4, 181, 113, 141, 164, 158, 177, 124, 66, 167, 33]","[189, 96, 47, 83, 48, 64, 131, 13, 23, 59, 91, 81, 66, 1, 27, 116, 127, 19, 50, 157, 7, 77, 106, 152, 71, 184, 168, 25, 139, 88, 35, 146, 5, 155, 160, 156, 119, 32, 186, 98, 15, 34, 67, 140, 43, 86, 123, 10, 12, 14, 95, 147, 21, 148, 26, 175, 90, 29, 44, 65, 39, 99, 94, 0, 172, 18, 87, 162, 143, 180, 132, 121, 190, 28, 72, 103, 37, 56, 11, 46, 93, 52, 115, 102, 191, 165, 30, 33, 58, 74, 185, 135, 187, 104, 112, 85]","[0, 1, 5, 7, 11, 12, 14, 15, 21, 23, 28, 29, 33, 35, 37, 46, 47, 52, 56, 58, 59, 64, 66, 71, 72, 74, 83, 88, 90, 94, 96, 98, 115, 123, 131, 135, 148, 157, 165, 175, 184, 185, 186, 190]"
59,"[114, 61, 68, 6, 147, 55, 84, 42, 170, 190, 98, 17, 27, 146, 162, 151, 22, 1, 5, 101, 93, 148, 34, 70, 128, 65, 153, 143, 89, 29, 13, 168, 80, 64, 53, 132, 86, 96, 144, 9, 102, 16, 191, 8, 37, 14, 161, 120, 186, 141, 7, 119, 174, 111, 160, 164, 169, 28, 103, 81, 97, 171, 26, 173, 125, 91, 0, 77, 107, 67, 116, 178, 30, 20, 52, 123, 189, 121, 4, 185, 139, 165, 122, 176, 56, 59, 15, 108, 177, 117, 45, 35, 99, 21, 73, 72]","[131, 160, 54, 175, 51, 4, 57, 96, 146, 143, 145, 23, 115, 165, 1, 93, 67, 35, 9, 21, 66, 186, 147, 0, 116, 171, 58, 174, 126, 59, 92, 80, 89, 121, 169, 100, 91, 183, 135, 24, 182, 76, 53, 110, 130, 34, 158, 157, 27, 156, 25, 101, 185, 176, 111, 117, 69, 15, 170, 125, 190, 70, 102, 107, 140, 45, 137, 26, 189, 18, 142, 152, 19, 78, 132, 86, 136, 52, 81, 162, 47, 77, 120, 123, 41, 37, 161, 72, 17, 97, 122, 30, 108, 5, 172, 138]","[0, 1, 4, 5, 9, 15, 17, 21, 26, 27, 30, 34, 35, 37, 45, 52, 53, 59, 67, 70, 72, 77, 80, 81, 86, 89, 91, 93, 96, 97, 101, 102, 107, 108, 111, 116, 117, 120, 121, 122, 123, 125, 132, 143, 146, 147, 160, 161, 162, 165, 169, 170, 171, 174, 176, 185, 186, 189, 190]"
60,"[140, 115, 58, 183, 170, 79, 106, 177, 174, 138, 141, 132, 40, 190, 125, 119, 135, 14, 180, 73, 25, 182, 111, 46, 8, 67, 53, 150, 123, 0, 71, 55, 21, 191, 48, 18, 105, 102, 130, 6, 162, 80, 101, 20, 9, 171, 66, 37, 43, 89, 98, 91, 172, 184, 16, 124, 75, 126, 31, 176, 69, 148, 72, 168, 175, 4, 92, 103, 117, 15, 167, 107, 51, 146, 158, 153, 36, 109, 151, 143, 38, 166, 42, 60, 160, 157, 3, 54, 164, 83, 65, 114, 112, 33, 1, 110]","[31, 175, 46, 4, 44, 163, 9, 52, 0, 37, 100, 95, 12, 172, 1, 83, 132, 21, 101, 74, 191, 114, 151, 137, 131, 78, 68, 153, 7, 130, 181, 126, 94, 184, 47, 104, 27, 177, 73, 66, 56, 34, 49, 96, 26, 118, 32, 174, 55, 42, 133, 85, 158, 54, 57, 160, 77, 169, 148, 38, 152, 122, 173, 142, 59, 105, 125, 17, 19, 140, 65, 134, 3, 185, 62, 155, 136, 35, 107, 28, 178, 116, 139, 87, 41, 18, 171, 86, 69, 113, 120, 61, 121, 11, 25, 106]","[0, 1, 3, 4, 9, 18, 21, 25, 31, 37, 38, 42, 46, 54, 55, 65, 66, 69, 73, 83, 101, 105, 106, 107, 114, 125, 126, 130, 132, 140, 148, 151, 153, 158, 160, 171, 172, 174, 175, 177, 184, 191]"
61,"[45, 176, 167, 119, 116, 25, 111, 114, 163, 28, 19, 120, 125, 165, 27, 153, 183, 107, 187, 182, 124, 177, 36, 1, 97, 102, 110, 2, 100, 37, 132, 134, 139, 184, 0, 70, 117, 190, 42, 104, 112, 168, 161, 11, 77, 38, 96, 73, 40, 39, 173, 63, 61, 60, 46, 3, 76, 22, 98, 53, 115, 69, 24, 15, 62, 160, 123, 118, 93, 155, 12, 141, 185, 65, 133, 144, 122, 59, 21, 41, 143, 87, 49, 84, 86, 129, 137, 10, 147, 162, 175, 85, 17, 128, 58, 106]","[104, 138, 101, 171, 134, 11, 35, 181, 43, 94, 97, 38, 120, 165, 49, 133, 58, 57, 21, 127, 186, 78, 182, 53, 125, 164, 180, 110, 137, 5, 23, 103, 189, 88, 36, 166, 54, 32, 175, 118, 146, 83, 96, 12, 6, 74, 109, 174, 149, 129, 102, 156, 71, 30, 18, 143, 16, 179, 82, 24, 107, 28, 115, 37, 122, 52, 56, 121, 44, 183, 70, 27, 45, 34, 108, 111, 15, 77, 9, 46, 150, 176, 90, 106, 144, 3, 145, 62, 63, 60, 10, 14, 42, 92, 22, 168]","[3, 10, 11, 12, 15, 21, 22, 24, 27, 28, 36, 37, 38, 42, 45, 46, 49, 53, 58, 60, 62, 63, 70, 77, 96, 97, 102, 104, 106, 107, 110, 111, 115, 118, 120, 122, 125, 129, 133, 134, 137, 143, 144, 165, 168, 175, 176, 182, 183]"
62,"[1, 179, 78, 142, 103, 71, 54, 151, 55, 6, 154, 21, 96, 148, 163, 104, 76, 97, 9, 178, 157, 90, 37, 120, 29, 191, 23, 81, 119, 180, 68, 113, 182, 175, 40, 188, 99, 0, 169, 135, 117, 34, 67, 65, 183, 46, 114, 53, 18, 101, 116, 187, 171, 86, 41, 38, 27, 45, 73, 13, 139, 190, 39, 95, 170, 149, 172, 107, 82, 150, 44, 56, 31, 144, 36, 24, 60, 123, 25, 58, 32, 59, 147, 77, 33, 15, 63, 74, 19, 26, 85, 110, 51, 141, 111, 174]","[184, 129, 70, 164, 84, 40, 23, 142, 125, 16, 78, 135, 155, 183, 72, 31, 81, 51, 56, 122, 2, 166, 67, 11, 50, 86, 94, 170, 36, 35, 168, 186, 181, 145, 143, 30, 55, 130, 93, 111, 49, 32, 176, 103, 29, 18, 112, 79, 139, 9, 151, 21, 48, 39, 124, 90, 82, 188, 131, 134, 154, 117, 61, 106, 59, 104, 162, 108, 187, 71, 123, 133, 85, 179, 20, 191, 27, 150, 17, 62, 38, 69, 98, 160, 7, 26, 91, 161, 13, 190, 42, 110, 157, 12, 177, 116]","[9, 13, 18, 21, 23, 26, 27, 29, 31, 32, 36, 38, 39, 40, 51, 55, 56, 59, 67, 71, 78, 81, 82, 85, 86, 90, 103, 104, 110, 111, 116, 117, 123, 135, 139, 142, 150, 151, 154, 157, 170, 179, 183, 187, 188, 190, 191]"
63,"[145, 48, 92, 121, 89, 56, 139, 71, 37, 108, 36, 82, 17, 45, 124, 13, 74, 189, 112, 26, 1, 191, 51, 77, 73, 157, 30, 133, 137, 185, 5, 95, 120, 14, 154, 102, 169, 20, 155, 109, 62, 98, 67, 114, 104, 8, 117, 186, 16, 78, 33, 177, 47, 23, 79, 103, 87, 11, 179, 96, 111, 123, 187, 29, 141, 176, 63, 151, 76, 129, 184, 166, 156, 10, 165, 3, 83, 160, 55, 148, 100, 107, 171, 42, 68, 164, 97, 105, 136, 118, 90, 35, 34, 180, 50, 142]","[39, 152, 191, 143, 67, 51, 20, 176, 69, 75, 13, 40, 180, 54, 120, 183, 65, 163, 133, 45, 6, 141, 87, 165, 68, 125, 94, 52, 4, 149, 16, 112, 132, 114, 83, 168, 131, 58, 15, 42, 33, 157, 161, 118, 49, 122, 117, 177, 17, 140, 91, 43, 106, 92, 148, 23, 78, 22, 79, 105, 164, 126, 41, 144, 155, 135, 138, 26, 12, 21, 98, 127, 104, 169, 3, 184, 11, 27, 145, 121, 174, 24, 44, 64, 50, 119, 116, 134, 46, 159, 139, 47, 156, 18, 190, 86]","[3, 11, 13, 16, 17, 20, 23, 26, 33, 42, 45, 47, 50, 51, 67, 68, 78, 79, 83, 87, 92, 98, 104, 105, 112, 114, 117, 118, 120, 121, 133, 139, 141, 145, 148, 155, 156, 157, 164, 165, 169, 176, 177, 180, 184, 191]"
64,"[127, 181, 133, 78, 21, 64, 97, 151, 132, 109, 188, 171, 28, 50, 140, 88, 121, 153, 159, 86, 111, 123, 22, 103, 146, 66, 98, 100, 12, 41, 31, 61, 166, 149, 44, 11, 59, 134, 90, 27, 30, 29, 56, 84, 122, 2, 33, 10, 144, 158, 169, 43, 52, 26, 107, 161, 57, 180, 124, 63, 167, 54, 155, 5, 186, 79, 32, 62, 16, 17, 184, 174, 93, 45, 4, 135, 39, 20, 96, 165, 145, 38, 87, 49, 177, 173, 42, 67, 46, 70, 189, 77, 15, 69, 117, 130]","[50, 170, 28, 65, 133, 138, 132, 116, 6, 122, 98, 61, 185, 100, 152, 57, 11, 37, 103, 54, 125, 118, 109, 71, 112, 82, 22, 35, 145, 184, 90, 25, 123, 179, 147, 176, 148, 119, 89, 135, 24, 95, 10, 178, 33, 83, 45, 67, 111, 115, 60, 30, 29, 51, 49, 166, 140, 91, 153, 74, 106, 186, 142, 113, 15, 86, 26, 62, 3, 141, 121, 154, 9, 38, 7, 110, 52, 39, 158, 94, 144, 72, 78, 160, 85, 150, 155, 18, 66, 55, 97, 167, 31, 108, 68, 104]","[10, 11, 15, 22, 26, 28, 29, 30, 31, 33, 38, 39, 45, 49, 50, 52, 54, 57, 61, 62, 66, 67, 78, 86, 90, 97, 98, 100, 103, 109, 111, 121, 122, 123, 132, 133, 135, 140, 144, 145, 153, 155, 158, 166, 167, 184, 186]"
65,"[147, 24, 83, 26, 22, 174, 128, 87, 38, 169, 175, 71, 143, 170, 7, 53, 92, 150, 95, 189, 184, 5, 119, 10, 146, 86, 188, 116, 115, 12, 30, 48, 127, 59, 57, 187, 126, 46, 191, 68, 21, 137, 47, 1, 2, 155, 36, 15, 11, 62, 112, 61, 118, 140, 172, 31, 156, 40, 78, 35, 131, 39, 158, 96, 171, 185, 103, 23, 9, 162, 44, 32, 75, 186, 166, 167, 99, 74, 105, 66, 29, 41, 145, 20, 173, 34, 33, 84, 151, 154, 50, 149, 120, 76, 58, 14]","[69, 91, 72, 61, 38, 93, 115, 26, 20, 158, 102, 164, 156, 187, 104, 46, 132, 1, 97, 53, 96, 149, 77, 76, 182, 100, 2, 142, 154, 159, 13, 50, 98, 29, 41, 8, 65, 36, 173, 24, 190, 125, 48, 138, 181, 0, 35, 73, 42, 165, 14, 70, 34, 152, 162, 45, 172, 177, 123, 114, 103, 71, 88, 32, 58, 183, 47, 161, 136, 129, 110, 52, 122, 54, 130, 12, 79, 5, 19, 74, 4, 188, 140, 160, 117, 56, 113, 86, 169, 51, 25, 3, 124, 66, 40, 147]","[1, 2, 5, 12, 14, 20, 24, 26, 29, 32, 34, 35, 36, 38, 40, 41, 46, 47, 48, 50, 53, 58, 61, 66, 71, 74, 76, 86, 96, 103, 115, 140, 147, 149, 154, 156, 158, 162, 169, 172, 173, 187, 188]"
66,"[52, 101, 128, 135, 10, 54, 99, 30, 152, 20, 177, 127, 82, 146, 61, 154, 85, 88, 91, 130, 50, 41, 37, 141, 63, 111, 119, 136, 81, 106, 98, 86, 84, 23, 28, 188, 58, 131, 164, 181, 15, 69, 97, 155, 144, 14, 145, 12, 132, 176, 108, 185, 96, 60, 89, 68, 18, 75, 102, 49, 118, 115, 93, 179, 171, 4, 53, 46, 153, 166, 59, 13, 159, 165, 116, 80, 2, 121, 104, 90, 184, 87, 57, 27, 158, 5, 100, 77, 34, 170, 66, 76, 1, 74, 9, 11]","[6, 104, 14, 42, 155, 188, 139, 63, 36, 128, 183, 81, 44, 77, 171, 69, 43, 100, 56, 94, 131, 92, 24, 143, 26, 76, 184, 107, 55, 105, 85, 72, 28, 50, 182, 8, 112, 165, 45, 73, 27, 41, 82, 144, 79, 7, 49, 137, 110, 169, 98, 52, 4, 173, 177, 117, 172, 47, 115, 118, 125, 136, 71, 127, 21, 162, 123, 3, 159, 18, 102, 170, 154, 16, 160, 60, 111, 119, 66, 179, 103, 121, 181, 96, 2, 163, 86, 146, 189, 167, 0, 38, 164, 88, 122, 19]","[2, 4, 14, 18, 27, 28, 41, 49, 50, 52, 60, 63, 66, 69, 76, 77, 81, 82, 85, 86, 88, 96, 98, 100, 102, 104, 111, 115, 118, 119, 121, 127, 128, 131, 136, 144, 146, 154, 155, 159, 164, 165, 170, 171, 177, 179, 181, 184, 188]"
67,"[4, 144, 18, 158, 5, 106, 101, 136, 82, 31, 85, 170, 129, 179, 57, 78, 153, 107, 71, 151, 114, 28, 73, 11, 115, 86, 167, 160, 189, 141, 98, 17, 74, 62, 146, 37, 2, 44, 147, 14, 49, 191, 23, 149, 100, 159, 139, 166, 137, 97, 39, 140, 83, 40, 7, 183, 130, 58, 60, 16, 76, 9, 128, 118, 133, 35, 52, 184, 150, 156, 178, 30, 177, 142, 187, 121, 1, 134, 102, 111, 161, 70, 41, 69, 186, 42, 138, 174, 68, 185, 155, 143, 132, 125, 81, 53]","[23, 61, 134, 48, 75, 123, 19, 147, 104, 78, 35, 175, 44, 53, 181, 159, 105, 100, 124, 70, 51, 46, 36, 89, 162, 60, 111, 41, 138, 77, 85, 118, 72, 25, 49, 146, 81, 106, 178, 150, 191, 31, 91, 71, 133, 167, 50, 83, 86, 95, 151, 13, 69, 26, 170, 177, 68, 140, 130, 27, 29, 185, 163, 10, 17, 152, 11, 67, 6, 143, 37, 182, 65, 161, 92, 180, 148, 3, 34, 33, 8, 137, 153, 127, 90, 189, 9, 87, 142, 139, 14, 157, 164, 2, 154, 96]","[2, 9, 11, 14, 17, 23, 31, 35, 37, 41, 44, 49, 53, 60, 68, 69, 70, 71, 78, 81, 83, 85, 86, 100, 106, 111, 118, 130, 133, 134, 137, 138, 139, 140, 142, 143, 146, 147, 150, 151, 153, 159, 161, 167, 170, 177, 178, 185, 189, 191]"
68,"[24, 127, 91, 62, 103, 56, 158, 28, 179, 130, 67, 104, 80, 147, 30, 72, 92, 137, 43, 177, 5, 120, 175, 155, 59, 185, 55, 108, 0, 153, 186, 18, 178, 70, 75, 121, 150, 8, 27, 99, 110, 113, 53, 60, 149, 169, 141, 167, 124, 143, 112, 119, 191, 128, 52, 4, 97, 138, 146, 66, 123, 184, 33, 161, 131, 165, 159, 10, 109, 152, 86, 188, 166, 47, 45, 20, 93, 95, 163, 74, 172, 133, 82, 12, 37, 14, 90, 23, 25, 116, 87, 190, 57, 100, 168, 115]","[78, 146, 156, 100, 152, 113, 158, 2, 55, 81, 110, 138, 15, 50, 69, 187, 56, 65, 5, 0, 153, 17, 63, 189, 185, 40, 174, 75, 167, 73, 188, 162, 101, 122, 96, 26, 142, 13, 157, 137, 8, 53, 184, 136, 163, 160, 98, 181, 58, 120, 119, 134, 172, 44, 186, 135, 108, 111, 41, 121, 7, 83, 21, 151, 3, 180, 125, 93, 92, 28, 87, 29, 112, 175, 86, 191, 105, 155, 88, 14, 12, 45, 32, 159, 68, 16, 117, 66, 139, 183, 178, 19, 61, 91, 79, 39]","[0, 5, 8, 12, 14, 28, 45, 53, 55, 56, 66, 75, 86, 87, 91, 92, 93, 100, 108, 110, 112, 113, 119, 120, 121, 137, 138, 146, 152, 153, 155, 158, 159, 163, 167, 172, 175, 178, 184, 185, 186, 188, 191]"
69,"[105, 109, 20, 54, 153, 57, 154, 187, 142, 184, 185, 55, 103, 163, 108, 86, 25, 53, 114, 106, 111, 93, 29, 156, 79, 100, 167, 89, 38, 123, 161, 88, 72, 117, 190, 61, 67, 176, 127, 56, 87, 113, 82, 175, 135, 22, 179, 101, 63, 7, 138, 122, 36, 40, 150, 189, 77, 129, 23, 34, 146, 133, 21, 80, 59, 141, 136, 6, 2, 130, 125, 5, 182, 18, 24, 152, 73, 16, 157, 85, 170, 71, 37, 119, 64, 92, 19, 14, 120, 74, 51, 126, 50, 76, 121, 124]","[10, 127, 48, 110, 121, 93, 63, 105, 64, 157, 91, 45, 94, 66, 97, 130, 41, 40, 118, 20, 171, 147, 16, 131, 132, 79, 68, 155, 57, 58, 139, 149, 28, 186, 106, 30, 67, 174, 152, 126, 35, 72, 54, 117, 134, 160, 70, 182, 80, 151, 144, 44, 14, 6, 99, 47, 56, 24, 164, 146, 123, 73, 128, 163, 153, 129, 74, 32, 4, 166, 158, 120, 23, 13, 181, 46, 140, 18, 169, 103, 95, 84, 136, 109, 50, 3, 9, 42, 89, 77, 76, 86, 191, 107, 0, 62]","[6, 14, 16, 18, 20, 23, 24, 40, 50, 54, 56, 57, 63, 64, 67, 72, 73, 74, 76, 77, 79, 80, 86, 89, 93, 103, 105, 106, 109, 117, 120, 121, 123, 126, 127, 129, 130, 136, 146, 152, 153, 157, 163, 182]"
70,"[120, 98, 52, 139, 122, 71, 83, 68, 128, 26, 121, 37, 62, 14, 130, 191, 29, 189, 85, 23, 111, 152, 51, 18, 138, 7, 69, 133, 3, 101, 156, 6, 50, 81, 99, 180, 30, 155, 66, 141, 102, 144, 70, 190, 174, 31, 125, 181, 95, 22, 149, 182, 86, 146, 45, 41, 142, 176, 185, 169, 153, 116, 13, 131, 4, 96, 75, 115, 25, 114, 27, 56, 184, 55, 8, 163, 93, 2, 118, 11, 34, 136, 113, 171, 33, 162, 16, 166, 39, 47, 159, 10, 108, 40, 82, 38]","[164, 190, 159, 88, 67, 16, 77, 151, 170, 142, 50, 174, 157, 7, 54, 28, 42, 191, 9, 69, 140, 180, 113, 58, 119, 87, 27, 68, 10, 143, 94, 185, 80, 14, 171, 81, 52, 53, 90, 86, 92, 121, 60, 56, 4, 93, 139, 17, 114, 123, 105, 6, 141, 46, 144, 184, 148, 38, 11, 116, 13, 75, 147, 182, 102, 131, 177, 136, 156, 91, 85, 73, 76, 35, 19, 118, 153, 25, 82, 186, 106, 32, 74, 158, 172, 133, 5, 128, 95, 1, 154, 161, 150, 179, 155, 149]","[4, 6, 7, 10, 11, 13, 14, 16, 25, 27, 38, 50, 52, 56, 68, 69, 75, 81, 82, 85, 86, 93, 95, 102, 113, 114, 116, 118, 121, 128, 131, 133, 136, 139, 141, 142, 144, 149, 153, 155, 156, 159, 171, 174, 180, 182, 184, 185, 190, 191]"
71,"[95, 23, 83, 143, 21, 89, 48, 105, 27, 137, 26, 64, 39, 118, 123, 19, 164, 97, 59, 62, 78, 14, 61, 79, 4, 5, 158, 77, 42, 99, 46, 41, 65, 177, 55, 87, 32, 43, 172, 102, 86, 30, 66, 160, 111, 170, 13, 54, 17, 22, 185, 7, 181, 174, 72, 24, 31, 140, 76, 45, 60, 2, 11, 110, 180, 33, 148, 142, 36, 152, 188, 125, 10, 40, 16, 153, 98, 138, 29, 131, 50, 173, 175, 154, 183, 122, 69, 103, 106, 145, 70, 1, 9, 67, 56, 126]","[90, 39, 88, 166, 57, 173, 112, 40, 177, 66, 167, 0, 185, 59, 124, 106, 147, 103, 79, 96, 9, 157, 17, 102, 24, 123, 138, 184, 186, 25, 71, 160, 6, 70, 33, 130, 35, 190, 42, 134, 65, 149, 16, 91, 83, 99, 54, 109, 131, 122, 45, 121, 168, 64, 187, 189, 37, 127, 51, 10, 56, 41, 132, 86, 68, 143, 154, 156, 180, 84, 172, 114, 48, 133, 128, 18, 161, 135, 75, 158, 49, 1, 152, 89, 98, 176, 142, 60, 92, 46, 155, 104, 23, 52, 12, 34]","[1, 9, 10, 16, 17, 23, 24, 33, 39, 40, 41, 42, 45, 46, 48, 54, 56, 59, 60, 64, 65, 66, 70, 79, 83, 86, 89, 98, 99, 102, 103, 106, 122, 123, 131, 138, 142, 143, 152, 154, 158, 160, 172, 173, 177, 180, 185]"
72,"[43, 104, 119, 101, 49, 174, 41, 95, 62, 68, 56, 128, 36, 7, 126, 162, 177, 26, 172, 112, 84, 110, 131, 137, 69, 166, 58, 86, 67, 165, 54, 31, 121, 143, 94, 152, 105, 163, 190, 57, 140, 123, 106, 48, 14, 175, 5, 65, 88, 15, 8, 22, 87, 169, 160, 167, 53, 144, 75, 40, 96, 64, 45, 146, 141, 18, 25, 82, 122, 30, 116, 147, 154, 29, 6, 42, 117, 168, 33, 171, 129, 27, 81, 115, 153, 76, 19, 189, 124, 92, 2, 145, 180, 181, 4, 100]","[114, 25, 164, 180, 45, 70, 66, 122, 55, 129, 8, 51, 53, 127, 107, 103, 111, 189, 73, 144, 146, 46, 112, 94, 80, 29, 58, 41, 35, 153, 56, 152, 141, 40, 147, 172, 48, 82, 154, 83, 149, 110, 159, 42, 31, 74, 109, 120, 84, 24, 100, 12, 49, 124, 190, 3, 11, 166, 7, 17, 1, 54, 167, 128, 67, 19, 47, 187, 33, 179, 135, 106, 121, 133, 34, 168, 165, 182, 75, 162, 142, 134, 37, 78, 105, 132, 175, 43, 171, 39, 148, 91, 60, 72, 62, 2]","[2, 7, 8, 19, 25, 29, 31, 33, 40, 41, 42, 43, 45, 48, 49, 53, 54, 56, 58, 62, 67, 75, 82, 84, 94, 100, 105, 106, 110, 112, 121, 122, 124, 128, 129, 141, 144, 146, 147, 152, 153, 154, 162, 165, 166, 167, 168, 171, 172, 175, 180, 189, 190]"
73,"[75, 187, 183, 46, 103, 32, 188, 166, 169, 119, 117, 50, 131, 97, 19, 144, 39, 123, 150, 6, 67, 161, 102, 89, 118, 65, 120, 47, 113, 116, 172, 184, 38, 140, 168, 77, 7, 108, 85, 82, 30, 107, 112, 44, 190, 48, 83, 106, 159, 138, 126, 171, 185, 31, 180, 29, 156, 64, 62, 25, 37, 56, 14, 191, 90, 137, 41, 17, 148, 114, 52, 155, 98, 142, 9, 73, 94, 2, 11, 8, 78, 151, 145, 49, 74, 40, 58, 110, 139, 153, 154, 20, 1, 81, 129, 86]","[153, 162, 38, 80, 35, 34, 130, 29, 146, 143, 117, 50, 120, 169, 140, 164, 181, 19, 18, 166, 144, 151, 60, 118, 2, 110, 12, 26, 89, 40, 43, 39, 183, 175, 8, 101, 107, 78, 47, 97, 52, 30, 105, 63, 187, 6, 163, 116, 69, 121, 161, 124, 75, 168, 64, 190, 9, 71, 72, 68, 185, 173, 74, 150, 36, 15, 167, 149, 31, 5, 129, 191, 138, 186, 125, 7, 25, 59, 0, 53, 1, 174, 102, 32, 62, 70, 61, 27, 4, 119, 114, 108, 91, 100, 160, 145]","[1, 2, 6, 7, 8, 9, 19, 25, 29, 30, 31, 32, 38, 39, 40, 47, 50, 52, 62, 64, 74, 75, 78, 89, 97, 102, 107, 108, 110, 114, 116, 117, 118, 119, 120, 129, 138, 140, 144, 145, 150, 151, 153, 161, 166, 168, 169, 183, 185, 187, 190, 191]"
74,"[182, 184, 38, 61, 76, 41, 113, 170, 122, 1, 2, 83, 33, 120, 121, 137, 29, 98, 60, 175, 191, 74, 154, 25, 32, 45, 67, 31, 177, 124, 144, 90, 55, 180, 10, 81, 63, 12, 157, 14, 109, 187, 142, 136, 168, 72, 133, 107, 24, 138, 190, 159, 51, 35, 158, 179, 128, 5, 162, 131, 66, 84, 52, 46, 117, 57, 15, 147, 86, 85, 11, 181, 62, 114, 77, 94, 21, 183, 87, 167, 141, 166, 79, 143, 110, 8, 88, 22, 102, 20, 119, 70, 91, 151, 80, 146]","[180, 58, 175, 21, 75, 76, 152, 166, 13, 185, 11, 164, 104, 186, 149, 136, 171, 86, 142, 141, 56, 14, 188, 28, 73, 16, 49, 112, 179, 118, 53, 35, 7, 52, 34, 191, 137, 106, 64, 71, 69, 18, 103, 51, 109, 170, 172, 66, 15, 92, 123, 147, 72, 128, 156, 163, 26, 81, 61, 89, 101, 125, 130, 20, 2, 54, 178, 176, 63, 99, 10, 31, 65, 116, 88, 24, 79, 38, 95, 161, 46, 181, 60, 90, 140, 127, 146, 160, 82, 9, 55, 6, 187, 135, 105, 32]","[2, 10, 11, 14, 15, 20, 21, 24, 31, 32, 35, 38, 46, 51, 52, 55, 60, 61, 63, 66, 72, 76, 79, 81, 86, 88, 90, 109, 128, 136, 137, 141, 142, 146, 147, 166, 170, 175, 179, 180, 181, 187, 191]"
75,"[32, 10, 61, 62, 36, 70, 178, 58, 112, 165, 13, 171, 8, 183, 173, 132, 117, 191, 143, 182, 2, 135, 31, 175, 54, 146, 91, 26, 166, 33, 113, 49, 127, 48, 101, 167, 56, 15, 184, 177, 43, 53, 29, 153, 103, 28, 27, 5, 35, 186, 120, 114, 145, 18, 47, 97, 55, 20, 96, 16, 128, 89, 51, 63, 23, 176, 95, 148, 87, 150, 111, 11, 108, 85, 157, 81, 39, 161, 126, 110, 65, 151, 159, 46, 79, 169, 149, 99, 123, 179, 174, 98, 21, 124, 116, 129]","[167, 56, 1, 183, 57, 47, 150, 29, 139, 179, 187, 138, 13, 125, 132, 117, 71, 45, 94, 53, 30, 22, 37, 70, 85, 130, 92, 20, 178, 55, 181, 23, 116, 145, 143, 74, 64, 163, 115, 4, 151, 166, 65, 124, 81, 161, 147, 43, 176, 170, 174, 175, 14, 79, 189, 38, 12, 34, 113, 191, 61, 18, 127, 142, 173, 107, 33, 180, 36, 126, 112, 58, 87, 122, 188, 28, 73, 10, 177, 121, 3, 104, 109, 46, 40, 89, 184, 51, 88, 82, 144, 72, 78, 157, 123, 165]","[10, 13, 18, 20, 23, 28, 29, 33, 36, 43, 46, 47, 51, 53, 55, 56, 58, 61, 65, 70, 79, 81, 85, 87, 89, 112, 113, 116, 117, 123, 124, 126, 127, 132, 143, 145, 150, 151, 157, 161, 165, 166, 167, 173, 174, 175, 176, 177, 178, 179, 183, 184, 191]"
76,"[138, 20, 47, 9, 35, 44, 97, 143, 160, 112, 151, 166, 41, 93, 32, 162, 24, 92, 137, 123, 51, 170, 75, 149, 182, 163, 106, 50, 60, 178, 101, 176, 171, 168, 142, 181, 22, 128, 23, 37, 145, 183, 157, 179, 148, 46, 10, 5, 134, 107, 15, 153, 7, 125, 19, 6, 72, 139, 147, 188, 49, 114, 14, 87, 57, 67, 18, 81, 39, 174, 133, 99, 159, 83, 71, 191, 89, 73, 63, 8, 65, 156, 113, 122, 90, 82, 1, 98, 100, 91, 30, 0, 2, 28, 13, 127]","[80, 69, 100, 13, 139, 36, 99, 176, 130, 10, 187, 62, 141, 90, 78, 44, 17, 163, 48, 81, 29, 132, 34, 148, 157, 102, 113, 24, 73, 120, 45, 159, 0, 191, 76, 58, 125, 134, 129, 14, 60, 30, 40, 133, 127, 107, 77, 150, 89, 75, 172, 37, 167, 3, 83, 174, 21, 156, 123, 93, 35, 189, 65, 95, 5, 165, 71, 84, 86, 185, 8, 6, 138, 144, 4, 182, 47, 74, 97, 94, 115, 135, 55, 124, 179, 1, 143, 54, 186, 39, 169, 103, 136, 128, 162, 41]","[0, 1, 5, 6, 8, 10, 13, 14, 24, 30, 35, 37, 39, 41, 44, 47, 60, 65, 71, 73, 75, 81, 83, 89, 90, 93, 97, 99, 100, 107, 113, 123, 125, 127, 128, 133, 134, 138, 139, 143, 148, 156, 157, 159, 162, 163, 174, 176, 179, 182, 191]"
77,"[104, 158, 14, 145, 45, 73, 2, 96, 33, 92, 149, 15, 112, 24, 106, 183, 188, 60, 25, 29, 78, 113, 154, 146, 130, 167, 38, 61, 59, 26, 176, 19, 43, 103, 82, 95, 138, 12, 127, 57, 177, 161, 9, 89, 170, 80, 37, 66, 83, 182, 123, 85, 132, 136, 54, 76, 124, 190, 142, 163, 88, 160, 111, 16, 47, 109, 55, 100, 165, 141, 23, 40, 115, 178, 148, 157, 10, 91, 98, 74, 184, 135, 120, 189, 139, 41, 110, 144, 150, 67, 147, 68, 56, 42, 126, 63]","[160, 149, 24, 49, 162, 6, 30, 36, 21, 3, 127, 191, 59, 94, 120, 28, 144, 172, 123, 35, 164, 109, 31, 187, 48, 112, 19, 177, 68, 46, 65, 105, 53, 62, 64, 176, 33, 128, 43, 5, 25, 146, 151, 116, 139, 81, 71, 13, 153, 1, 136, 83, 119, 54, 118, 178, 76, 77, 103, 171, 86, 26, 20, 110, 179, 58, 72, 148, 137, 133, 134, 96, 67, 158, 90, 168, 113, 107, 82, 106, 93, 8, 130, 52, 100, 159, 157, 2, 124, 29, 0, 88, 12, 142, 92, 169]","[2, 12, 19, 24, 25, 26, 29, 33, 43, 54, 59, 67, 68, 76, 82, 83, 88, 92, 96, 100, 103, 106, 109, 110, 112, 113, 120, 123, 124, 127, 130, 136, 139, 142, 144, 146, 148, 149, 157, 158, 160, 176, 177, 178]"
78,"[80, 127, 61, 161, 25, 51, 171, 136, 91, 9, 139, 168, 179, 137, 142, 31, 105, 60, 108, 107, 191, 100, 187, 2, 73, 14, 28, 157, 174, 106, 122, 147, 38, 4, 89, 17, 49, 181, 22, 71, 129, 141, 40, 68, 186, 109, 62, 177, 182, 37, 23, 169, 1, 116, 119, 75, 128, 79, 78, 115, 65, 146, 113, 43, 69, 114, 190, 8, 59, 98, 0, 32, 90, 19, 118, 35, 41, 63, 178, 36, 144, 124, 6, 145, 29, 18, 74, 72, 92, 172, 96, 165, 164, 55, 185, 47]","[68, 136, 95, 103, 58, 143, 46, 83, 79, 140, 82, 30, 107, 159, 85, 36, 119, 94, 110, 67, 7, 35, 91, 31, 184, 59, 45, 108, 75, 137, 10, 112, 185, 11, 123, 16, 153, 179, 74, 126, 152, 190, 99, 171, 130, 78, 19, 187, 167, 139, 145, 5, 132, 188, 50, 101, 116, 147, 122, 41, 125, 148, 84, 163, 128, 54, 89, 1, 40, 9, 6, 98, 138, 151, 109, 4, 149, 66, 120, 51, 166, 160, 105, 57, 23, 181, 150, 134, 47, 21, 129, 121, 27, 73, 63, 33]","[1, 4, 6, 9, 19, 23, 31, 35, 36, 40, 41, 47, 51, 59, 63, 68, 73, 74, 75, 78, 79, 89, 91, 98, 105, 107, 108, 109, 116, 119, 122, 128, 129, 136, 137, 139, 145, 147, 171, 179, 181, 185, 187, 190]"
79,"[117, 107, 156, 191, 28, 13, 127, 160, 102, 81, 100, 181, 157, 170, 116, 16, 62, 36, 174, 11, 173, 113, 137, 64, 72, 56, 105, 12, 52, 68, 2, 135, 94, 169, 91, 158, 168, 31, 134, 130, 78, 15, 159, 120, 67, 20, 61, 136, 142, 48, 77, 73, 41, 155, 112, 22, 140, 96, 71, 18, 99, 8, 47, 84, 151, 141, 3, 144, 0, 121, 70, 7, 172, 123, 1, 150, 37, 106, 154, 54, 43, 21, 179, 25, 183, 118, 95, 108, 186, 53, 14, 66, 128, 133, 65, 19]","[182, 70, 179, 176, 132, 183, 113, 26, 19, 131, 54, 145, 42, 108, 73, 47, 86, 16, 144, 15, 3, 57, 50, 34, 68, 75, 25, 79, 89, 49, 114, 136, 56, 95, 163, 94, 173, 121, 174, 123, 119, 102, 148, 146, 137, 169, 98, 150, 18, 97, 52, 155, 171, 127, 35, 0, 115, 67, 1, 100, 46, 55, 170, 105, 33, 110, 149, 165, 188, 117, 141, 190, 30, 85, 78, 60, 99, 187, 51, 154, 58, 177, 152, 69, 31, 83, 175, 92, 14, 120, 157, 76, 147, 37, 160, 129]","[0, 1, 3, 14, 15, 16, 18, 19, 25, 31, 37, 47, 52, 54, 56, 67, 68, 70, 73, 78, 94, 95, 99, 100, 102, 105, 108, 113, 117, 120, 121, 123, 127, 136, 137, 141, 144, 150, 154, 155, 157, 160, 169, 170, 173, 174, 179, 183]"
80,"[109, 67, 136, 163, 189, 21, 119, 122, 91, 80, 177, 58, 165, 54, 77, 141, 187, 51, 175, 2, 62, 59, 92, 137, 18, 25, 152, 30, 10, 171, 29, 5, 38, 98, 44, 176, 101, 11, 156, 72, 131, 183, 96, 7, 56, 134, 37, 14, 143, 90, 42, 168, 104, 148, 4, 52, 73, 191, 71, 127, 170, 84, 36, 190, 39, 139, 128, 133, 172, 99, 105, 46, 185, 26, 64, 167, 3, 89, 184, 55, 15, 17, 97, 57, 32, 120, 102, 178, 138, 82, 160, 81, 111, 121, 69, 153]","[168, 96, 10, 22, 160, 41, 78, 171, 74, 154, 38, 155, 56, 165, 130, 105, 149, 85, 116, 79, 153, 118, 176, 136, 14, 84, 59, 65, 32, 147, 129, 54, 121, 184, 185, 148, 67, 140, 88, 12, 162, 44, 170, 31, 51, 24, 4, 152, 158, 111, 161, 151, 13, 174, 109, 91, 190, 86, 71, 169, 57, 134, 144, 0, 29, 48, 112, 49, 39, 178, 92, 182, 145, 114, 142, 70, 101, 120, 99, 100, 137, 175, 35, 37, 180, 34, 186, 167, 55, 139, 97, 103, 188, 90, 64, 177]","[4, 10, 14, 29, 32, 37, 38, 39, 44, 51, 54, 55, 56, 57, 59, 64, 67, 71, 84, 90, 91, 92, 96, 97, 99, 101, 105, 109, 111, 120, 121, 134, 136, 137, 139, 148, 152, 153, 160, 165, 167, 168, 170, 171, 175, 176, 177, 178, 184, 185, 190]"
81,"[109, 92, 165, 57, 173, 25, 116, 117, 139, 185, 124, 59, 183, 180, 128, 45, 113, 98, 147, 97, 130, 13, 82, 71, 152, 184, 40, 37, 83, 155, 56, 67, 36, 48, 76, 99, 51, 68, 14, 133, 44, 47, 101, 11, 112, 93, 142, 75, 73, 89, 12, 8, 106, 22, 87, 111, 154, 49, 131, 110, 169, 104, 18, 126, 53, 170, 79, 90, 187, 77, 149, 31, 29, 96, 23, 189, 85, 7, 158, 63, 84, 143, 72, 166, 32, 94, 107, 33, 61, 103, 66, 27, 105, 127, 120, 64]","[139, 147, 45, 13, 85, 96, 95, 116, 11, 159, 190, 122, 130, 37, 47, 50, 87, 43, 187, 90, 100, 24, 127, 160, 107, 174, 68, 55, 125, 156, 104, 22, 3, 176, 72, 119, 83, 74, 142, 27, 178, 141, 148, 39, 28, 157, 163, 191, 114, 186, 179, 17, 35, 154, 155, 115, 62, 6, 59, 67, 86, 1, 113, 31, 20, 63, 164, 126, 30, 181, 143, 44, 69, 136, 106, 123, 183, 180, 14, 33, 76, 151, 2, 49, 109, 51, 5, 102, 80, 46, 110, 70, 184, 89, 12, 171]","[11, 12, 13, 14, 22, 27, 31, 33, 37, 44, 45, 47, 49, 51, 59, 63, 67, 68, 72, 76, 83, 85, 87, 89, 90, 96, 104, 106, 107, 109, 110, 113, 116, 126, 127, 130, 139, 142, 143, 147, 154, 155, 180, 183, 184, 187]"
82,"[83, 65, 29, 158, 43, 66, 10, 169, 135, 187, 97, 48, 165, 84, 61, 143, 38, 177, 64, 18, 122, 104, 170, 98, 82, 30, 136, 94, 81, 121, 56, 36, 166, 176, 131, 41, 144, 9, 24, 129, 179, 113, 89, 185, 11, 33, 62, 153, 137, 119, 99, 180, 90, 157, 148, 37, 105, 7, 87, 53, 163, 134, 146, 67, 92, 161, 3, 74, 190, 5, 79, 110, 109, 52, 12, 27, 115, 69, 14, 72, 78, 1, 19, 149, 46, 151, 155, 47, 93, 108, 59, 63, 0, 102, 60, 152]","[25, 0, 43, 38, 164, 145, 42, 117, 126, 88, 91, 65, 99, 77, 112, 28, 87, 137, 108, 136, 79, 93, 83, 160, 7, 48, 97, 174, 19, 72, 41, 167, 68, 64, 120, 121, 140, 2, 32, 54, 181, 182, 138, 146, 115, 139, 161, 184, 156, 150, 4, 63, 190, 149, 86, 50, 18, 12, 144, 74, 186, 36, 71, 127, 176, 53, 123, 16, 134, 159, 173, 70, 133, 29, 78, 8, 103, 105, 81, 45, 101, 129, 98, 169, 113, 82, 116, 37, 96, 154, 56, 46, 168, 20, 179, 171]","[0, 7, 12, 18, 19, 29, 36, 37, 38, 41, 43, 46, 48, 53, 56, 63, 64, 65, 72, 74, 78, 79, 81, 82, 83, 87, 93, 97, 98, 99, 105, 108, 113, 115, 121, 129, 134, 136, 137, 144, 146, 149, 161, 169, 176, 179, 190]"
83,"[142, 25, 58, 75, 187, 10, 14, 149, 117, 169, 162, 97, 17, 74, 161, 157, 119, 101, 84, 174, 64, 45, 165, 137, 182, 181, 188, 177, 94, 173, 125, 78, 130, 152, 135, 16, 31, 18, 63, 105, 99, 24, 109, 124, 167, 73, 2, 107, 50, 21, 35, 44, 115, 133, 82, 127, 53, 49, 87, 138, 52, 156, 7, 43, 90, 51, 131, 171, 160, 65, 153, 158, 13, 62, 186, 155, 150, 141, 159, 0, 81, 92, 29, 145, 46, 40, 136, 56, 54, 154, 170, 33, 164, 32, 55, 3]","[124, 95, 146, 46, 167, 93, 57, 28, 14, 107, 117, 140, 144, 176, 55, 133, 131, 126, 186, 106, 24, 9, 134, 13, 163, 165, 155, 26, 148, 142, 89, 87, 3, 118, 170, 103, 168, 53, 82, 190, 19, 100, 164, 7, 185, 41, 91, 141, 83, 45, 21, 38, 31, 122, 114, 113, 59, 110, 182, 4, 39, 18, 147, 44, 50, 23, 49, 177, 32, 99, 119, 111, 52, 145, 132, 152, 76, 135, 22, 86, 67, 61, 173, 153, 175, 5, 180, 37, 75, 157, 0, 68, 161, 74, 54, 36]","[0, 3, 7, 13, 14, 18, 21, 24, 31, 32, 44, 45, 46, 49, 50, 52, 53, 54, 55, 74, 75, 82, 87, 99, 107, 117, 119, 124, 131, 133, 135, 141, 142, 145, 152, 153, 155, 157, 161, 164, 165, 167, 170, 173, 177, 182, 186]"
84,"[62, 11, 51, 140, 137, 5, 164, 56, 105, 12, 176, 35, 152, 171, 173, 1, 114, 166, 121, 179, 76, 134, 80, 172, 170, 115, 124, 53, 82, 0, 29, 168, 167, 146, 50, 34, 25, 84, 119, 49, 85, 117, 24, 113, 187, 100, 101, 185, 31, 58, 4, 22, 97, 7, 19, 36, 154, 133, 162, 98, 3, 131, 125, 178, 28, 43, 69, 160, 126, 2, 141, 147, 40, 42, 79, 41, 15, 111, 175, 156, 120, 75, 59, 155, 48, 182, 112, 14, 83, 27, 130, 107, 70, 64, 108, 142]","[185, 74, 85, 111, 175, 176, 16, 8, 130, 67, 27, 125, 179, 143, 174, 178, 142, 22, 13, 182, 66, 34, 115, 96, 119, 149, 129, 141, 79, 36, 114, 57, 94, 86, 60, 152, 145, 11, 121, 156, 56, 104, 26, 163, 113, 172, 89, 167, 23, 93, 24, 50, 162, 122, 46, 49, 61, 153, 155, 110, 51, 52, 68, 112, 41, 25, 30, 158, 116, 187, 131, 106, 139, 165, 43, 170, 64, 168, 21, 19, 55, 28, 69, 180, 169, 188, 138, 144, 98, 12, 92, 136, 75, 147, 127, 6]","[11, 12, 19, 22, 24, 25, 27, 28, 34, 36, 41, 43, 49, 50, 51, 56, 64, 69, 75, 79, 85, 98, 111, 112, 113, 114, 115, 119, 121, 125, 130, 131, 141, 142, 147, 152, 155, 156, 162, 167, 168, 170, 172, 175, 176, 178, 179, 182, 185, 187]"
85,"[149, 163, 124, 22, 49, 160, 115, 170, 95, 43, 144, 69, 16, 35, 48, 118, 32, 26, 175, 27, 29, 176, 167, 93, 126, 51, 58, 7, 103, 152, 120, 174, 161, 33, 98, 185, 172, 117, 31, 101, 146, 80, 57, 82, 85, 88, 188, 9, 78, 62, 168, 94, 121, 145, 156, 130, 36, 109, 74, 105, 173, 157, 34, 153, 155, 131, 18, 92, 14, 63, 8, 166, 154, 50, 60, 0, 135, 44, 24, 86, 127, 179, 37, 4, 180, 91, 47, 178, 107, 75, 76, 136, 137, 3, 99, 61]","[20, 7, 108, 101, 10, 116, 136, 172, 29, 186, 145, 165, 49, 81, 51, 50, 158, 184, 187, 85, 122, 119, 146, 62, 63, 148, 89, 181, 47, 102, 36, 110, 161, 56, 19, 150, 164, 140, 54, 104, 2, 58, 82, 185, 182, 14, 171, 121, 35, 12, 15, 70, 72, 3, 177, 135, 168, 109, 71, 69, 75, 64, 117, 160, 42, 138, 190, 125, 44, 142, 37, 48, 4, 173, 74, 141, 61, 5, 166, 156, 68, 115, 1, 149, 88, 157, 95, 86, 66, 93, 57, 170, 0, 113, 126, 124]","[0, 3, 4, 7, 14, 29, 35, 36, 37, 44, 47, 48, 49, 50, 51, 57, 58, 61, 62, 63, 69, 74, 75, 82, 85, 86, 88, 93, 95, 101, 109, 115, 117, 121, 124, 126, 135, 136, 145, 146, 149, 156, 157, 160, 161, 166, 168, 170, 172, 173, 185]"
86,"[66, 151, 84, 187, 25, 122, 137, 186, 102, 83, 4, 146, 121, 41, 2, 62, 155, 16, 76, 9, 7, 79, 124, 152, 134, 170, 31, 180, 184, 150, 108, 166, 173, 156, 129, 91, 149, 57, 177, 50, 95, 21, 100, 44, 69, 35, 147, 153, 20, 123, 165, 67, 93, 60, 3, 32, 58, 15, 176, 132, 116, 115, 33, 118, 6, 168, 190, 27, 104, 179, 8, 68, 29, 89, 145, 10, 181, 52, 133, 98, 22, 1, 158, 54, 106, 148, 142, 59, 64, 172, 36, 24, 131, 160, 17, 40]","[24, 80, 162, 15, 55, 115, 68, 100, 85, 160, 124, 38, 147, 136, 64, 63, 103, 79, 176, 190, 21, 181, 92, 182, 110, 171, 94, 156, 127, 155, 106, 65, 165, 82, 104, 120, 174, 173, 118, 122, 13, 119, 46, 116, 16, 35, 76, 149, 178, 57, 164, 0, 39, 117, 30, 69, 22, 51, 7, 177, 130, 89, 97, 139, 157, 3, 185, 28, 29, 84, 112, 17, 44, 31, 183, 166, 72, 61, 107, 111, 145, 134, 19, 168, 137, 99, 169, 109, 54, 186, 141, 133, 175, 59, 52, 42]","[3, 7, 15, 16, 17, 21, 22, 24, 29, 31, 35, 44, 52, 54, 57, 59, 64, 68, 69, 76, 79, 84, 89, 100, 104, 106, 115, 116, 118, 122, 124, 133, 134, 137, 145, 147, 149, 155, 156, 160, 165, 166, 168, 173, 176, 177, 181, 186, 190]"
87,"[82, 42, 66, 65, 27, 191, 58, 30, 105, 122, 128, 75, 64, 103, 140, 17, 132, 73, 167, 1, 53, 183, 24, 13, 120, 88, 49, 102, 136, 46, 173, 85, 67, 146, 68, 16, 187, 15, 71, 0, 101, 81, 164, 113, 19, 141, 175, 74, 138, 100, 153, 59, 181, 40, 150, 38, 170, 36, 92, 21, 50, 57, 63, 168, 180, 139, 152, 112, 111, 179, 118, 52, 98, 166, 151, 77, 178, 18, 134, 60, 158, 110, 161, 90, 45, 87, 56, 125, 172, 62, 185, 147, 33, 32, 176, 163]","[2, 153, 94, 75, 0, 184, 95, 128, 23, 163, 138, 122, 59, 83, 58, 92, 54, 47, 156, 82, 13, 121, 173, 147, 174, 84, 157, 51, 65, 170, 142, 162, 124, 29, 110, 179, 171, 80, 107, 131, 87, 191, 5, 116, 25, 115, 155, 135, 178, 79, 113, 146, 63, 33, 15, 27, 9, 20, 48, 36, 19, 176, 4, 102, 26, 93, 91, 182, 18, 56, 24, 22, 8, 129, 68, 90, 143, 126, 12, 180, 166, 43, 161, 69, 62, 177, 148, 42, 108, 53, 74, 57, 132, 66, 70, 99]","[0, 13, 15, 18, 19, 24, 27, 33, 36, 42, 53, 56, 57, 58, 59, 62, 63, 65, 66, 68, 74, 75, 82, 87, 90, 92, 102, 110, 113, 122, 128, 132, 138, 146, 147, 153, 161, 163, 166, 170, 173, 176, 178, 179, 180, 191]"
88,"[120, 66, 109, 171, 44, 182, 150, 36, 43, 4, 16, 11, 132, 128, 0, 184, 157, 165, 63, 136, 168, 144, 75, 180, 50, 142, 54, 61, 14, 77, 70, 154, 147, 148, 90, 5, 84, 89, 3, 37, 149, 153, 31, 143, 169, 60, 98, 119, 190, 2, 68, 151, 8, 47, 139, 46, 48, 20, 19, 17, 181, 76, 137, 95, 107, 74, 64, 67, 27, 123, 188, 15, 45, 160, 23, 189, 112, 121, 51, 32, 99, 62, 138, 179, 88, 122, 30, 78, 12, 22, 113, 93, 124, 85, 167, 177]","[172, 87, 147, 117, 188, 169, 39, 60, 44, 187, 78, 6, 11, 66, 170, 185, 105, 109, 190, 56, 92, 38, 95, 37, 104, 61, 110, 0, 15, 151, 181, 45, 129, 73, 179, 68, 21, 126, 16, 106, 55, 183, 14, 155, 74, 40, 2, 43, 150, 142, 112, 9, 50, 4, 146, 8, 148, 19, 51, 116, 113, 165, 103, 49, 25, 119, 177, 80, 53, 124, 17, 159, 144, 157, 34, 76, 139, 99, 138, 163, 180, 174, 23, 102, 100, 72, 20, 58, 82, 1, 69, 111, 125, 31, 27, 133]","[0, 2, 4, 8, 11, 14, 15, 16, 17, 19, 20, 23, 27, 31, 37, 43, 44, 45, 50, 51, 60, 61, 66, 68, 74, 76, 78, 95, 99, 109, 112, 113, 119, 124, 138, 139, 142, 144, 147, 148, 150, 151, 157, 165, 169, 177, 179, 180, 181, 188, 190]"
89,"[133, 70, 37, 122, 188, 168, 150, 187, 52, 144, 32, 174, 190, 143, 15, 141, 153, 178, 180, 39, 136, 159, 11, 135, 166, 96, 92, 98, 142, 175, 145, 40, 34, 154, 170, 176, 156, 91, 81, 169, 9, 3, 56, 118, 97, 146, 131, 173, 82, 182, 66, 26, 51, 71, 139, 33, 76, 77, 31, 102, 88, 75, 164, 0, 120, 84, 65, 103, 83, 183, 59, 95, 127, 115, 89, 123, 6, 162, 113, 78, 167, 186, 134, 177, 8, 16, 47, 86, 126, 53, 100, 172, 87, 42, 43, 138]","[153, 55, 143, 147, 142, 10, 24, 59, 60, 63, 80, 99, 47, 175, 5, 177, 33, 173, 31, 140, 122, 7, 174, 56, 186, 178, 9, 156, 108, 109, 124, 123, 176, 25, 46, 83, 182, 102, 133, 42, 73, 84, 113, 144, 34, 50, 179, 121, 98, 44, 0, 126, 32, 81, 3, 171, 29, 49, 161, 148, 51, 157, 35, 129, 62, 100, 45, 162, 169, 23, 183, 110, 1, 53, 118, 181, 2, 67, 39, 94, 20, 52, 21, 91, 19, 125, 120, 15, 6, 79, 130, 92, 26, 165, 103, 105]","[0, 3, 6, 9, 15, 26, 31, 32, 33, 34, 39, 42, 47, 51, 52, 53, 56, 59, 81, 83, 84, 91, 92, 98, 100, 102, 103, 113, 118, 120, 122, 123, 126, 133, 142, 143, 144, 153, 156, 162, 169, 173, 174, 175, 176, 177, 178, 182, 183, 186]"
90,"[147, 137, 55, 187, 69, 174, 138, 72, 59, 154, 78, 184, 25, 83, 157, 161, 16, 123, 75, 84, 109, 36, 22, 24, 160, 62, 64, 92, 32, 121, 182, 21, 93, 6, 110, 127, 169, 189, 164, 43, 163, 112, 26, 173, 88, 100, 107, 132, 130, 119, 153, 104, 13, 73, 23, 2, 111, 41, 86, 176, 95, 190, 56, 141, 159, 0, 116, 135, 143, 180, 177, 102, 140, 129, 158, 98, 40, 152, 146, 142, 91, 35, 94, 126, 54, 149, 122, 113, 166, 191, 50, 89, 63, 30, 49, 117]","[124, 100, 15, 49, 125, 159, 19, 12, 184, 121, 44, 60, 53, 158, 61, 43, 90, 42, 128, 156, 87, 110, 56, 48, 25, 150, 107, 102, 178, 99, 91, 137, 79, 179, 131, 93, 189, 10, 160, 101, 123, 41, 23, 72, 142, 21, 163, 170, 133, 115, 106, 108, 141, 4, 168, 174, 111, 64, 74, 161, 153, 183, 132, 71, 155, 63, 51, 2, 190, 36, 143, 146, 7, 149, 92, 46, 118, 67, 171, 120, 16, 8, 73, 117, 1, 18, 176, 39, 144, 88, 57, 127, 112, 138, 84, 177]","[2, 16, 21, 23, 25, 36, 41, 43, 49, 56, 63, 64, 72, 73, 84, 88, 91, 92, 93, 100, 102, 107, 110, 111, 112, 117, 121, 123, 127, 132, 137, 138, 141, 142, 143, 146, 149, 153, 158, 159, 160, 161, 163, 174, 176, 177, 184, 189, 190]"
91,"[87, 101, 111, 110, 128, 23, 189, 27, 142, 184, 151, 39, 148, 132, 51, 190, 127, 133, 118, 179, 153, 28, 125, 140, 161, 89, 78, 47, 46, 113, 31, 70, 147, 157, 45, 191, 103, 25, 97, 114, 117, 120, 167, 99, 108, 42, 122, 115, 102, 96, 33, 185, 36, 76, 158, 172, 141, 69, 67, 144, 107, 104, 98, 16, 121, 146, 74, 178, 13, 4, 35, 12, 21, 173, 22, 32, 86, 24, 119, 20, 105, 134, 137, 1, 181, 94, 30, 150, 164, 73, 174, 83, 166, 60, 50, 29]","[50, 176, 103, 182, 36, 100, 79, 131, 119, 85, 106, 9, 63, 69, 116, 160, 73, 30, 7, 75, 183, 62, 34, 81, 153, 61, 87, 92, 56, 33, 113, 186, 165, 21, 72, 117, 3, 84, 93, 39, 45, 24, 104, 54, 86, 48, 99, 95, 94, 114, 13, 108, 68, 158, 55, 67, 129, 148, 77, 26, 90, 130, 112, 142, 144, 152, 43, 170, 64, 140, 145, 80, 11, 98, 29, 28, 44, 35, 15, 88, 2, 65, 168, 149, 101, 12, 5, 52, 175, 126, 166, 173, 78, 167, 137, 156]","[12, 13, 21, 24, 28, 29, 30, 33, 35, 36, 39, 45, 50, 67, 69, 73, 78, 86, 87, 94, 98, 99, 101, 103, 104, 108, 113, 114, 117, 119, 137, 140, 142, 144, 148, 153, 158, 166, 167, 173]"
92,"[107, 18, 153, 7, 76, 118, 155, 13, 147, 183, 32, 12, 79, 97, 85, 5, 84, 6, 190, 0, 56, 27, 65, 61, 54, 163, 105, 11, 106, 157, 142, 33, 131, 184, 134, 113, 1, 133, 152, 21, 42, 96, 137, 116, 110, 180, 186, 102, 175, 104, 38, 73, 88, 25, 145, 168, 64, 37, 68, 47, 4, 167, 3, 135, 19, 108, 36, 191, 16, 111, 45, 141, 35, 103, 39, 23, 171, 29, 162, 90, 75, 83, 125, 122, 77, 123, 94, 154, 185, 151, 48, 74, 136, 158, 189, 53]","[1, 48, 167, 151, 55, 30, 63, 49, 179, 34, 74, 119, 131, 23, 101, 152, 6, 40, 33, 114, 159, 47, 70, 121, 129, 145, 176, 156, 8, 41, 150, 187, 117, 146, 190, 96, 155, 61, 77, 147, 88, 4, 20, 157, 43, 24, 91, 31, 84, 177, 138, 17, 54, 28, 45, 37, 178, 57, 67, 35, 76, 68, 148, 191, 109, 110, 100, 116, 104, 93, 50, 27, 140, 141, 103, 180, 99, 52, 89, 5, 56, 83, 7, 181, 25, 10, 80, 81, 62, 134, 95, 174, 12, 75, 162, 14]","[1, 4, 5, 6, 7, 12, 23, 25, 27, 33, 35, 37, 45, 47, 48, 54, 56, 61, 68, 74, 75, 76, 77, 83, 84, 88, 96, 103, 104, 110, 116, 131, 134, 141, 145, 147, 151, 152, 155, 157, 162, 167, 180, 190, 191]"
93,"[60, 11, 68, 137, 94, 133, 166, 86, 179, 76, 117, 128, 1, 124, 54, 35, 28, 2, 153, 58, 175, 167, 96, 108, 105, 14, 40, 18, 27, 156, 29, 66, 70, 74, 126, 23, 139, 134, 145, 178, 114, 31, 83, 138, 168, 62, 21, 104, 84, 163, 13, 169, 186, 9, 182, 115, 48, 140, 19, 39, 99, 72, 120, 131, 113, 25, 188, 7, 144, 112, 47, 64, 88, 37, 38, 155, 102, 132, 111, 75, 92, 125, 151, 95, 44, 81, 90, 164, 20, 146, 97, 142, 174, 154, 52, 87]","[24, 60, 153, 184, 92, 185, 13, 135, 34, 95, 143, 107, 17, 161, 63, 57, 176, 165, 88, 36, 103, 158, 128, 26, 168, 97, 105, 164, 98, 104, 188, 121, 102, 1, 29, 81, 84, 155, 162, 190, 3, 68, 179, 25, 14, 71, 82, 49, 12, 28, 83, 61, 51, 46, 78, 113, 55, 67, 139, 106, 35, 94, 126, 72, 85, 62, 87, 8, 93, 120, 0, 130, 124, 16, 70, 19, 119, 20, 131, 56, 39, 15, 50, 75, 74, 91, 89, 163, 171, 111, 187, 169, 166, 157, 137, 186]","[1, 13, 14, 19, 20, 25, 28, 29, 35, 39, 60, 62, 68, 70, 72, 74, 75, 81, 83, 84, 87, 88, 92, 94, 95, 97, 102, 104, 105, 111, 113, 120, 124, 126, 128, 131, 137, 139, 153, 155, 163, 164, 166, 168, 169, 179, 186, 188]"
94,"[60, 62, 179, 129, 146, 85, 47, 13, 169, 157, 143, 8, 21, 187, 29, 126, 66, 78, 160, 176, 95, 162, 165, 181, 10, 14, 92, 94, 127, 177, 172, 39, 87, 137, 110, 183, 164, 173, 148, 35, 59, 141, 188, 109, 186, 182, 156, 77, 161, 185, 30, 178, 152, 97, 31, 106, 120, 103, 155, 90, 69, 11, 41, 79, 75, 43, 54, 34, 12, 96, 101, 102, 133, 28, 67, 147, 167, 139, 191, 104, 18, 52, 49, 68, 153, 3, 84, 42, 63, 65, 168, 7, 15, 37, 82, 108]","[145, 134, 40, 21, 15, 142, 133, 166, 131, 182, 61, 28, 57, 155, 129, 137, 152, 108, 114, 98, 13, 88, 33, 91, 179, 24, 175, 159, 167, 4, 48, 80, 19, 101, 16, 188, 6, 14, 3, 85, 59, 121, 132, 123, 7, 18, 78, 84, 11, 173, 44, 32, 180, 52, 93, 183, 178, 36, 185, 160, 147, 120, 168, 172, 10, 122, 87, 0, 73, 127, 151, 190, 136, 143, 74, 55, 17, 56, 8, 174, 111, 5, 106, 171, 107, 35, 149, 115, 140, 124, 71, 92, 118, 38, 41, 58]","[3, 7, 8, 10, 11, 13, 14, 15, 18, 21, 28, 35, 41, 52, 59, 78, 84, 85, 87, 92, 101, 106, 108, 120, 127, 129, 133, 137, 143, 147, 152, 155, 160, 167, 168, 172, 173, 178, 179, 182, 183, 185, 188]"
95,"[51, 97, 164, 75, 114, 117, 131, 65, 177, 70, 35, 141, 22, 187, 61, 47, 79, 73, 181, 156, 182, 137, 160, 39, 37, 179, 145, 77, 28, 6, 138, 36, 87, 127, 91, 189, 95, 190, 45, 56, 15, 178, 162, 43, 21, 84, 175, 154, 86, 161, 81, 112, 85, 98, 186, 38, 80, 90, 171, 173, 8, 9, 60, 148, 130, 83, 119, 165, 109, 169, 13, 140, 100, 44, 20, 166, 115, 108, 17, 3, 133, 89, 10, 105, 159, 26, 113, 29, 144, 110, 52, 1, 71, 118, 11, 33]","[131, 121, 47, 150, 113, 79, 185, 35, 29, 66, 146, 75, 0, 18, 20, 1, 118, 62, 96, 180, 24, 46, 94, 92, 139, 19, 136, 184, 44, 173, 91, 67, 3, 57, 59, 103, 186, 23, 43, 165, 154, 61, 41, 71, 112, 38, 166, 156, 119, 100, 171, 158, 12, 188, 190, 73, 86, 177, 160, 189, 138, 175, 159, 145, 76, 109, 51, 147, 102, 170, 70, 10, 54, 50, 33, 187, 39, 174, 9, 127, 5, 63, 31, 37, 101, 115, 65, 172, 137, 95, 161, 45, 80, 7, 155, 85]","[1, 3, 9, 10, 20, 29, 33, 35, 37, 38, 39, 43, 44, 45, 47, 51, 61, 65, 70, 71, 73, 75, 79, 80, 85, 86, 91, 95, 100, 109, 112, 113, 115, 118, 119, 127, 131, 137, 138, 145, 154, 156, 159, 160, 161, 165, 166, 171, 173, 175, 177, 186, 187, 189, 190]"
96,"[168, 59, 107, 19, 150, 54, 163, 177, 78, 146, 46, 6, 158, 142, 166, 140, 117, 25, 62, 35, 132, 8, 60, 122, 105, 93, 26, 174, 175, 171, 2, 187, 125, 120, 76, 101, 134, 108, 53, 10, 159, 133, 1, 81, 21, 173, 127, 67, 84, 94, 80, 113, 160, 22, 169, 29, 104, 143, 181, 37, 186, 20, 15, 87, 52, 180, 151, 137, 130, 33, 31, 64, 183, 36, 97, 152, 75, 190, 40, 4, 95, 47, 90, 88, 162, 106, 115, 83, 34, 3, 13, 28, 138, 144, 56, 43]","[168, 153, 29, 115, 104, 8, 57, 152, 92, 46, 180, 31, 113, 162, 76, 77, 177, 143, 140, 84, 24, 171, 151, 145, 132, 74, 42, 19, 123, 52, 55, 54, 64, 187, 70, 165, 149, 167, 81, 40, 106, 69, 184, 172, 44, 12, 35, 65, 138, 85, 95, 83, 67, 88, 188, 53, 175, 186, 101, 45, 178, 98, 20, 9, 120, 97, 189, 1, 141, 66, 161, 28, 118, 131, 18, 63, 105, 119, 121, 169, 73, 124, 13, 181, 154, 93, 61, 176, 68, 82, 5, 72, 146, 36, 163, 157]","[1, 8, 13, 19, 20, 28, 29, 31, 35, 36, 40, 46, 52, 53, 54, 64, 67, 76, 81, 83, 84, 88, 93, 95, 97, 101, 104, 105, 106, 113, 115, 120, 132, 138, 140, 143, 146, 151, 152, 162, 163, 168, 169, 171, 175, 177, 180, 181, 186, 187]"
97,"[68, 82, 4, 173, 178, 75, 176, 155, 184, 14, 15, 55, 93, 62, 78, 42, 23, 133, 92, 85, 0, 153, 101, 174, 130, 103, 87, 159, 66, 56, 164, 48, 150, 24, 39, 84, 144, 139, 72, 188, 7, 73, 89, 108, 190, 157, 106, 158, 57, 6, 60, 79, 151, 183, 152, 166, 113, 167, 76, 63, 53, 132, 64, 99, 95, 171, 126, 91, 70, 20, 50, 52, 189, 69, 154, 142, 136, 11, 187, 17, 111, 114, 104, 61, 40, 21, 169, 147, 77, 96, 120, 191, 135, 162, 149, 148]","[182, 52, 183, 33, 65, 69, 119, 103, 97, 77, 170, 105, 17, 70, 112, 58, 151, 11, 41, 102, 10, 27, 5, 91, 64, 157, 162, 146, 100, 118, 76, 186, 99, 160, 22, 71, 53, 6, 150, 42, 140, 84, 9, 132, 94, 38, 188, 57, 124, 85, 12, 26, 136, 181, 111, 37, 143, 90, 14, 36, 18, 126, 23, 174, 28, 62, 79, 141, 138, 161, 178, 125, 148, 189, 167, 117, 175, 19, 44, 15, 147, 122, 135, 48, 4, 185, 87, 32, 156, 89, 34, 177, 159, 86, 130, 123]","[4, 6, 11, 14, 15, 17, 23, 42, 48, 52, 53, 57, 62, 64, 69, 70, 76, 77, 79, 84, 85, 87, 89, 91, 99, 103, 111, 126, 130, 132, 135, 136, 147, 148, 150, 151, 157, 159, 162, 167, 174, 178, 183, 188, 189]"
98,"[189, 0, 2, 75, 133, 14, 10, 69, 190, 123, 152, 182, 134, 81, 169, 167, 112, 151, 159, 131, 156, 93, 50, 188, 96, 72, 35, 178, 66, 87, 17, 5, 100, 90, 13, 24, 38, 31, 36, 173, 37, 1, 62, 122, 4, 51, 40, 191, 121, 187, 175, 6, 68, 42, 57, 80, 110, 111, 82, 18, 28, 47, 73, 135, 174, 147, 43, 63, 77, 3, 59, 79, 108, 149, 44, 150, 170, 120, 85, 186, 65, 129, 113, 95, 144, 164, 53, 8, 71, 107, 76, 16, 138, 27, 92, 160]","[169, 19, 181, 41, 173, 70, 132, 28, 106, 191, 27, 95, 24, 86, 161, 6, 22, 20, 5, 189, 153, 34, 72, 124, 157, 136, 91, 159, 21, 76, 60, 45, 17, 67, 138, 81, 7, 110, 42, 36, 125, 135, 133, 33, 185, 166, 0, 112, 62, 58, 39, 3, 48, 116, 145, 120, 50, 25, 54, 174, 37, 184, 149, 140, 74, 144, 2, 94, 130, 63, 59, 89, 103, 150, 172, 167, 30, 64, 69, 31, 79, 165, 119, 121, 78, 160, 113, 71, 141, 80, 90, 61, 1, 128, 92, 104]","[0, 1, 2, 3, 5, 6, 17, 24, 27, 28, 31, 36, 37, 42, 50, 59, 62, 63, 69, 71, 72, 76, 79, 80, 81, 90, 92, 95, 110, 112, 113, 120, 121, 133, 135, 138, 144, 149, 150, 159, 160, 167, 169, 173, 174, 189, 191]"
99,"[115, 123, 40, 120, 147, 188, 117, 149, 77, 70, 55, 48, 16, 30, 15, 160, 90, 125, 43, 42, 168, 133, 28, 41, 91, 19, 98, 17, 144, 10, 109, 180, 182, 72, 183, 38, 75, 130, 191, 18, 23, 126, 174, 114, 81, 163, 142, 82, 94, 65, 153, 111, 105, 2, 121, 189, 6, 135, 101, 89, 165, 156, 93, 113, 148, 164, 78, 146, 62, 46, 178, 110, 22, 21, 145, 128, 129, 118, 44, 83, 3, 63, 181, 35, 76, 20, 85, 71, 34, 13, 64, 139, 61, 4, 36, 127]","[14, 170, 10, 7, 25, 74, 183, 19, 93, 18, 5, 55, 157, 95, 24, 155, 49, 8, 26, 73, 43, 174, 179, 22, 51, 28, 91, 105, 45, 42, 40, 71, 144, 107, 79, 50, 111, 110, 178, 108, 81, 6, 20, 167, 113, 96, 188, 31, 121, 30, 124, 11, 23, 94, 59, 77, 127, 191, 36, 78, 150, 97, 82, 39, 66, 171, 9, 161, 145, 104, 54, 84, 13, 99, 102, 48, 153, 184, 47, 173, 60, 114, 177, 159, 118, 32, 115, 119, 57, 128, 117, 52, 33, 89, 63, 175]","[6, 10, 13, 18, 19, 20, 22, 23, 28, 30, 36, 40, 42, 43, 48, 55, 63, 71, 77, 78, 81, 82, 89, 91, 93, 94, 105, 110, 111, 113, 114, 115, 117, 118, 121, 127, 128, 144, 145, 153, 174, 178, 183, 188, 191]"
